hospital_340b_id,hospital_name,ccn,contract_pharmacy_name,pharmacy_address,status,effective_date,likely_distributor
DSH210001,Regional Medical Center 1,210001,Rite Aid,"752 Main St, City 1",Active,2020-01-01,McKesson
DSH210001,Regional Medical Center 1,210001,Walgreens,"778 Main St, City 1",Active,2020-01-01,Cardinal Health
DSH210001,Regional Medical Center 1,210001,Rite Aid,"496 Main St, City 1",Active,2020-01-01,McKesson
DSH210001,Regional Medical Center 1,210001,Walmart Pharmacy,"739 Main St, City 1",Active,2020-01-01,McKesson
DSH210001,Regional Medical Center 1,210001,Rite Aid,"670 Main St, City 1",Active,2020-01-01,McKesson
DSH210001,Regional Medical Center 1,210001,Rite Aid,"539 Main St, City 1",Active,2020-01-01,McKesson
DSH210001,Regional Medical Center 1,210001,CVS Pharmacy,"243 Main St, City 1",Active,2020-01-01,McKesson
DSH210001,Regional Medical Center 1,210001,Walgreens,"283 Main St, City 1",Active,2020-01-01,Cardinal Health
DSH210001,Regional Medical Center 1,210001,CVS Pharmacy,"961 Main St, City 1",Active,2020-01-01,McKesson
DSH210001,Regional Medical Center 1,210001,Walgreens,"666 Main St, City 1",Active,2020-01-01,Cardinal Health
DSH210001,Regional Medical Center 1,210001,Rite Aid,"901 Main St, City 1",Active,2020-01-01,McKesson
DSH210001,Regional Medical Center 1,210001,Walmart Pharmacy,"214 Main St, City 1",Active,2020-01-01,McKesson
DSH210001,Regional Medical Center 1,210001,Walgreens,"651 Main St, City 1",Active,2020-01-01,Cardinal Health
DSH210001,Regional Medical Center 1,210001,CVS Pharmacy,"210 Main St, City 1",Active,2020-01-01,McKesson
DSH210001,Regional Medical Center 1,210001,Rite Aid,"161 Main St, City 1",Active,2020-01-01,McKesson
DSH210001,Regional Medical Center 1,210001,Walgreens,"600 Main St, City 1",Active,2020-01-01,Cardinal Health
DSH210001,Regional Medical Center 1,210001,Walmart Pharmacy,"691 Main St, City 1",Active,2020-01-01,McKesson
DSH210002,Hospital Center 2 - North,210002,CVS Pharmacy,"891 Main St, City 2",Active,2020-01-01,McKesson
DSH210002,Hospital Center 2 - North,210002,CVS Pharmacy,"495 Main St, City 2",Active,2020-01-01,McKesson
DSH210002,Hospital Center 2 - North,210002,Walgreens,"979 Main St, City 2",Active,2020-01-01,Cardinal Health
DSH210002,Hospital Center 2 - North,210002,Walmart Pharmacy,"656 Main St, City 2",Active,2020-01-01,McKesson
DSH210002,Hospital Center 2 - North,210002,Walmart Pharmacy,"972 Main St, City 2",Active,2020-01-01,McKesson
DSH210002,Hospital Center 2 - North,210002,Rite Aid,"139 Main St, City 2",Active,2020-01-01,McKesson
DSH210002,Hospital Center 2 - North,210002,Walmart Pharmacy,"517 Main St, City 2",Active,2020-01-01,McKesson
DSH210002,Hospital Center 2 - North,210002,Walmart Pharmacy,"564 Main St, City 2",Active,2020-01-01,McKesson
DSH210002,Hospital Center 2 - North,210002,CVS Pharmacy,"889 Main St, City 2",Active,2020-01-01,McKesson
DSH210002,Hospital Center 2 - North,210002,Rite Aid,"519 Main St, City 2",Active,2020-01-01,McKesson
DSH210002,Hospital Center 2 - North,210002,Walmart Pharmacy,"156 Main St, City 2",Active,2020-01-01,McKesson
DSH210002,Hospital Center 2 - North,210002,Walmart Pharmacy,"861 Main St, City 2",Active,2020-01-01,McKesson
DSH210002,Hospital Center 2 - North,210002,Rite Aid,"686 Main St, City 2",Active,2020-01-01,McKesson
DSH210002,Hospital Center 2 - North,210002,Walgreens,"553 Main St, City 2",Active,2020-01-01,Cardinal Health
DSH210002,Hospital Center 2 - North,210002,CVS Pharmacy,"770 Main St, City 2",Active,2020-01-01,McKesson
DSH210002,Hospital Center 2 - North,210002,Walmart Pharmacy,"776 Main St, City 2",Active,2020-01-01,McKesson
DSH210002,Hospital Center 2 - North,210002,Rite Aid,"238 Main St, City 2",Active,2020-01-01,McKesson
DSH210002,Hospital Center 2 - North,210002,Walgreens,"886 Main St, City 2",Active,2020-01-01,Cardinal Health
DSH210002,Hospital Center 2 - North,210002,Walgreens,"847 Main St, City 2",Active,2020-01-01,Cardinal Health
DSH210002,Hospital Center 2 - North,210002,Walgreens,"122 Main St, City 2",Active,2020-01-01,Cardinal Health
DSH210002,Hospital Center 2 - North,210002,CVS Pharmacy,"981 Main St, City 2",Active,2020-01-01,McKesson
DSH210002,Hospital Center 2 - North,210002,Walmart Pharmacy,"396 Main St, City 2",Active,2020-01-01,McKesson
DSH210002,Hospital Center 2 - North,210002,Rite Aid,"237 Main St, City 2",Active,2020-01-01,McKesson
DSH210002,Hospital Center 2 - North,210002,Walgreens,"594 Main St, City 2",Active,2020-01-01,Cardinal Health
DSH210002,Hospital Center 2 - North,210002,CVS Pharmacy,"517 Main St, City 2",Active,2020-01-01,McKesson
DSH210002,Hospital Center 2 - North,210002,Walgreens,"612 Main St, City 2",Active,2020-01-01,Cardinal Health
DSH210002,Hospital Center 2 - North,210002,Walgreens,"716 Main St, City 2",Active,2020-01-01,Cardinal Health
DSH210002,Hospital Center 2 - North,210002,Rite Aid,"786 Main St, City 2",Active,2020-01-01,McKesson
DSH210002,Hospital Center 2 - North,210002,Walgreens,"604 Main St, City 2",Active,2020-01-01,Cardinal Health
DSH210002,Hospital Center 2 - North,210002,Rite Aid,"755 Main St, City 2",Active,2020-01-01,McKesson
DSH210002,Hospital Center 2 - North,210002,Rite Aid,"421 Main St, City 2",Active,2020-01-01,McKesson
DSH210002,Hospital Center 2 - North,210002,Walmart Pharmacy,"884 Main St, City 2",Active,2020-01-01,McKesson
DSH210002,Hospital Center 2 - North,210002,Walgreens,"373 Main St, City 2",Active,2020-01-01,Cardinal Health
DSH210002,Hospital Center 2 - North,210002,CVS Pharmacy,"430 Main St, City 2",Active,2020-01-01,McKesson
DSH210002,Hospital Center 2 - North,210002,Rite Aid,"288 Main St, City 2",Active,2020-01-01,McKesson
DSH210002,Hospital Center 2 - North,210002,Rite Aid,"259 Main St, City 2",Active,2020-01-01,McKesson
DSH210002,Hospital Center 2 - North,210002,Walmart Pharmacy,"763 Main St, City 2",Active,2020-01-01,McKesson
DSH210002,Hospital Center 2 - North,210002,Walmart Pharmacy,"795 Main St, City 2",Active,2020-01-01,McKesson
DSH210002,Hospital Center 2 - North,210002,Walgreens,"610 Main St, City 2",Active,2020-01-01,Cardinal Health
DSH210002,Hospital Center 2 - North,210002,CVS Pharmacy,"785 Main St, City 2",Active,2020-01-01,McKesson
DSH210002,Hospital Center 2 - North,210002,Walgreens,"711 Main St, City 2",Active,2020-01-01,Cardinal Health
DSH210002,Hospital Center 2 - North,210002,Walgreens,"174 Main St, City 2",Active,2020-01-01,Cardinal Health
DSH210002,Hospital Center 2 - North,210002,CVS Pharmacy,"273 Main St, City 2",Active,2020-01-01,McKesson
DSH210002,Hospital Center 2 - North,210002,Walmart Pharmacy,"805 Main St, City 2",Active,2020-01-01,McKesson
DSH210002,Hospital Center 2 - North,210002,Walgreens,"785 Main St, City 2",Active,2020-01-01,Cardinal Health
DSH210002,Hospital Center 2 - North,210002,Walmart Pharmacy,"858 Main St, City 2",Active,2020-01-01,McKesson
DSH210002,Hospital Center 2 - North,210002,Walmart Pharmacy,"650 Main St, City 2",Active,2020-01-01,McKesson
DSH210002,Hospital Center 2 - North,210002,CVS Pharmacy,"159 Main St, City 2",Active,2020-01-01,McKesson
DSH210002,Hospital Center 2 - North,210002,Walgreens,"704 Main St, City 2",Active,2020-01-01,Cardinal Health
DSH210002,Hospital Center 2 - North,210002,Walgreens,"721 Main St, City 2",Active,2020-01-01,Cardinal Health
DSH210002,Hospital Center 2 - North,210002,Walmart Pharmacy,"965 Main St, City 2",Active,2020-01-01,McKesson
DSH210002,Hospital Center 2 - North,210002,CVS Pharmacy,"992 Main St, City 2",Active,2020-01-01,McKesson
DSH210002,Hospital Center 2 - North,210002,Rite Aid,"140 Main St, City 2",Active,2020-01-01,McKesson
DSH210002,Hospital Center 2 - North,210002,Walmart Pharmacy,"181 Main St, City 2",Active,2020-01-01,McKesson
DSH210002,Hospital Center 2 - North,210002,Walmart Pharmacy,"852 Main St, City 2",Active,2020-01-01,McKesson
DSH210002,Hospital Center 2 - North,210002,Walmart Pharmacy,"945 Main St, City 2",Active,2020-01-01,McKesson
DSH210002,Hospital Center 2 - North,210002,Rite Aid,"972 Main St, City 2",Active,2020-01-01,McKesson
DSH210002,Hospital Center 2 - North,210002,Rite Aid,"391 Main St, City 2",Active,2020-01-01,McKesson
DSH210002,Hospital Center 2 - North,210002,Walmart Pharmacy,"253 Main St, City 2",Active,2020-01-01,McKesson
DSH210002,Hospital Center 2 - North,210002,Walgreens,"845 Main St, City 2",Active,2020-01-01,Cardinal Health
DSH210002,Hospital Center 2 - North,210002,CVS Pharmacy,"628 Main St, City 2",Active,2020-01-01,McKesson
DSH210002,Hospital Center 2 - North,210002,Walgreens,"491 Main St, City 2",Active,2020-01-01,Cardinal Health
DSH210002,Hospital Center 2 - North,210002,Walgreens,"172 Main St, City 2",Active,2020-01-01,Cardinal Health
DSH210002,Hospital Center 2 - North,210002,Rite Aid,"382 Main St, City 2",Active,2020-01-01,McKesson
DSH210002,Hospital Center 2 - North,210002,CVS Pharmacy,"870 Main St, City 2",Active,2020-01-01,McKesson
DSH210002,Hospital Center 2 - North,210002,Rite Aid,"990 Main St, City 2",Active,2020-01-01,McKesson
DSH210002,Hospital Center 2 - North,210002,Rite Aid,"664 Main St, City 2",Active,2020-01-01,McKesson
DSH210002,Hospital Center 2 - North,210002,Rite Aid,"219 Main St, City 2",Active,2020-01-01,McKesson
DSH210002,Hospital Center 2 - North,210002,Walgreens,"102 Main St, City 2",Active,2020-01-01,Cardinal Health
DSH210002,Hospital Center 2 - North,210002,Walgreens,"348 Main St, City 2",Active,2020-01-01,Cardinal Health
DSH210003,Regional Medical Center 3,210003,Walmart Pharmacy,"295 Main St, City 3",Active,2020-01-01,McKesson
DSH210003,Regional Medical Center 3,210003,Walmart Pharmacy,"515 Main St, City 3",Active,2020-01-01,McKesson
DSH210003,Regional Medical Center 3,210003,CVS Pharmacy,"754 Main St, City 3",Active,2020-01-01,McKesson
DSH210003,Regional Medical Center 3,210003,CVS Pharmacy,"431 Main St, City 3",Active,2020-01-01,McKesson
DSH210003,Regional Medical Center 3,210003,Walmart Pharmacy,"887 Main St, City 3",Active,2020-01-01,McKesson
DSH210003,Regional Medical Center 3,210003,CVS Pharmacy,"858 Main St, City 3",Active,2020-01-01,McKesson
DSH210003,Regional Medical Center 3,210003,CVS Pharmacy,"281 Main St, City 3",Active,2020-01-01,McKesson
DSH210003,Regional Medical Center 3,210003,Rite Aid,"735 Main St, City 3",Active,2020-01-01,McKesson
DSH210003,Regional Medical Center 3,210003,Walgreens,"347 Main St, City 3",Active,2020-01-01,Cardinal Health
DSH210003,Regional Medical Center 3,210003,CVS Pharmacy,"950 Main St, City 3",Active,2020-01-01,McKesson
DSH210003,Regional Medical Center 3,210003,Rite Aid,"830 Main St, City 3",Active,2020-01-01,McKesson
DSH210003,Regional Medical Center 3,210003,Walmart Pharmacy,"677 Main St, City 3",Active,2020-01-01,McKesson
DSH210003,Regional Medical Center 3,210003,CVS Pharmacy,"838 Main St, City 3",Active,2020-01-01,McKesson
DSH210003,Regional Medical Center 3,210003,Rite Aid,"385 Main St, City 3",Active,2020-01-01,McKesson
DSH210003,Regional Medical Center 3,210003,Walgreens,"449 Main St, City 3",Active,2020-01-01,Cardinal Health
DSH210003,Regional Medical Center 3,210003,Rite Aid,"105 Main St, City 3",Active,2020-01-01,McKesson
DSH210003,Regional Medical Center 3,210003,Walgreens,"489 Main St, City 3",Active,2020-01-01,Cardinal Health
DSH210003,Regional Medical Center 3,210003,Walmart Pharmacy,"862 Main St, City 3",Active,2020-01-01,McKesson
DSH210003,Regional Medical Center 3,210003,Walgreens,"667 Main St, City 3",Active,2020-01-01,Cardinal Health
DSH210003,Regional Medical Center 3,210003,Walmart Pharmacy,"205 Main St, City 3",Active,2020-01-01,McKesson
DSH210003,Regional Medical Center 3,210003,CVS Pharmacy,"505 Main St, City 3",Active,2020-01-01,McKesson
DSH210003,Regional Medical Center 3,210003,Rite Aid,"235 Main St, City 3",Active,2020-01-01,McKesson
DSH210003,Regional Medical Center 3,210003,Walgreens,"460 Main St, City 3",Active,2020-01-01,Cardinal Health
DSH210003,Regional Medical Center 3,210003,Rite Aid,"572 Main St, City 3",Active,2020-01-01,McKesson
DSH210003,Regional Medical Center 3,210003,Rite Aid,"519 Main St, City 3",Active,2020-01-01,McKesson
DSH210003,Regional Medical Center 3,210003,Rite Aid,"483 Main St, City 3",Active,2020-01-01,McKesson
DSH210003,Regional Medical Center 3,210003,CVS Pharmacy,"156 Main St, City 3",Active,2020-01-01,McKesson
DSH210003,Regional Medical Center 3,210003,Rite Aid,"654 Main St, City 3",Active,2020-01-01,McKesson
DSH210003,Regional Medical Center 3,210003,Walmart Pharmacy,"864 Main St, City 3",Active,2020-01-01,McKesson
DSH210003,Regional Medical Center 3,210003,Walmart Pharmacy,"848 Main St, City 3",Active,2020-01-01,McKesson
DSH210003,Regional Medical Center 3,210003,Rite Aid,"988 Main St, City 3",Active,2020-01-01,McKesson
DSH210003,Regional Medical Center 3,210003,Walmart Pharmacy,"156 Main St, City 3",Active,2020-01-01,McKesson
DSH210003,Regional Medical Center 3,210003,Walmart Pharmacy,"438 Main St, City 3",Active,2020-01-01,McKesson
DSH210003,Regional Medical Center 3,210003,Walgreens,"216 Main St, City 3",Active,2020-01-01,Cardinal Health
DSH210003,Regional Medical Center 3,210003,Rite Aid,"696 Main St, City 3",Active,2020-01-01,McKesson
DSH210003,Regional Medical Center 3,210003,Walmart Pharmacy,"147 Main St, City 3",Active,2020-01-01,McKesson
DSH210003,Regional Medical Center 3,210003,Rite Aid,"982 Main St, City 3",Active,2020-01-01,McKesson
DSH210003,Regional Medical Center 3,210003,Rite Aid,"224 Main St, City 3",Active,2020-01-01,McKesson
DSH210003,Regional Medical Center 3,210003,Walmart Pharmacy,"180 Main St, City 3",Active,2020-01-01,McKesson
DSH210003,Regional Medical Center 3,210003,Walgreens,"535 Main St, City 3",Active,2020-01-01,Cardinal Health
DSH210003,Regional Medical Center 3,210003,Walmart Pharmacy,"901 Main St, City 3",Active,2020-01-01,McKesson
DSH210003,Regional Medical Center 3,210003,Rite Aid,"974 Main St, City 3",Active,2020-01-01,McKesson
DSH210003,Regional Medical Center 3,210003,Walmart Pharmacy,"164 Main St, City 3",Active,2020-01-01,McKesson
DSH210003,Regional Medical Center 3,210003,Walmart Pharmacy,"361 Main St, City 3",Active,2020-01-01,McKesson
DSH210003,Regional Medical Center 3,210003,Walgreens,"452 Main St, City 3",Active,2020-01-01,Cardinal Health
DSH210003,Regional Medical Center 3,210003,Walmart Pharmacy,"301 Main St, City 3",Active,2020-01-01,McKesson
DSH210003,Regional Medical Center 3,210003,Walmart Pharmacy,"929 Main St, City 3",Active,2020-01-01,McKesson
DSH210003,Regional Medical Center 3,210003,CVS Pharmacy,"301 Main St, City 3",Active,2020-01-01,McKesson
DSH210003,Regional Medical Center 3,210003,Walgreens,"471 Main St, City 3",Active,2020-01-01,Cardinal Health
DSH210003,Regional Medical Center 3,210003,Walmart Pharmacy,"571 Main St, City 3",Active,2020-01-01,McKesson
DSH210003,Regional Medical Center 3,210003,Walmart Pharmacy,"881 Main St, City 3",Active,2020-01-01,McKesson
DSH210003,Regional Medical Center 3,210003,CVS Pharmacy,"563 Main St, City 3",Active,2020-01-01,McKesson
DSH210003,Regional Medical Center 3,210003,Rite Aid,"201 Main St, City 3",Active,2020-01-01,McKesson
DSH210003,Regional Medical Center 3,210003,CVS Pharmacy,"736 Main St, City 3",Active,2020-01-01,McKesson
DSH210003,Regional Medical Center 3,210003,Walmart Pharmacy,"341 Main St, City 3",Active,2020-01-01,McKesson
DSH210003,Regional Medical Center 3,210003,Rite Aid,"262 Main St, City 3",Active,2020-01-01,McKesson
DSH210003,Regional Medical Center 3,210003,Rite Aid,"877 Main St, City 3",Active,2020-01-01,McKesson
DSH210003,Regional Medical Center 3,210003,Walgreens,"780 Main St, City 3",Active,2020-01-01,Cardinal Health
DSH210003,Regional Medical Center 3,210003,Walmart Pharmacy,"433 Main St, City 3",Active,2020-01-01,McKesson
DSH210003,Regional Medical Center 3,210003,CVS Pharmacy,"495 Main St, City 3",Active,2020-01-01,McKesson
DSH210003,Regional Medical Center 3,210003,Walgreens,"869 Main St, City 3",Active,2020-01-01,Cardinal Health
DSH210003,Regional Medical Center 3,210003,Walgreens,"464 Main St, City 3",Active,2020-01-01,Cardinal Health
DSH210003,Regional Medical Center 3,210003,Walmart Pharmacy,"672 Main St, City 3",Active,2020-01-01,McKesson
DSH210003,Regional Medical Center 3,210003,Walmart Pharmacy,"861 Main St, City 3",Active,2020-01-01,McKesson
DSH210003,Regional Medical Center 3,210003,Walmart Pharmacy,"986 Main St, City 3",Active,2020-01-01,McKesson
DSH210003,Regional Medical Center 3,210003,CVS Pharmacy,"455 Main St, City 3",Active,2020-01-01,McKesson
DSH210004,Hospital Center 4 - North,210004,Walmart Pharmacy,"244 Main St, City 4",Active,2020-01-01,McKesson
DSH210004,Hospital Center 4 - North,210004,CVS Pharmacy,"337 Main St, City 4",Active,2020-01-01,McKesson
DSH210004,Hospital Center 4 - North,210004,Rite Aid,"961 Main St, City 4",Active,2020-01-01,McKesson
DSH210004,Hospital Center 4 - North,210004,Walmart Pharmacy,"537 Main St, City 4",Active,2020-01-01,McKesson
DSH210004,Hospital Center 4 - North,210004,Rite Aid,"343 Main St, City 4",Active,2020-01-01,McKesson
DSH210004,Hospital Center 4 - North,210004,Walmart Pharmacy,"159 Main St, City 4",Active,2020-01-01,McKesson
DSH210004,Hospital Center 4 - North,210004,CVS Pharmacy,"517 Main St, City 4",Active,2020-01-01,McKesson
DSH210004,Hospital Center 4 - North,210004,Walgreens,"183 Main St, City 4",Active,2020-01-01,Cardinal Health
DSH210004,Hospital Center 4 - North,210004,Walmart Pharmacy,"965 Main St, City 4",Active,2020-01-01,McKesson
DSH210004,Hospital Center 4 - North,210004,Walgreens,"805 Main St, City 4",Active,2020-01-01,Cardinal Health
DSH210004,Hospital Center 4 - North,210004,Rite Aid,"866 Main St, City 4",Active,2020-01-01,McKesson
DSH210004,Hospital Center 4 - North,210004,Walmart Pharmacy,"643 Main St, City 4",Active,2020-01-01,McKesson
DSH210004,Hospital Center 4 - North,210004,Walgreens,"465 Main St, City 4",Active,2020-01-01,Cardinal Health
DSH210004,Hospital Center 4 - North,210004,Walmart Pharmacy,"180 Main St, City 4",Active,2020-01-01,McKesson
DSH210004,Hospital Center 4 - North,210004,Rite Aid,"961 Main St, City 4",Active,2020-01-01,McKesson
DSH210004,Hospital Center 4 - North,210004,CVS Pharmacy,"105 Main St, City 4",Active,2020-01-01,McKesson
DSH210004,Hospital Center 4 - North,210004,Walgreens,"207 Main St, City 4",Active,2020-01-01,Cardinal Health
DSH210004,Hospital Center 4 - North,210004,Rite Aid,"506 Main St, City 4",Active,2020-01-01,McKesson
DSH210004,Hospital Center 4 - North,210004,Rite Aid,"509 Main St, City 4",Active,2020-01-01,McKesson
DSH210004,Hospital Center 4 - North,210004,Walgreens,"546 Main St, City 4",Active,2020-01-01,Cardinal Health
DSH210004,Hospital Center 4 - North,210004,Walmart Pharmacy,"395 Main St, City 4",Active,2020-01-01,McKesson
DSH210004,Hospital Center 4 - North,210004,CVS Pharmacy,"220 Main St, City 4",Active,2020-01-01,McKesson
DSH210004,Hospital Center 4 - North,210004,Walgreens,"744 Main St, City 4",Active,2020-01-01,Cardinal Health
DSH210004,Hospital Center 4 - North,210004,Walgreens,"224 Main St, City 4",Active,2020-01-01,Cardinal Health
DSH210004,Hospital Center 4 - North,210004,CVS Pharmacy,"162 Main St, City 4",Active,2020-01-01,McKesson
DSH210004,Hospital Center 4 - North,210004,Walgreens,"986 Main St, City 4",Active,2020-01-01,Cardinal Health
DSH210004,Hospital Center 4 - North,210004,Rite Aid,"364 Main St, City 4",Active,2020-01-01,McKesson
DSH210004,Hospital Center 4 - North,210004,Rite Aid,"460 Main St, City 4",Active,2020-01-01,McKesson
DSH210004,Hospital Center 4 - North,210004,Rite Aid,"255 Main St, City 4",Active,2020-01-01,McKesson
DSH210004,Hospital Center 4 - North,210004,Walgreens,"231 Main St, City 4",Active,2020-01-01,Cardinal Health
DSH210004,Hospital Center 4 - North,210004,Rite Aid,"354 Main St, City 4",Active,2020-01-01,McKesson
DSH210004,Hospital Center 4 - North,210004,Rite Aid,"585 Main St, City 4",Active,2020-01-01,McKesson
DSH210004,Hospital Center 4 - North,210004,Rite Aid,"593 Main St, City 4",Active,2020-01-01,McKesson
DSH210004,Hospital Center 4 - North,210004,Walmart Pharmacy,"767 Main St, City 4",Active,2020-01-01,McKesson
DSH210004,Hospital Center 4 - North,210004,Rite Aid,"391 Main St, City 4",Active,2020-01-01,McKesson
DSH210004,Hospital Center 4 - North,210004,Rite Aid,"751 Main St, City 4",Active,2020-01-01,McKesson
DSH210004,Hospital Center 4 - North,210004,Rite Aid,"485 Main St, City 4",Active,2020-01-01,McKesson
DSH210004,Hospital Center 4 - North,210004,Walmart Pharmacy,"271 Main St, City 4",Active,2020-01-01,McKesson
DSH210004,Hospital Center 4 - North,210004,CVS Pharmacy,"882 Main St, City 4",Active,2020-01-01,McKesson
DSH210004,Hospital Center 4 - North,210004,CVS Pharmacy,"755 Main St, City 4",Active,2020-01-01,McKesson
DSH210004,Hospital Center 4 - North,210004,Walmart Pharmacy,"827 Main St, City 4",Active,2020-01-01,McKesson
DSH210004,Hospital Center 4 - North,210004,Walgreens,"227 Main St, City 4",Active,2020-01-01,Cardinal Health
DSH210004,Hospital Center 4 - North,210004,Walgreens,"746 Main St, City 4",Active,2020-01-01,Cardinal Health
DSH210004,Hospital Center 4 - North,210004,Walgreens,"309 Main St, City 4",Active,2020-01-01,Cardinal Health
DSH210004,Hospital Center 4 - North,210004,Walgreens,"953 Main St, City 4",Active,2020-01-01,Cardinal Health
DSH210004,Hospital Center 4 - North,210004,Walgreens,"458 Main St, City 4",Active,2020-01-01,Cardinal Health
DSH210004,Hospital Center 4 - North,210004,Walgreens,"311 Main St, City 4",Active,2020-01-01,Cardinal Health
DSH210004,Hospital Center 4 - North,210004,Rite Aid,"655 Main St, City 4",Active,2020-01-01,McKesson
DSH210005,Regional Medical Center 5,210005,Walgreens,"186 Main St, City 5",Active,2020-01-01,Cardinal Health
DSH210005,Regional Medical Center 5,210005,Rite Aid,"496 Main St, City 5",Active,2020-01-01,McKesson
DSH210005,Regional Medical Center 5,210005,Walgreens,"722 Main St, City 5",Active,2020-01-01,Cardinal Health
DSH210005,Regional Medical Center 5,210005,Walgreens,"494 Main St, City 5",Active,2020-01-01,Cardinal Health
DSH210005,Regional Medical Center 5,210005,Walmart Pharmacy,"883 Main St, City 5",Active,2020-01-01,McKesson
DSH210005,Regional Medical Center 5,210005,CVS Pharmacy,"702 Main St, City 5",Active,2020-01-01,McKesson
DSH210005,Regional Medical Center 5,210005,Walmart Pharmacy,"872 Main St, City 5",Active,2020-01-01,McKesson
DSH210005,Regional Medical Center 5,210005,CVS Pharmacy,"314 Main St, City 5",Active,2020-01-01,McKesson
DSH210005,Regional Medical Center 5,210005,Walgreens,"825 Main St, City 5",Active,2020-01-01,Cardinal Health
DSH210005,Regional Medical Center 5,210005,CVS Pharmacy,"884 Main St, City 5",Active,2020-01-01,McKesson
DSH210005,Regional Medical Center 5,210005,Walmart Pharmacy,"784 Main St, City 5",Active,2020-01-01,McKesson
DSH210005,Regional Medical Center 5,210005,Rite Aid,"476 Main St, City 5",Active,2020-01-01,McKesson
DSH210005,Regional Medical Center 5,210005,Walmart Pharmacy,"639 Main St, City 5",Active,2020-01-01,McKesson
DSH210005,Regional Medical Center 5,210005,CVS Pharmacy,"991 Main St, City 5",Active,2020-01-01,McKesson
DSH210005,Regional Medical Center 5,210005,Walgreens,"204 Main St, City 5",Active,2020-01-01,Cardinal Health
DSH210005,Regional Medical Center 5,210005,Rite Aid,"222 Main St, City 5",Active,2020-01-01,McKesson
DSH210005,Regional Medical Center 5,210005,Rite Aid,"498 Main St, City 5",Active,2020-01-01,McKesson
DSH210005,Regional Medical Center 5,210005,Walmart Pharmacy,"734 Main St, City 5",Active,2020-01-01,McKesson
DSH210005,Regional Medical Center 5,210005,Rite Aid,"620 Main St, City 5",Active,2020-01-01,McKesson
DSH210005,Regional Medical Center 5,210005,Walmart Pharmacy,"177 Main St, City 5",Active,2020-01-01,McKesson
DSH210005,Regional Medical Center 5,210005,Rite Aid,"181 Main St, City 5",Active,2020-01-01,McKesson
DSH210005,Regional Medical Center 5,210005,CVS Pharmacy,"964 Main St, City 5",Active,2020-01-01,McKesson
DSH210005,Regional Medical Center 5,210005,Rite Aid,"422 Main St, City 5",Active,2020-01-01,McKesson
DSH210005,Regional Medical Center 5,210005,Walgreens,"853 Main St, City 5",Active,2020-01-01,Cardinal Health
DSH210005,Regional Medical Center 5,210005,Rite Aid,"771 Main St, City 5",Active,2020-01-01,McKesson
DSH210005,Regional Medical Center 5,210005,Rite Aid,"768 Main St, City 5",Active,2020-01-01,McKesson
DSH210005,Regional Medical Center 5,210005,CVS Pharmacy,"565 Main St, City 5",Active,2020-01-01,McKesson
DSH210005,Regional Medical Center 5,210005,CVS Pharmacy,"380 Main St, City 5",Active,2020-01-01,McKesson
DSH210005,Regional Medical Center 5,210005,Walgreens,"413 Main St, City 5",Active,2020-01-01,Cardinal Health
DSH210005,Regional Medical Center 5,210005,CVS Pharmacy,"397 Main St, City 5",Active,2020-01-01,McKesson
DSH210005,Regional Medical Center 5,210005,Walmart Pharmacy,"931 Main St, City 5",Active,2020-01-01,McKesson
DSH210005,Regional Medical Center 5,210005,CVS Pharmacy,"581 Main St, City 5",Active,2020-01-01,McKesson
DSH210005,Regional Medical Center 5,210005,Walmart Pharmacy,"521 Main St, City 5",Active,2020-01-01,McKesson
DSH210005,Regional Medical Center 5,210005,Walgreens,"615 Main St, City 5",Active,2020-01-01,Cardinal Health
DSH210005,Regional Medical Center 5,210005,CVS Pharmacy,"823 Main St, City 5",Active,2020-01-01,McKesson
DSH210005,Regional Medical Center 5,210005,Walmart Pharmacy,"514 Main St, City 5",Active,2020-01-01,McKesson
DSH210005,Regional Medical Center 5,210005,Rite Aid,"145 Main St, City 5",Active,2020-01-01,McKesson
DSH210005,Regional Medical Center 5,210005,CVS Pharmacy,"410 Main St, City 5",Active,2020-01-01,McKesson
DSH210005,Regional Medical Center 5,210005,CVS Pharmacy,"714 Main St, City 5",Active,2020-01-01,McKesson
DSH210005,Regional Medical Center 5,210005,Rite Aid,"163 Main St, City 5",Active,2020-01-01,McKesson
DSH210005,Regional Medical Center 5,210005,Rite Aid,"685 Main St, City 5",Active,2020-01-01,McKesson
DSH210006,Hospital Center 6 - North,210006,Walmart Pharmacy,"206 Main St, City 6",Active,2020-01-01,McKesson
DSH210006,Hospital Center 6 - North,210006,Walmart Pharmacy,"525 Main St, City 6",Active,2020-01-01,McKesson
DSH210006,Hospital Center 6 - North,210006,CVS Pharmacy,"733 Main St, City 6",Active,2020-01-01,McKesson
DSH210006,Hospital Center 6 - North,210006,Rite Aid,"211 Main St, City 6",Active,2020-01-01,McKesson
DSH210006,Hospital Center 6 - North,210006,Rite Aid,"379 Main St, City 6",Active,2020-01-01,McKesson
DSH210006,Hospital Center 6 - North,210006,Walgreens,"381 Main St, City 6",Active,2020-01-01,Cardinal Health
DSH210006,Hospital Center 6 - North,210006,Rite Aid,"516 Main St, City 6",Active,2020-01-01,McKesson
DSH210006,Hospital Center 6 - North,210006,CVS Pharmacy,"433 Main St, City 6",Active,2020-01-01,McKesson
DSH210006,Hospital Center 6 - North,210006,Rite Aid,"441 Main St, City 6",Active,2020-01-01,McKesson
DSH210006,Hospital Center 6 - North,210006,Walgreens,"105 Main St, City 6",Active,2020-01-01,Cardinal Health
DSH210006,Hospital Center 6 - North,210006,CVS Pharmacy,"511 Main St, City 6",Active,2020-01-01,McKesson
DSH210006,Hospital Center 6 - North,210006,Walgreens,"215 Main St, City 6",Active,2020-01-01,Cardinal Health
DSH210006,Hospital Center 6 - North,210006,Rite Aid,"464 Main St, City 6",Active,2020-01-01,McKesson
DSH210006,Hospital Center 6 - North,210006,Walmart Pharmacy,"748 Main St, City 6",Active,2020-01-01,McKesson
DSH210006,Hospital Center 6 - North,210006,Walgreens,"180 Main St, City 6",Active,2020-01-01,Cardinal Health
DSH210006,Hospital Center 6 - North,210006,Walmart Pharmacy,"412 Main St, City 6",Active,2020-01-01,McKesson
DSH210006,Hospital Center 6 - North,210006,CVS Pharmacy,"942 Main St, City 6",Active,2020-01-01,McKesson
DSH210006,Hospital Center 6 - North,210006,Rite Aid,"842 Main St, City 6",Active,2020-01-01,McKesson
DSH210006,Hospital Center 6 - North,210006,Walgreens,"948 Main St, City 6",Active,2020-01-01,Cardinal Health
DSH210006,Hospital Center 6 - North,210006,Rite Aid,"591 Main St, City 6",Active,2020-01-01,McKesson
DSH210006,Hospital Center 6 - North,210006,CVS Pharmacy,"956 Main St, City 6",Active,2020-01-01,McKesson
DSH210006,Hospital Center 6 - North,210006,Walgreens,"195 Main St, City 6",Active,2020-01-01,Cardinal Health
DSH210006,Hospital Center 6 - North,210006,Walgreens,"886 Main St, City 6",Active,2020-01-01,Cardinal Health
DSH210006,Hospital Center 6 - North,210006,Rite Aid,"316 Main St, City 6",Active,2020-01-01,McKesson
DSH210006,Hospital Center 6 - North,210006,Walgreens,"162 Main St, City 6",Active,2020-01-01,Cardinal Health
DSH210006,Hospital Center 6 - North,210006,Walmart Pharmacy,"368 Main St, City 6",Active,2020-01-01,McKesson
DSH210006,Hospital Center 6 - North,210006,Rite Aid,"213 Main St, City 6",Active,2020-01-01,McKesson
DSH210006,Hospital Center 6 - North,210006,Walmart Pharmacy,"841 Main St, City 6",Active,2020-01-01,McKesson
DSH210006,Hospital Center 6 - North,210006,CVS Pharmacy,"662 Main St, City 6",Active,2020-01-01,McKesson
DSH210006,Hospital Center 6 - North,210006,Walmart Pharmacy,"213 Main St, City 6",Active,2020-01-01,McKesson
DSH210006,Hospital Center 6 - North,210006,Walmart Pharmacy,"678 Main St, City 6",Active,2020-01-01,McKesson
DSH210006,Hospital Center 6 - North,210006,CVS Pharmacy,"787 Main St, City 6",Active,2020-01-01,McKesson
DSH210006,Hospital Center 6 - North,210006,Walgreens,"884 Main St, City 6",Active,2020-01-01,Cardinal Health
DSH210006,Hospital Center 6 - North,210006,Walgreens,"705 Main St, City 6",Active,2020-01-01,Cardinal Health
DSH210006,Hospital Center 6 - North,210006,CVS Pharmacy,"394 Main St, City 6",Active,2020-01-01,McKesson
DSH210006,Hospital Center 6 - North,210006,CVS Pharmacy,"243 Main St, City 6",Active,2020-01-01,McKesson
DSH210006,Hospital Center 6 - North,210006,CVS Pharmacy,"941 Main St, City 6",Active,2020-01-01,McKesson
DSH210006,Hospital Center 6 - North,210006,Walmart Pharmacy,"318 Main St, City 6",Active,2020-01-01,McKesson
DSH210006,Hospital Center 6 - North,210006,Walmart Pharmacy,"829 Main St, City 6",Active,2020-01-01,McKesson
DSH210006,Hospital Center 6 - North,210006,Walgreens,"381 Main St, City 6",Active,2020-01-01,Cardinal Health
DSH210006,Hospital Center 6 - North,210006,Walmart Pharmacy,"485 Main St, City 6",Active,2020-01-01,McKesson
DSH210006,Hospital Center 6 - North,210006,Walmart Pharmacy,"629 Main St, City 6",Active,2020-01-01,McKesson
DSH210006,Hospital Center 6 - North,210006,Rite Aid,"906 Main St, City 6",Active,2020-01-01,McKesson
DSH210006,Hospital Center 6 - North,210006,Walgreens,"514 Main St, City 6",Active,2020-01-01,Cardinal Health
DSH210006,Hospital Center 6 - North,210006,Walgreens,"236 Main St, City 6",Active,2020-01-01,Cardinal Health
DSH210006,Hospital Center 6 - North,210006,CVS Pharmacy,"406 Main St, City 6",Active,2020-01-01,McKesson
DSH210006,Hospital Center 6 - North,210006,Walmart Pharmacy,"865 Main St, City 6",Active,2020-01-01,McKesson
DSH210006,Hospital Center 6 - North,210006,Walgreens,"425 Main St, City 6",Active,2020-01-01,Cardinal Health
DSH210006,Hospital Center 6 - North,210006,Rite Aid,"942 Main St, City 6",Active,2020-01-01,McKesson
DSH210006,Hospital Center 6 - North,210006,Walmart Pharmacy,"304 Main St, City 6",Active,2020-01-01,McKesson
DSH210006,Hospital Center 6 - North,210006,Walgreens,"443 Main St, City 6",Active,2020-01-01,Cardinal Health
DSH210006,Hospital Center 6 - North,210006,Walmart Pharmacy,"132 Main St, City 6",Active,2020-01-01,McKesson
DSH210006,Hospital Center 6 - North,210006,Walmart Pharmacy,"416 Main St, City 6",Active,2020-01-01,McKesson
DSH210006,Hospital Center 6 - North,210006,Walmart Pharmacy,"834 Main St, City 6",Active,2020-01-01,McKesson
DSH210006,Hospital Center 6 - North,210006,CVS Pharmacy,"507 Main St, City 6",Active,2020-01-01,McKesson
DSH210006,Hospital Center 6 - North,210006,Rite Aid,"674 Main St, City 6",Active,2020-01-01,McKesson
DSH210006,Hospital Center 6 - North,210006,Walmart Pharmacy,"755 Main St, City 6",Active,2020-01-01,McKesson
DSH210006,Hospital Center 6 - North,210006,CVS Pharmacy,"657 Main St, City 6",Active,2020-01-01,McKesson
DSH210006,Hospital Center 6 - North,210006,CVS Pharmacy,"332 Main St, City 6",Active,2020-01-01,McKesson
DSH210006,Hospital Center 6 - North,210006,Walgreens,"269 Main St, City 6",Active,2020-01-01,Cardinal Health
DSH210006,Hospital Center 6 - North,210006,Walgreens,"690 Main St, City 6",Active,2020-01-01,Cardinal Health
DSH210006,Hospital Center 6 - North,210006,Walgreens,"277 Main St, City 6",Active,2020-01-01,Cardinal Health
DSH210006,Hospital Center 6 - North,210006,Walgreens,"245 Main St, City 6",Active,2020-01-01,Cardinal Health
DSH210006,Hospital Center 6 - North,210006,Rite Aid,"634 Main St, City 6",Active,2020-01-01,McKesson
DSH210006,Hospital Center 6 - North,210006,CVS Pharmacy,"520 Main St, City 6",Active,2020-01-01,McKesson
DSH210006,Hospital Center 6 - North,210006,Walmart Pharmacy,"153 Main St, City 6",Active,2020-01-01,McKesson
DSH210006,Hospital Center 6 - North,210006,Walgreens,"387 Main St, City 6",Active,2020-01-01,Cardinal Health
DSH210006,Hospital Center 6 - North,210006,Walmart Pharmacy,"508 Main St, City 6",Active,2020-01-01,McKesson
DSH210006,Hospital Center 6 - North,210006,Walmart Pharmacy,"150 Main St, City 6",Active,2020-01-01,McKesson
DSH210006,Hospital Center 6 - North,210006,CVS Pharmacy,"107 Main St, City 6",Active,2020-01-01,McKesson
DSH210006,Hospital Center 6 - North,210006,Walmart Pharmacy,"498 Main St, City 6",Active,2020-01-01,McKesson
DSH210006,Hospital Center 6 - North,210006,Walgreens,"974 Main St, City 6",Active,2020-01-01,Cardinal Health
DSH210006,Hospital Center 6 - North,210006,CVS Pharmacy,"901 Main St, City 6",Active,2020-01-01,McKesson
DSH210006,Hospital Center 6 - North,210006,Walgreens,"416 Main St, City 6",Active,2020-01-01,Cardinal Health
DSH210006,Hospital Center 6 - North,210006,CVS Pharmacy,"888 Main St, City 6",Active,2020-01-01,McKesson
DSH210006,Hospital Center 6 - North,210006,Walmart Pharmacy,"661 Main St, City 6",Active,2020-01-01,McKesson
DSH210006,Hospital Center 6 - North,210006,CVS Pharmacy,"818 Main St, City 6",Active,2020-01-01,McKesson
DSH210006,Hospital Center 6 - North,210006,CVS Pharmacy,"409 Main St, City 6",Active,2020-01-01,McKesson
DSH210006,Hospital Center 6 - North,210006,Walgreens,"241 Main St, City 6",Active,2020-01-01,Cardinal Health
DSH210006,Hospital Center 6 - North,210006,CVS Pharmacy,"453 Main St, City 6",Active,2020-01-01,McKesson
DSH210006,Hospital Center 6 - North,210006,Walmart Pharmacy,"396 Main St, City 6",Active,2020-01-01,McKesson
DSH210006,Hospital Center 6 - North,210006,Walgreens,"828 Main St, City 6",Active,2020-01-01,Cardinal Health
DSH210006,Hospital Center 6 - North,210006,Walgreens,"135 Main St, City 6",Active,2020-01-01,Cardinal Health
DSH210006,Hospital Center 6 - North,210006,CVS Pharmacy,"510 Main St, City 6",Active,2020-01-01,McKesson
DSH210006,Hospital Center 6 - North,210006,Walgreens,"775 Main St, City 6",Active,2020-01-01,Cardinal Health
DSH210006,Hospital Center 6 - North,210006,Rite Aid,"894 Main St, City 6",Active,2020-01-01,McKesson
DSH210006,Hospital Center 6 - North,210006,CVS Pharmacy,"286 Main St, City 6",Active,2020-01-01,McKesson
DSH210006,Hospital Center 6 - North,210006,Rite Aid,"357 Main St, City 6",Active,2020-01-01,McKesson
DSH210006,Hospital Center 6 - North,210006,Walgreens,"725 Main St, City 6",Active,2020-01-01,Cardinal Health
DSH210006,Hospital Center 6 - North,210006,Walmart Pharmacy,"816 Main St, City 6",Active,2020-01-01,McKesson
DSH210006,Hospital Center 6 - North,210006,Walmart Pharmacy,"619 Main St, City 6",Active,2020-01-01,McKesson
DSH210006,Hospital Center 6 - North,210006,Walmart Pharmacy,"136 Main St, City 6",Active,2020-01-01,McKesson
DSH210006,Hospital Center 6 - North,210006,Walmart Pharmacy,"145 Main St, City 6",Active,2020-01-01,McKesson
DSH210006,Hospital Center 6 - North,210006,Walgreens,"261 Main St, City 6",Active,2020-01-01,Cardinal Health
DSH210006,Hospital Center 6 - North,210006,CVS Pharmacy,"642 Main St, City 6",Active,2020-01-01,McKesson
DSH210006,Hospital Center 6 - North,210006,Walgreens,"889 Main St, City 6",Active,2020-01-01,Cardinal Health
DSH210006,Hospital Center 6 - North,210006,Walgreens,"231 Main St, City 6",Active,2020-01-01,Cardinal Health
DSH210006,Hospital Center 6 - North,210006,Rite Aid,"300 Main St, City 6",Active,2020-01-01,McKesson
DSH210006,Hospital Center 6 - North,210006,Walgreens,"909 Main St, City 6",Active,2020-01-01,Cardinal Health
DSH210007,Regional Medical Center 7,210007,CVS Pharmacy,"976 Main St, City 7",Active,2020-01-01,McKesson
DSH210007,Regional Medical Center 7,210007,Walgreens,"723 Main St, City 7",Active,2020-01-01,Cardinal Health
DSH210007,Regional Medical Center 7,210007,CVS Pharmacy,"894 Main St, City 7",Active,2020-01-01,McKesson
DSH210007,Regional Medical Center 7,210007,Walgreens,"419 Main St, City 7",Active,2020-01-01,Cardinal Health
DSH210007,Regional Medical Center 7,210007,Walgreens,"652 Main St, City 7",Active,2020-01-01,Cardinal Health
DSH210007,Regional Medical Center 7,210007,CVS Pharmacy,"450 Main St, City 7",Active,2020-01-01,McKesson
DSH210007,Regional Medical Center 7,210007,Walmart Pharmacy,"697 Main St, City 7",Active,2020-01-01,McKesson
DSH210007,Regional Medical Center 7,210007,Walgreens,"536 Main St, City 7",Active,2020-01-01,Cardinal Health
DSH210007,Regional Medical Center 7,210007,Rite Aid,"627 Main St, City 7",Active,2020-01-01,McKesson
DSH210007,Regional Medical Center 7,210007,Rite Aid,"427 Main St, City 7",Active,2020-01-01,McKesson
DSH210007,Regional Medical Center 7,210007,CVS Pharmacy,"653 Main St, City 7",Active,2020-01-01,McKesson
DSH210007,Regional Medical Center 7,210007,Rite Aid,"856 Main St, City 7",Active,2020-01-01,McKesson
DSH210007,Regional Medical Center 7,210007,Walgreens,"854 Main St, City 7",Active,2020-01-01,Cardinal Health
DSH210007,Regional Medical Center 7,210007,Walgreens,"938 Main St, City 7",Active,2020-01-01,Cardinal Health
DSH210007,Regional Medical Center 7,210007,CVS Pharmacy,"686 Main St, City 7",Active,2020-01-01,McKesson
DSH210007,Regional Medical Center 7,210007,Walmart Pharmacy,"300 Main St, City 7",Active,2020-01-01,McKesson
DSH210007,Regional Medical Center 7,210007,Walgreens,"312 Main St, City 7",Active,2020-01-01,Cardinal Health
DSH210007,Regional Medical Center 7,210007,CVS Pharmacy,"747 Main St, City 7",Active,2020-01-01,McKesson
DSH210007,Regional Medical Center 7,210007,Rite Aid,"540 Main St, City 7",Active,2020-01-01,McKesson
DSH210007,Regional Medical Center 7,210007,Walmart Pharmacy,"608 Main St, City 7",Active,2020-01-01,McKesson
DSH210007,Regional Medical Center 7,210007,Walmart Pharmacy,"387 Main St, City 7",Active,2020-01-01,McKesson
DSH210007,Regional Medical Center 7,210007,Rite Aid,"608 Main St, City 7",Active,2020-01-01,McKesson
DSH210007,Regional Medical Center 7,210007,CVS Pharmacy,"318 Main St, City 7",Active,2020-01-01,McKesson
DSH210007,Regional Medical Center 7,210007,CVS Pharmacy,"711 Main St, City 7",Active,2020-01-01,McKesson
DSH210007,Regional Medical Center 7,210007,CVS Pharmacy,"483 Main St, City 7",Active,2020-01-01,McKesson
DSH210007,Regional Medical Center 7,210007,Walgreens,"541 Main St, City 7",Active,2020-01-01,Cardinal Health
DSH210007,Regional Medical Center 7,210007,CVS Pharmacy,"412 Main St, City 7",Active,2020-01-01,McKesson
DSH210007,Regional Medical Center 7,210007,Rite Aid,"139 Main St, City 7",Active,2020-01-01,McKesson
DSH210007,Regional Medical Center 7,210007,CVS Pharmacy,"316 Main St, City 7",Active,2020-01-01,McKesson
DSH210007,Regional Medical Center 7,210007,Walmart Pharmacy,"489 Main St, City 7",Active,2020-01-01,McKesson
DSH210007,Regional Medical Center 7,210007,Rite Aid,"236 Main St, City 7",Active,2020-01-01,McKesson
DSH210007,Regional Medical Center 7,210007,Rite Aid,"295 Main St, City 7",Active,2020-01-01,McKesson
DSH210007,Regional Medical Center 7,210007,Walgreens,"875 Main St, City 7",Active,2020-01-01,Cardinal Health
DSH210007,Regional Medical Center 7,210007,Walmart Pharmacy,"935 Main St, City 7",Active,2020-01-01,McKesson
DSH210007,Regional Medical Center 7,210007,CVS Pharmacy,"367 Main St, City 7",Active,2020-01-01,McKesson
DSH210007,Regional Medical Center 7,210007,CVS Pharmacy,"868 Main St, City 7",Active,2020-01-01,McKesson
DSH210007,Regional Medical Center 7,210007,Walgreens,"476 Main St, City 7",Active,2020-01-01,Cardinal Health
DSH210007,Regional Medical Center 7,210007,Rite Aid,"540 Main St, City 7",Active,2020-01-01,McKesson
DSH210007,Regional Medical Center 7,210007,Walgreens,"907 Main St, City 7",Active,2020-01-01,Cardinal Health
DSH210007,Regional Medical Center 7,210007,Walmart Pharmacy,"783 Main St, City 7",Active,2020-01-01,McKesson
DSH210007,Regional Medical Center 7,210007,Walmart Pharmacy,"731 Main St, City 7",Active,2020-01-01,McKesson
DSH210007,Regional Medical Center 7,210007,Walmart Pharmacy,"278 Main St, City 7",Active,2020-01-01,McKesson
DSH210007,Regional Medical Center 7,210007,CVS Pharmacy,"457 Main St, City 7",Active,2020-01-01,McKesson
DSH210007,Regional Medical Center 7,210007,Rite Aid,"569 Main St, City 7",Active,2020-01-01,McKesson
DSH210007,Regional Medical Center 7,210007,Rite Aid,"742 Main St, City 7",Active,2020-01-01,McKesson
DSH210007,Regional Medical Center 7,210007,CVS Pharmacy,"931 Main St, City 7",Active,2020-01-01,McKesson
DSH210007,Regional Medical Center 7,210007,Walmart Pharmacy,"593 Main St, City 7",Active,2020-01-01,McKesson
DSH210007,Regional Medical Center 7,210007,Rite Aid,"598 Main St, City 7",Active,2020-01-01,McKesson
DSH210007,Regional Medical Center 7,210007,CVS Pharmacy,"326 Main St, City 7",Active,2020-01-01,McKesson
DSH210007,Regional Medical Center 7,210007,CVS Pharmacy,"487 Main St, City 7",Active,2020-01-01,McKesson
DSH210007,Regional Medical Center 7,210007,Walmart Pharmacy,"464 Main St, City 7",Active,2020-01-01,McKesson
DSH210007,Regional Medical Center 7,210007,Walmart Pharmacy,"184 Main St, City 7",Active,2020-01-01,McKesson
DSH210007,Regional Medical Center 7,210007,Walgreens,"340 Main St, City 7",Active,2020-01-01,Cardinal Health
DSH210007,Regional Medical Center 7,210007,Walmart Pharmacy,"245 Main St, City 7",Active,2020-01-01,McKesson
DSH210007,Regional Medical Center 7,210007,CVS Pharmacy,"299 Main St, City 7",Active,2020-01-01,McKesson
DSH210007,Regional Medical Center 7,210007,Walmart Pharmacy,"684 Main St, City 7",Active,2020-01-01,McKesson
DSH210007,Regional Medical Center 7,210007,Walmart Pharmacy,"902 Main St, City 7",Active,2020-01-01,McKesson
DSH210007,Regional Medical Center 7,210007,CVS Pharmacy,"458 Main St, City 7",Active,2020-01-01,McKesson
DSH210007,Regional Medical Center 7,210007,Walmart Pharmacy,"830 Main St, City 7",Active,2020-01-01,McKesson
DSH210007,Regional Medical Center 7,210007,CVS Pharmacy,"817 Main St, City 7",Active,2020-01-01,McKesson
DSH210007,Regional Medical Center 7,210007,Walmart Pharmacy,"611 Main St, City 7",Active,2020-01-01,McKesson
DSH210007,Regional Medical Center 7,210007,Walmart Pharmacy,"489 Main St, City 7",Active,2020-01-01,McKesson
DSH210007,Regional Medical Center 7,210007,Walmart Pharmacy,"512 Main St, City 7",Active,2020-01-01,McKesson
DSH210007,Regional Medical Center 7,210007,CVS Pharmacy,"302 Main St, City 7",Active,2020-01-01,McKesson
DSH210007,Regional Medical Center 7,210007,Walgreens,"232 Main St, City 7",Active,2020-01-01,Cardinal Health
DSH210007,Regional Medical Center 7,210007,Walmart Pharmacy,"487 Main St, City 7",Active,2020-01-01,McKesson
DSH210007,Regional Medical Center 7,210007,Walmart Pharmacy,"374 Main St, City 7",Active,2020-01-01,McKesson
DSH210007,Regional Medical Center 7,210007,Rite Aid,"840 Main St, City 7",Active,2020-01-01,McKesson
DSH210007,Regional Medical Center 7,210007,Walmart Pharmacy,"903 Main St, City 7",Active,2020-01-01,McKesson
DSH210007,Regional Medical Center 7,210007,Walmart Pharmacy,"484 Main St, City 7",Active,2020-01-01,McKesson
DSH210007,Regional Medical Center 7,210007,Walmart Pharmacy,"122 Main St, City 7",Active,2020-01-01,McKesson
DSH210007,Regional Medical Center 7,210007,Walmart Pharmacy,"224 Main St, City 7",Active,2020-01-01,McKesson
DSH210007,Regional Medical Center 7,210007,Rite Aid,"346 Main St, City 7",Active,2020-01-01,McKesson
DSH210007,Regional Medical Center 7,210007,Rite Aid,"980 Main St, City 7",Active,2020-01-01,McKesson
DSH210007,Regional Medical Center 7,210007,Walgreens,"477 Main St, City 7",Active,2020-01-01,Cardinal Health
DSH210007,Regional Medical Center 7,210007,Walgreens,"270 Main St, City 7",Active,2020-01-01,Cardinal Health
DSH210007,Regional Medical Center 7,210007,Walgreens,"762 Main St, City 7",Active,2020-01-01,Cardinal Health
DSH210007,Regional Medical Center 7,210007,Rite Aid,"584 Main St, City 7",Active,2020-01-01,McKesson
DSH210007,Regional Medical Center 7,210007,Rite Aid,"481 Main St, City 7",Active,2020-01-01,McKesson
DSH210007,Regional Medical Center 7,210007,CVS Pharmacy,"515 Main St, City 7",Active,2020-01-01,McKesson
DSH210007,Regional Medical Center 7,210007,Rite Aid,"446 Main St, City 7",Active,2020-01-01,McKesson
DSH210007,Regional Medical Center 7,210007,CVS Pharmacy,"428 Main St, City 7",Active,2020-01-01,McKesson
DSH210007,Regional Medical Center 7,210007,Walmart Pharmacy,"765 Main St, City 7",Active,2020-01-01,McKesson
DSH210007,Regional Medical Center 7,210007,CVS Pharmacy,"652 Main St, City 7",Active,2020-01-01,McKesson
DSH210007,Regional Medical Center 7,210007,Walgreens,"801 Main St, City 7",Active,2020-01-01,Cardinal Health
DSH210007,Regional Medical Center 7,210007,Walmart Pharmacy,"191 Main St, City 7",Active,2020-01-01,McKesson
DSH210007,Regional Medical Center 7,210007,CVS Pharmacy,"481 Main St, City 7",Active,2020-01-01,McKesson
DSH210007,Regional Medical Center 7,210007,Walgreens,"156 Main St, City 7",Active,2020-01-01,Cardinal Health
DSH210007,Regional Medical Center 7,210007,Walgreens,"478 Main St, City 7",Active,2020-01-01,Cardinal Health
DSH210007,Regional Medical Center 7,210007,CVS Pharmacy,"760 Main St, City 7",Active,2020-01-01,McKesson
DSH210008,Hospital Center 8 - North,210008,Walgreens,"525 Main St, City 8",Active,2020-01-01,Cardinal Health
DSH210008,Hospital Center 8 - North,210008,Walgreens,"706 Main St, City 8",Active,2020-01-01,Cardinal Health
DSH210008,Hospital Center 8 - North,210008,Walmart Pharmacy,"628 Main St, City 8",Active,2020-01-01,McKesson
DSH210008,Hospital Center 8 - North,210008,Walgreens,"293 Main St, City 8",Active,2020-01-01,Cardinal Health
DSH210008,Hospital Center 8 - North,210008,Walmart Pharmacy,"281 Main St, City 8",Active,2020-01-01,McKesson
DSH210008,Hospital Center 8 - North,210008,Walmart Pharmacy,"297 Main St, City 8",Active,2020-01-01,McKesson
DSH210009,Regional Medical Center 9,210009,Rite Aid,"655 Main St, City 9",Active,2020-01-01,McKesson
DSH210009,Regional Medical Center 9,210009,Walmart Pharmacy,"589 Main St, City 9",Active,2020-01-01,McKesson
DSH210009,Regional Medical Center 9,210009,CVS Pharmacy,"302 Main St, City 9",Active,2020-01-01,McKesson
DSH210009,Regional Medical Center 9,210009,Rite Aid,"885 Main St, City 9",Active,2020-01-01,McKesson
DSH210009,Regional Medical Center 9,210009,Walmart Pharmacy,"712 Main St, City 9",Active,2020-01-01,McKesson
DSH210009,Regional Medical Center 9,210009,Rite Aid,"124 Main St, City 9",Active,2020-01-01,McKesson
DSH210009,Regional Medical Center 9,210009,CVS Pharmacy,"812 Main St, City 9",Active,2020-01-01,McKesson
DSH210009,Regional Medical Center 9,210009,Rite Aid,"428 Main St, City 9",Active,2020-01-01,McKesson
DSH210010,Hospital Center 10 - North,210010,CVS Pharmacy,"702 Main St, City 10",Active,2020-01-01,McKesson
DSH210010,Hospital Center 10 - North,210010,Rite Aid,"577 Main St, City 10",Active,2020-01-01,McKesson
DSH210010,Hospital Center 10 - North,210010,Rite Aid,"759 Main St, City 10",Active,2020-01-01,McKesson
DSH210010,Hospital Center 10 - North,210010,Walmart Pharmacy,"980 Main St, City 10",Active,2020-01-01,McKesson
DSH210010,Hospital Center 10 - North,210010,Walgreens,"922 Main St, City 10",Active,2020-01-01,Cardinal Health
DSH210010,Hospital Center 10 - North,210010,Walgreens,"635 Main St, City 10",Active,2020-01-01,Cardinal Health
DSH210010,Hospital Center 10 - North,210010,Walgreens,"742 Main St, City 10",Active,2020-01-01,Cardinal Health
DSH210010,Hospital Center 10 - North,210010,CVS Pharmacy,"416 Main St, City 10",Active,2020-01-01,McKesson
DSH210010,Hospital Center 10 - North,210010,Walgreens,"371 Main St, City 10",Active,2020-01-01,Cardinal Health
DSH210010,Hospital Center 10 - North,210010,Walgreens,"738 Main St, City 10",Active,2020-01-01,Cardinal Health
DSH210010,Hospital Center 10 - North,210010,Rite Aid,"746 Main St, City 10",Active,2020-01-01,McKesson
DSH210010,Hospital Center 10 - North,210010,Walmart Pharmacy,"938 Main St, City 10",Active,2020-01-01,McKesson
DSH210010,Hospital Center 10 - North,210010,Rite Aid,"564 Main St, City 10",Active,2020-01-01,McKesson
DSH210010,Hospital Center 10 - North,210010,Walmart Pharmacy,"739 Main St, City 10",Active,2020-01-01,McKesson
DSH210010,Hospital Center 10 - North,210010,Walgreens,"824 Main St, City 10",Active,2020-01-01,Cardinal Health
DSH210010,Hospital Center 10 - North,210010,Rite Aid,"872 Main St, City 10",Active,2020-01-01,McKesson
DSH210010,Hospital Center 10 - North,210010,CVS Pharmacy,"198 Main St, City 10",Active,2020-01-01,McKesson
DSH210010,Hospital Center 10 - North,210010,Walgreens,"248 Main St, City 10",Active,2020-01-01,Cardinal Health
DSH210010,Hospital Center 10 - North,210010,CVS Pharmacy,"506 Main St, City 10",Active,2020-01-01,McKesson
DSH210010,Hospital Center 10 - North,210010,Rite Aid,"706 Main St, City 10",Active,2020-01-01,McKesson
DSH210010,Hospital Center 10 - North,210010,Walmart Pharmacy,"535 Main St, City 10",Active,2020-01-01,McKesson
DSH210010,Hospital Center 10 - North,210010,Walmart Pharmacy,"962 Main St, City 10",Active,2020-01-01,McKesson
DSH210010,Hospital Center 10 - North,210010,Walgreens,"148 Main St, City 10",Active,2020-01-01,Cardinal Health
DSH210010,Hospital Center 10 - North,210010,Rite Aid,"359 Main St, City 10",Active,2020-01-01,McKesson
DSH210010,Hospital Center 10 - North,210010,Rite Aid,"398 Main St, City 10",Active,2020-01-01,McKesson
DSH210010,Hospital Center 10 - North,210010,Rite Aid,"150 Main St, City 10",Active,2020-01-01,McKesson
DSH210010,Hospital Center 10 - North,210010,Rite Aid,"134 Main St, City 10",Active,2020-01-01,McKesson
DSH210010,Hospital Center 10 - North,210010,CVS Pharmacy,"270 Main St, City 10",Active,2020-01-01,McKesson
DSH210010,Hospital Center 10 - North,210010,Walmart Pharmacy,"571 Main St, City 10",Active,2020-01-01,McKesson
DSH210010,Hospital Center 10 - North,210010,CVS Pharmacy,"544 Main St, City 10",Active,2020-01-01,McKesson
DSH210010,Hospital Center 10 - North,210010,Rite Aid,"331 Main St, City 10",Active,2020-01-01,McKesson
DSH210010,Hospital Center 10 - North,210010,Rite Aid,"856 Main St, City 10",Active,2020-01-01,McKesson
DSH210010,Hospital Center 10 - North,210010,Walmart Pharmacy,"982 Main St, City 10",Active,2020-01-01,McKesson
DSH210010,Hospital Center 10 - North,210010,Rite Aid,"670 Main St, City 10",Active,2020-01-01,McKesson
DSH210010,Hospital Center 10 - North,210010,Rite Aid,"128 Main St, City 10",Active,2020-01-01,McKesson
DSH210010,Hospital Center 10 - North,210010,Walmart Pharmacy,"878 Main St, City 10",Active,2020-01-01,McKesson
DSH210010,Hospital Center 10 - North,210010,Walgreens,"720 Main St, City 10",Active,2020-01-01,Cardinal Health
DSH210010,Hospital Center 10 - North,210010,Walmart Pharmacy,"771 Main St, City 10",Active,2020-01-01,McKesson
DSH210010,Hospital Center 10 - North,210010,Walmart Pharmacy,"222 Main St, City 10",Active,2020-01-01,McKesson
DSH210010,Hospital Center 10 - North,210010,Rite Aid,"680 Main St, City 10",Active,2020-01-01,McKesson
DSH210010,Hospital Center 10 - North,210010,Rite Aid,"829 Main St, City 10",Active,2020-01-01,McKesson
DSH210010,Hospital Center 10 - North,210010,Rite Aid,"551 Main St, City 10",Active,2020-01-01,McKesson
DSH210010,Hospital Center 10 - North,210010,Walgreens,"911 Main St, City 10",Active,2020-01-01,Cardinal Health
DSH210010,Hospital Center 10 - North,210010,Rite Aid,"230 Main St, City 10",Active,2020-01-01,McKesson
DSH210010,Hospital Center 10 - North,210010,Walgreens,"722 Main St, City 10",Active,2020-01-01,Cardinal Health
DSH210010,Hospital Center 10 - North,210010,Walmart Pharmacy,"271 Main St, City 10",Active,2020-01-01,McKesson
DSH210010,Hospital Center 10 - North,210010,Walgreens,"307 Main St, City 10",Active,2020-01-01,Cardinal Health
DSH210010,Hospital Center 10 - North,210010,Walmart Pharmacy,"185 Main St, City 10",Active,2020-01-01,McKesson
DSH210011,Regional Medical Center 11,210011,CVS Pharmacy,"521 Main St, City 11",Active,2020-01-01,McKesson
DSH210011,Regional Medical Center 11,210011,CVS Pharmacy,"896 Main St, City 11",Active,2020-01-01,McKesson
DSH210011,Regional Medical Center 11,210011,Walgreens,"358 Main St, City 11",Active,2020-01-01,Cardinal Health
DSH210011,Regional Medical Center 11,210011,CVS Pharmacy,"376 Main St, City 11",Active,2020-01-01,McKesson
DSH210011,Regional Medical Center 11,210011,CVS Pharmacy,"802 Main St, City 11",Active,2020-01-01,McKesson
DSH210011,Regional Medical Center 11,210011,CVS Pharmacy,"116 Main St, City 11",Active,2020-01-01,McKesson
DSH210011,Regional Medical Center 11,210011,Walmart Pharmacy,"170 Main St, City 11",Active,2020-01-01,McKesson
DSH210011,Regional Medical Center 11,210011,Walmart Pharmacy,"859 Main St, City 11",Active,2020-01-01,McKesson
DSH210011,Regional Medical Center 11,210011,Walmart Pharmacy,"305 Main St, City 11",Active,2020-01-01,McKesson
DSH210011,Regional Medical Center 11,210011,Walgreens,"211 Main St, City 11",Active,2020-01-01,Cardinal Health
DSH210011,Regional Medical Center 11,210011,Walgreens,"882 Main St, City 11",Active,2020-01-01,Cardinal Health
DSH210011,Regional Medical Center 11,210011,Rite Aid,"186 Main St, City 11",Active,2020-01-01,McKesson
DSH210011,Regional Medical Center 11,210011,Walmart Pharmacy,"837 Main St, City 11",Active,2020-01-01,McKesson
DSH210011,Regional Medical Center 11,210011,Rite Aid,"195 Main St, City 11",Active,2020-01-01,McKesson
DSH210011,Regional Medical Center 11,210011,Rite Aid,"759 Main St, City 11",Active,2020-01-01,McKesson
DSH210011,Regional Medical Center 11,210011,Walgreens,"413 Main St, City 11",Active,2020-01-01,Cardinal Health
DSH210011,Regional Medical Center 11,210011,Rite Aid,"189 Main St, City 11",Active,2020-01-01,McKesson
DSH210011,Regional Medical Center 11,210011,Rite Aid,"892 Main St, City 11",Active,2020-01-01,McKesson
DSH210011,Regional Medical Center 11,210011,Rite Aid,"466 Main St, City 11",Active,2020-01-01,McKesson
DSH210011,Regional Medical Center 11,210011,CVS Pharmacy,"928 Main St, City 11",Active,2020-01-01,McKesson
DSH210011,Regional Medical Center 11,210011,Rite Aid,"847 Main St, City 11",Active,2020-01-01,McKesson
DSH210011,Regional Medical Center 11,210011,Walgreens,"630 Main St, City 11",Active,2020-01-01,Cardinal Health
DSH210011,Regional Medical Center 11,210011,CVS Pharmacy,"226 Main St, City 11",Active,2020-01-01,McKesson
DSH210011,Regional Medical Center 11,210011,Rite Aid,"755 Main St, City 11",Active,2020-01-01,McKesson
DSH210011,Regional Medical Center 11,210011,Rite Aid,"905 Main St, City 11",Active,2020-01-01,McKesson
DSH210011,Regional Medical Center 11,210011,CVS Pharmacy,"298 Main St, City 11",Active,2020-01-01,McKesson
DSH210011,Regional Medical Center 11,210011,Rite Aid,"198 Main St, City 11",Active,2020-01-01,McKesson
DSH210011,Regional Medical Center 11,210011,Walmart Pharmacy,"141 Main St, City 11",Active,2020-01-01,McKesson
DSH210011,Regional Medical Center 11,210011,CVS Pharmacy,"306 Main St, City 11",Active,2020-01-01,McKesson
DSH210011,Regional Medical Center 11,210011,Rite Aid,"313 Main St, City 11",Active,2020-01-01,McKesson
DSH210011,Regional Medical Center 11,210011,Walgreens,"227 Main St, City 11",Active,2020-01-01,Cardinal Health
DSH210011,Regional Medical Center 11,210011,CVS Pharmacy,"965 Main St, City 11",Active,2020-01-01,McKesson
DSH210011,Regional Medical Center 11,210011,Rite Aid,"109 Main St, City 11",Active,2020-01-01,McKesson
DSH210011,Regional Medical Center 11,210011,Walgreens,"769 Main St, City 11",Active,2020-01-01,Cardinal Health
DSH210011,Regional Medical Center 11,210011,CVS Pharmacy,"589 Main St, City 11",Active,2020-01-01,McKesson
DSH210011,Regional Medical Center 11,210011,Rite Aid,"829 Main St, City 11",Active,2020-01-01,McKesson
DSH210011,Regional Medical Center 11,210011,Rite Aid,"132 Main St, City 11",Active,2020-01-01,McKesson
DSH210011,Regional Medical Center 11,210011,Walgreens,"162 Main St, City 11",Active,2020-01-01,Cardinal Health
DSH210011,Regional Medical Center 11,210011,Rite Aid,"485 Main St, City 11",Active,2020-01-01,McKesson
DSH210011,Regional Medical Center 11,210011,Rite Aid,"789 Main St, City 11",Active,2020-01-01,McKesson
DSH210011,Regional Medical Center 11,210011,Walgreens,"609 Main St, City 11",Active,2020-01-01,Cardinal Health
DSH210011,Regional Medical Center 11,210011,Walgreens,"384 Main St, City 11",Active,2020-01-01,Cardinal Health
DSH210011,Regional Medical Center 11,210011,Rite Aid,"686 Main St, City 11",Active,2020-01-01,McKesson
DSH210011,Regional Medical Center 11,210011,CVS Pharmacy,"511 Main St, City 11",Active,2020-01-01,McKesson
DSH210011,Regional Medical Center 11,210011,Rite Aid,"570 Main St, City 11",Active,2020-01-01,McKesson
DSH210011,Regional Medical Center 11,210011,CVS Pharmacy,"196 Main St, City 11",Active,2020-01-01,McKesson
DSH210011,Regional Medical Center 11,210011,Walgreens,"278 Main St, City 11",Active,2020-01-01,Cardinal Health
DSH210011,Regional Medical Center 11,210011,Rite Aid,"787 Main St, City 11",Active,2020-01-01,McKesson
DSH210011,Regional Medical Center 11,210011,Walmart Pharmacy,"782 Main St, City 11",Active,2020-01-01,McKesson
DSH210011,Regional Medical Center 11,210011,Rite Aid,"916 Main St, City 11",Active,2020-01-01,McKesson
DSH210011,Regional Medical Center 11,210011,Walmart Pharmacy,"888 Main St, City 11",Active,2020-01-01,McKesson
DSH210011,Regional Medical Center 11,210011,CVS Pharmacy,"306 Main St, City 11",Active,2020-01-01,McKesson
DSH210011,Regional Medical Center 11,210011,Rite Aid,"198 Main St, City 11",Active,2020-01-01,McKesson
DSH210011,Regional Medical Center 11,210011,CVS Pharmacy,"588 Main St, City 11",Active,2020-01-01,McKesson
DSH210011,Regional Medical Center 11,210011,Rite Aid,"338 Main St, City 11",Active,2020-01-01,McKesson
DSH210011,Regional Medical Center 11,210011,CVS Pharmacy,"381 Main St, City 11",Active,2020-01-01,McKesson
DSH210011,Regional Medical Center 11,210011,Rite Aid,"510 Main St, City 11",Active,2020-01-01,McKesson
DSH210011,Regional Medical Center 11,210011,Walmart Pharmacy,"453 Main St, City 11",Active,2020-01-01,McKesson
DSH210011,Regional Medical Center 11,210011,Walmart Pharmacy,"619 Main St, City 11",Active,2020-01-01,McKesson
DSH210011,Regional Medical Center 11,210011,Walgreens,"629 Main St, City 11",Active,2020-01-01,Cardinal Health
DSH210011,Regional Medical Center 11,210011,Rite Aid,"879 Main St, City 11",Active,2020-01-01,McKesson
DSH210011,Regional Medical Center 11,210011,Walgreens,"179 Main St, City 11",Active,2020-01-01,Cardinal Health
DSH210011,Regional Medical Center 11,210011,Walmart Pharmacy,"416 Main St, City 11",Active,2020-01-01,McKesson
DSH210011,Regional Medical Center 11,210011,Walmart Pharmacy,"503 Main St, City 11",Active,2020-01-01,McKesson
DSH210011,Regional Medical Center 11,210011,Rite Aid,"376 Main St, City 11",Active,2020-01-01,McKesson
DSH210011,Regional Medical Center 11,210011,CVS Pharmacy,"836 Main St, City 11",Active,2020-01-01,McKesson
DSH210011,Regional Medical Center 11,210011,Walmart Pharmacy,"470 Main St, City 11",Active,2020-01-01,McKesson
DSH210011,Regional Medical Center 11,210011,Walgreens,"524 Main St, City 11",Active,2020-01-01,Cardinal Health
DSH210011,Regional Medical Center 11,210011,Walgreens,"173 Main St, City 11",Active,2020-01-01,Cardinal Health
DSH210011,Regional Medical Center 11,210011,Rite Aid,"121 Main St, City 11",Active,2020-01-01,McKesson
DSH210011,Regional Medical Center 11,210011,Walgreens,"437 Main St, City 11",Active,2020-01-01,Cardinal Health
DSH210011,Regional Medical Center 11,210011,Rite Aid,"868 Main St, City 11",Active,2020-01-01,McKesson
DSH210011,Regional Medical Center 11,210011,Rite Aid,"552 Main St, City 11",Active,2020-01-01,McKesson
DSH210011,Regional Medical Center 11,210011,Walgreens,"553 Main St, City 11",Active,2020-01-01,Cardinal Health
DSH210011,Regional Medical Center 11,210011,Walgreens,"449 Main St, City 11",Active,2020-01-01,Cardinal Health
DSH210011,Regional Medical Center 11,210011,Rite Aid,"321 Main St, City 11",Active,2020-01-01,McKesson
DSH210011,Regional Medical Center 11,210011,Walgreens,"866 Main St, City 11",Active,2020-01-01,Cardinal Health
DSH210011,Regional Medical Center 11,210011,Rite Aid,"342 Main St, City 11",Active,2020-01-01,McKesson
DSH210011,Regional Medical Center 11,210011,Rite Aid,"885 Main St, City 11",Active,2020-01-01,McKesson
DSH210011,Regional Medical Center 11,210011,Rite Aid,"601 Main St, City 11",Active,2020-01-01,McKesson
DSH210011,Regional Medical Center 11,210011,Walgreens,"302 Main St, City 11",Active,2020-01-01,Cardinal Health
DSH210011,Regional Medical Center 11,210011,CVS Pharmacy,"565 Main St, City 11",Active,2020-01-01,McKesson
DSH210011,Regional Medical Center 11,210011,Rite Aid,"304 Main St, City 11",Active,2020-01-01,McKesson
DSH210011,Regional Medical Center 11,210011,Walmart Pharmacy,"319 Main St, City 11",Active,2020-01-01,McKesson
DSH210011,Regional Medical Center 11,210011,Walmart Pharmacy,"956 Main St, City 11",Active,2020-01-01,McKesson
DSH210011,Regional Medical Center 11,210011,Rite Aid,"650 Main St, City 11",Active,2020-01-01,McKesson
DSH210012,Hospital Center 12 - North,210012,Walgreens,"338 Main St, City 12",Active,2020-01-01,Cardinal Health
DSH210012,Hospital Center 12 - North,210012,Walgreens,"493 Main St, City 12",Active,2020-01-01,Cardinal Health
DSH210012,Hospital Center 12 - North,210012,Walmart Pharmacy,"199 Main St, City 12",Active,2020-01-01,McKesson
DSH210012,Hospital Center 12 - North,210012,Rite Aid,"270 Main St, City 12",Active,2020-01-01,McKesson
DSH210012,Hospital Center 12 - North,210012,Walmart Pharmacy,"974 Main St, City 12",Active,2020-01-01,McKesson
DSH210012,Hospital Center 12 - North,210012,CVS Pharmacy,"487 Main St, City 12",Active,2020-01-01,McKesson
DSH210012,Hospital Center 12 - North,210012,CVS Pharmacy,"611 Main St, City 12",Active,2020-01-01,McKesson
DSH210012,Hospital Center 12 - North,210012,CVS Pharmacy,"297 Main St, City 12",Active,2020-01-01,McKesson
DSH210012,Hospital Center 12 - North,210012,Walmart Pharmacy,"257 Main St, City 12",Active,2020-01-01,McKesson
DSH210012,Hospital Center 12 - North,210012,CVS Pharmacy,"486 Main St, City 12",Active,2020-01-01,McKesson
DSH210012,Hospital Center 12 - North,210012,Rite Aid,"616 Main St, City 12",Active,2020-01-01,McKesson
DSH210012,Hospital Center 12 - North,210012,Rite Aid,"347 Main St, City 12",Active,2020-01-01,McKesson
DSH210012,Hospital Center 12 - North,210012,Walgreens,"602 Main St, City 12",Active,2020-01-01,Cardinal Health
DSH210012,Hospital Center 12 - North,210012,CVS Pharmacy,"617 Main St, City 12",Active,2020-01-01,McKesson
DSH210012,Hospital Center 12 - North,210012,Walgreens,"410 Main St, City 12",Active,2020-01-01,Cardinal Health
DSH210012,Hospital Center 12 - North,210012,Walmart Pharmacy,"175 Main St, City 12",Active,2020-01-01,McKesson
DSH210012,Hospital Center 12 - North,210012,Walgreens,"974 Main St, City 12",Active,2020-01-01,Cardinal Health
DSH210012,Hospital Center 12 - North,210012,Walmart Pharmacy,"423 Main St, City 12",Active,2020-01-01,McKesson
DSH210012,Hospital Center 12 - North,210012,Walmart Pharmacy,"711 Main St, City 12",Active,2020-01-01,McKesson
DSH210012,Hospital Center 12 - North,210012,CVS Pharmacy,"714 Main St, City 12",Active,2020-01-01,McKesson
DSH210012,Hospital Center 12 - North,210012,Rite Aid,"288 Main St, City 12",Active,2020-01-01,McKesson
DSH210012,Hospital Center 12 - North,210012,Walmart Pharmacy,"499 Main St, City 12",Active,2020-01-01,McKesson
DSH210012,Hospital Center 12 - North,210012,Walmart Pharmacy,"438 Main St, City 12",Active,2020-01-01,McKesson
DSH210012,Hospital Center 12 - North,210012,Rite Aid,"415 Main St, City 12",Active,2020-01-01,McKesson
DSH210012,Hospital Center 12 - North,210012,Rite Aid,"465 Main St, City 12",Active,2020-01-01,McKesson
DSH210012,Hospital Center 12 - North,210012,Rite Aid,"847 Main St, City 12",Active,2020-01-01,McKesson
DSH210012,Hospital Center 12 - North,210012,Rite Aid,"247 Main St, City 12",Active,2020-01-01,McKesson
DSH210012,Hospital Center 12 - North,210012,Walgreens,"417 Main St, City 12",Active,2020-01-01,Cardinal Health
DSH210012,Hospital Center 12 - North,210012,Walmart Pharmacy,"161 Main St, City 12",Active,2020-01-01,McKesson
DSH210012,Hospital Center 12 - North,210012,Walgreens,"439 Main St, City 12",Active,2020-01-01,Cardinal Health
DSH210012,Hospital Center 12 - North,210012,Walgreens,"963 Main St, City 12",Active,2020-01-01,Cardinal Health
DSH210012,Hospital Center 12 - North,210012,Walgreens,"616 Main St, City 12",Active,2020-01-01,Cardinal Health
DSH210012,Hospital Center 12 - North,210012,CVS Pharmacy,"760 Main St, City 12",Active,2020-01-01,McKesson
DSH210012,Hospital Center 12 - North,210012,Walgreens,"347 Main St, City 12",Active,2020-01-01,Cardinal Health
DSH210012,Hospital Center 12 - North,210012,Walmart Pharmacy,"859 Main St, City 12",Active,2020-01-01,McKesson
DSH210012,Hospital Center 12 - North,210012,Walmart Pharmacy,"834 Main St, City 12",Active,2020-01-01,McKesson
DSH210012,Hospital Center 12 - North,210012,Rite Aid,"674 Main St, City 12",Active,2020-01-01,McKesson
DSH210012,Hospital Center 12 - North,210012,Walgreens,"831 Main St, City 12",Active,2020-01-01,Cardinal Health
DSH210012,Hospital Center 12 - North,210012,Rite Aid,"868 Main St, City 12",Active,2020-01-01,McKesson
DSH210012,Hospital Center 12 - North,210012,Walmart Pharmacy,"839 Main St, City 12",Active,2020-01-01,McKesson
DSH210012,Hospital Center 12 - North,210012,Rite Aid,"900 Main St, City 12",Active,2020-01-01,McKesson
DSH210012,Hospital Center 12 - North,210012,Walmart Pharmacy,"151 Main St, City 12",Active,2020-01-01,McKesson
DSH210012,Hospital Center 12 - North,210012,CVS Pharmacy,"612 Main St, City 12",Active,2020-01-01,McKesson
DSH210012,Hospital Center 12 - North,210012,Walmart Pharmacy,"333 Main St, City 12",Active,2020-01-01,McKesson
DSH210012,Hospital Center 12 - North,210012,Walmart Pharmacy,"750 Main St, City 12",Active,2020-01-01,McKesson
DSH210012,Hospital Center 12 - North,210012,CVS Pharmacy,"283 Main St, City 12",Active,2020-01-01,McKesson
DSH210012,Hospital Center 12 - North,210012,Rite Aid,"211 Main St, City 12",Active,2020-01-01,McKesson
DSH210012,Hospital Center 12 - North,210012,Walgreens,"288 Main St, City 12",Active,2020-01-01,Cardinal Health
DSH210012,Hospital Center 12 - North,210012,CVS Pharmacy,"458 Main St, City 12",Active,2020-01-01,McKesson
DSH210012,Hospital Center 12 - North,210012,Rite Aid,"465 Main St, City 12",Active,2020-01-01,McKesson
DSH210012,Hospital Center 12 - North,210012,CVS Pharmacy,"629 Main St, City 12",Active,2020-01-01,McKesson
DSH210012,Hospital Center 12 - North,210012,Walgreens,"482 Main St, City 12",Active,2020-01-01,Cardinal Health
DSH210012,Hospital Center 12 - North,210012,Walmart Pharmacy,"270 Main St, City 12",Active,2020-01-01,McKesson
DSH210012,Hospital Center 12 - North,210012,CVS Pharmacy,"700 Main St, City 12",Active,2020-01-01,McKesson
DSH210012,Hospital Center 12 - North,210012,CVS Pharmacy,"187 Main St, City 12",Active,2020-01-01,McKesson
DSH210012,Hospital Center 12 - North,210012,Walmart Pharmacy,"191 Main St, City 12",Active,2020-01-01,McKesson
DSH210012,Hospital Center 12 - North,210012,Walmart Pharmacy,"778 Main St, City 12",Active,2020-01-01,McKesson
DSH210012,Hospital Center 12 - North,210012,Walgreens,"730 Main St, City 12",Active,2020-01-01,Cardinal Health
DSH210012,Hospital Center 12 - North,210012,Walgreens,"948 Main St, City 12",Active,2020-01-01,Cardinal Health
DSH210012,Hospital Center 12 - North,210012,CVS Pharmacy,"275 Main St, City 12",Active,2020-01-01,McKesson
DSH210012,Hospital Center 12 - North,210012,Walmart Pharmacy,"858 Main St, City 12",Active,2020-01-01,McKesson
DSH210012,Hospital Center 12 - North,210012,CVS Pharmacy,"501 Main St, City 12",Active,2020-01-01,McKesson
DSH210012,Hospital Center 12 - North,210012,CVS Pharmacy,"304 Main St, City 12",Active,2020-01-01,McKesson
DSH210012,Hospital Center 12 - North,210012,CVS Pharmacy,"861 Main St, City 12",Active,2020-01-01,McKesson
DSH210012,Hospital Center 12 - North,210012,Walmart Pharmacy,"640 Main St, City 12",Active,2020-01-01,McKesson
DSH210012,Hospital Center 12 - North,210012,Walgreens,"579 Main St, City 12",Active,2020-01-01,Cardinal Health
DSH210012,Hospital Center 12 - North,210012,CVS Pharmacy,"743 Main St, City 12",Active,2020-01-01,McKesson
DSH210012,Hospital Center 12 - North,210012,Rite Aid,"806 Main St, City 12",Active,2020-01-01,McKesson
DSH210012,Hospital Center 12 - North,210012,Walmart Pharmacy,"261 Main St, City 12",Active,2020-01-01,McKesson
DSH210012,Hospital Center 12 - North,210012,Walmart Pharmacy,"352 Main St, City 12",Active,2020-01-01,McKesson
DSH210012,Hospital Center 12 - North,210012,Rite Aid,"687 Main St, City 12",Active,2020-01-01,McKesson
DSH210012,Hospital Center 12 - North,210012,Walgreens,"482 Main St, City 12",Active,2020-01-01,Cardinal Health
DSH210012,Hospital Center 12 - North,210012,Walmart Pharmacy,"949 Main St, City 12",Active,2020-01-01,McKesson
DSH210012,Hospital Center 12 - North,210012,CVS Pharmacy,"382 Main St, City 12",Active,2020-01-01,McKesson
DSH210012,Hospital Center 12 - North,210012,Walmart Pharmacy,"624 Main St, City 12",Active,2020-01-01,McKesson
DSH210012,Hospital Center 12 - North,210012,Walgreens,"109 Main St, City 12",Active,2020-01-01,Cardinal Health
DSH210012,Hospital Center 12 - North,210012,CVS Pharmacy,"584 Main St, City 12",Active,2020-01-01,McKesson
DSH210012,Hospital Center 12 - North,210012,Walmart Pharmacy,"192 Main St, City 12",Active,2020-01-01,McKesson
DSH210012,Hospital Center 12 - North,210012,Rite Aid,"389 Main St, City 12",Active,2020-01-01,McKesson
DSH210012,Hospital Center 12 - North,210012,Walmart Pharmacy,"464 Main St, City 12",Active,2020-01-01,McKesson
DSH210012,Hospital Center 12 - North,210012,CVS Pharmacy,"932 Main St, City 12",Active,2020-01-01,McKesson
DSH210012,Hospital Center 12 - North,210012,Rite Aid,"591 Main St, City 12",Active,2020-01-01,McKesson
DSH210012,Hospital Center 12 - North,210012,Rite Aid,"859 Main St, City 12",Active,2020-01-01,McKesson
DSH210012,Hospital Center 12 - North,210012,CVS Pharmacy,"508 Main St, City 12",Active,2020-01-01,McKesson
DSH210012,Hospital Center 12 - North,210012,Rite Aid,"700 Main St, City 12",Active,2020-01-01,McKesson
DSH210012,Hospital Center 12 - North,210012,Walmart Pharmacy,"123 Main St, City 12",Active,2020-01-01,McKesson
DSH210012,Hospital Center 12 - North,210012,Walmart Pharmacy,"166 Main St, City 12",Active,2020-01-01,McKesson
DSH210012,Hospital Center 12 - North,210012,Walgreens,"209 Main St, City 12",Active,2020-01-01,Cardinal Health
DSH210013,Regional Medical Center 13,210013,Walmart Pharmacy,"589 Main St, City 13",Active,2020-01-01,McKesson
DSH210013,Regional Medical Center 13,210013,Walmart Pharmacy,"249 Main St, City 13",Active,2020-01-01,McKesson
DSH210013,Regional Medical Center 13,210013,Walmart Pharmacy,"310 Main St, City 13",Active,2020-01-01,McKesson
DSH210013,Regional Medical Center 13,210013,CVS Pharmacy,"642 Main St, City 13",Active,2020-01-01,McKesson
DSH210013,Regional Medical Center 13,210013,CVS Pharmacy,"824 Main St, City 13",Active,2020-01-01,McKesson
DSH210013,Regional Medical Center 13,210013,Walmart Pharmacy,"117 Main St, City 13",Active,2020-01-01,McKesson
DSH210013,Regional Medical Center 13,210013,Walgreens,"155 Main St, City 13",Active,2020-01-01,Cardinal Health
DSH210013,Regional Medical Center 13,210013,CVS Pharmacy,"342 Main St, City 13",Active,2020-01-01,McKesson
DSH210013,Regional Medical Center 13,210013,Walgreens,"354 Main St, City 13",Active,2020-01-01,Cardinal Health
DSH210013,Regional Medical Center 13,210013,Walgreens,"271 Main St, City 13",Active,2020-01-01,Cardinal Health
DSH210013,Regional Medical Center 13,210013,Walmart Pharmacy,"570 Main St, City 13",Active,2020-01-01,McKesson
DSH210013,Regional Medical Center 13,210013,Walmart Pharmacy,"162 Main St, City 13",Active,2020-01-01,McKesson
DSH210013,Regional Medical Center 13,210013,Walgreens,"153 Main St, City 13",Active,2020-01-01,Cardinal Health
DSH210013,Regional Medical Center 13,210013,Walgreens,"974 Main St, City 13",Active,2020-01-01,Cardinal Health
DSH210013,Regional Medical Center 13,210013,Rite Aid,"884 Main St, City 13",Active,2020-01-01,McKesson
DSH210013,Regional Medical Center 13,210013,Walmart Pharmacy,"370 Main St, City 13",Active,2020-01-01,McKesson
DSH210013,Regional Medical Center 13,210013,CVS Pharmacy,"211 Main St, City 13",Active,2020-01-01,McKesson
DSH210013,Regional Medical Center 13,210013,CVS Pharmacy,"499 Main St, City 13",Active,2020-01-01,McKesson
DSH210013,Regional Medical Center 13,210013,Walmart Pharmacy,"516 Main St, City 13",Active,2020-01-01,McKesson
DSH210013,Regional Medical Center 13,210013,Walmart Pharmacy,"745 Main St, City 13",Active,2020-01-01,McKesson
DSH210013,Regional Medical Center 13,210013,Rite Aid,"750 Main St, City 13",Active,2020-01-01,McKesson
DSH210013,Regional Medical Center 13,210013,Rite Aid,"538 Main St, City 13",Active,2020-01-01,McKesson
DSH210013,Regional Medical Center 13,210013,Rite Aid,"516 Main St, City 13",Active,2020-01-01,McKesson
DSH210013,Regional Medical Center 13,210013,CVS Pharmacy,"828 Main St, City 13",Active,2020-01-01,McKesson
DSH210013,Regional Medical Center 13,210013,Rite Aid,"235 Main St, City 13",Active,2020-01-01,McKesson
DSH210013,Regional Medical Center 13,210013,CVS Pharmacy,"475 Main St, City 13",Active,2020-01-01,McKesson
DSH210014,Hospital Center 14 - North,210014,CVS Pharmacy,"369 Main St, City 14",Active,2020-01-01,McKesson
DSH210014,Hospital Center 14 - North,210014,Walgreens,"905 Main St, City 14",Active,2020-01-01,Cardinal Health
DSH210014,Hospital Center 14 - North,210014,CVS Pharmacy,"846 Main St, City 14",Active,2020-01-01,McKesson
DSH210014,Hospital Center 14 - North,210014,CVS Pharmacy,"916 Main St, City 14",Active,2020-01-01,McKesson
DSH210014,Hospital Center 14 - North,210014,Rite Aid,"364 Main St, City 14",Active,2020-01-01,McKesson
DSH210014,Hospital Center 14 - North,210014,Rite Aid,"740 Main St, City 14",Active,2020-01-01,McKesson
DSH210014,Hospital Center 14 - North,210014,Walmart Pharmacy,"655 Main St, City 14",Active,2020-01-01,McKesson
DSH210014,Hospital Center 14 - North,210014,Walgreens,"367 Main St, City 14",Active,2020-01-01,Cardinal Health
DSH210014,Hospital Center 14 - North,210014,Walmart Pharmacy,"723 Main St, City 14",Active,2020-01-01,McKesson
DSH210014,Hospital Center 14 - North,210014,Walmart Pharmacy,"427 Main St, City 14",Active,2020-01-01,McKesson
DSH210014,Hospital Center 14 - North,210014,Walmart Pharmacy,"626 Main St, City 14",Active,2020-01-01,McKesson
DSH210014,Hospital Center 14 - North,210014,Rite Aid,"680 Main St, City 14",Active,2020-01-01,McKesson
DSH210014,Hospital Center 14 - North,210014,CVS Pharmacy,"968 Main St, City 14",Active,2020-01-01,McKesson
DSH210014,Hospital Center 14 - North,210014,Rite Aid,"355 Main St, City 14",Active,2020-01-01,McKesson
DSH210014,Hospital Center 14 - North,210014,Walgreens,"857 Main St, City 14",Active,2020-01-01,Cardinal Health
DSH210014,Hospital Center 14 - North,210014,Rite Aid,"548 Main St, City 14",Active,2020-01-01,McKesson
DSH210014,Hospital Center 14 - North,210014,Walgreens,"587 Main St, City 14",Active,2020-01-01,Cardinal Health
DSH210014,Hospital Center 14 - North,210014,Walmart Pharmacy,"264 Main St, City 14",Active,2020-01-01,McKesson
DSH210014,Hospital Center 14 - North,210014,Walgreens,"841 Main St, City 14",Active,2020-01-01,Cardinal Health
DSH210014,Hospital Center 14 - North,210014,CVS Pharmacy,"254 Main St, City 14",Active,2020-01-01,McKesson
DSH210014,Hospital Center 14 - North,210014,Walgreens,"171 Main St, City 14",Active,2020-01-01,Cardinal Health
DSH210014,Hospital Center 14 - North,210014,Rite Aid,"259 Main St, City 14",Active,2020-01-01,McKesson
DSH210014,Hospital Center 14 - North,210014,Rite Aid,"777 Main St, City 14",Active,2020-01-01,McKesson
DSH210014,Hospital Center 14 - North,210014,Walmart Pharmacy,"963 Main St, City 14",Active,2020-01-01,McKesson
DSH210014,Hospital Center 14 - North,210014,CVS Pharmacy,"538 Main St, City 14",Active,2020-01-01,McKesson
DSH210014,Hospital Center 14 - North,210014,Rite Aid,"184 Main St, City 14",Active,2020-01-01,McKesson
DSH210014,Hospital Center 14 - North,210014,Rite Aid,"193 Main St, City 14",Active,2020-01-01,McKesson
DSH210014,Hospital Center 14 - North,210014,Rite Aid,"919 Main St, City 14",Active,2020-01-01,McKesson
DSH210014,Hospital Center 14 - North,210014,Rite Aid,"422 Main St, City 14",Active,2020-01-01,McKesson
DSH210014,Hospital Center 14 - North,210014,Rite Aid,"111 Main St, City 14",Active,2020-01-01,McKesson
DSH210014,Hospital Center 14 - North,210014,CVS Pharmacy,"203 Main St, City 14",Active,2020-01-01,McKesson
DSH210014,Hospital Center 14 - North,210014,Walmart Pharmacy,"566 Main St, City 14",Active,2020-01-01,McKesson
DSH210014,Hospital Center 14 - North,210014,Walgreens,"593 Main St, City 14",Active,2020-01-01,Cardinal Health
DSH210014,Hospital Center 14 - North,210014,Walgreens,"729 Main St, City 14",Active,2020-01-01,Cardinal Health
DSH210014,Hospital Center 14 - North,210014,Walgreens,"900 Main St, City 14",Active,2020-01-01,Cardinal Health
DSH210014,Hospital Center 14 - North,210014,Walgreens,"772 Main St, City 14",Active,2020-01-01,Cardinal Health
DSH210014,Hospital Center 14 - North,210014,Rite Aid,"292 Main St, City 14",Active,2020-01-01,McKesson
DSH210014,Hospital Center 14 - North,210014,Walmart Pharmacy,"594 Main St, City 14",Active,2020-01-01,McKesson
DSH210014,Hospital Center 14 - North,210014,Walmart Pharmacy,"970 Main St, City 14",Active,2020-01-01,McKesson
DSH210014,Hospital Center 14 - North,210014,Rite Aid,"224 Main St, City 14",Active,2020-01-01,McKesson
DSH210014,Hospital Center 14 - North,210014,Walmart Pharmacy,"816 Main St, City 14",Active,2020-01-01,McKesson
DSH210014,Hospital Center 14 - North,210014,Walgreens,"272 Main St, City 14",Active,2020-01-01,Cardinal Health
DSH210014,Hospital Center 14 - North,210014,CVS Pharmacy,"885 Main St, City 14",Active,2020-01-01,McKesson
DSH210014,Hospital Center 14 - North,210014,Rite Aid,"664 Main St, City 14",Active,2020-01-01,McKesson
DSH210014,Hospital Center 14 - North,210014,CVS Pharmacy,"315 Main St, City 14",Active,2020-01-01,McKesson
DSH210014,Hospital Center 14 - North,210014,CVS Pharmacy,"721 Main St, City 14",Active,2020-01-01,McKesson
DSH210014,Hospital Center 14 - North,210014,CVS Pharmacy,"178 Main St, City 14",Active,2020-01-01,McKesson
DSH210014,Hospital Center 14 - North,210014,Walgreens,"801 Main St, City 14",Active,2020-01-01,Cardinal Health
DSH210014,Hospital Center 14 - North,210014,Walgreens,"732 Main St, City 14",Active,2020-01-01,Cardinal Health
DSH210014,Hospital Center 14 - North,210014,Walmart Pharmacy,"286 Main St, City 14",Active,2020-01-01,McKesson
DSH210014,Hospital Center 14 - North,210014,Rite Aid,"580 Main St, City 14",Active,2020-01-01,McKesson
DSH210014,Hospital Center 14 - North,210014,Rite Aid,"677 Main St, City 14",Active,2020-01-01,McKesson
DSH210014,Hospital Center 14 - North,210014,Walmart Pharmacy,"652 Main St, City 14",Active,2020-01-01,McKesson
DSH210014,Hospital Center 14 - North,210014,Walgreens,"280 Main St, City 14",Active,2020-01-01,Cardinal Health
DSH210014,Hospital Center 14 - North,210014,Rite Aid,"707 Main St, City 14",Active,2020-01-01,McKesson
DSH210014,Hospital Center 14 - North,210014,Walmart Pharmacy,"192 Main St, City 14",Active,2020-01-01,McKesson
DSH210014,Hospital Center 14 - North,210014,Walmart Pharmacy,"773 Main St, City 14",Active,2020-01-01,McKesson
DSH210015,Regional Medical Center 15,210015,Walgreens,"384 Main St, City 15",Active,2020-01-01,Cardinal Health
DSH210015,Regional Medical Center 15,210015,CVS Pharmacy,"354 Main St, City 15",Active,2020-01-01,McKesson
DSH210015,Regional Medical Center 15,210015,Walgreens,"172 Main St, City 15",Active,2020-01-01,Cardinal Health
DSH210015,Regional Medical Center 15,210015,CVS Pharmacy,"318 Main St, City 15",Active,2020-01-01,McKesson
DSH210015,Regional Medical Center 15,210015,Rite Aid,"915 Main St, City 15",Active,2020-01-01,McKesson
DSH210015,Regional Medical Center 15,210015,Walgreens,"717 Main St, City 15",Active,2020-01-01,Cardinal Health
DSH210015,Regional Medical Center 15,210015,Walmart Pharmacy,"666 Main St, City 15",Active,2020-01-01,McKesson
DSH210015,Regional Medical Center 15,210015,CVS Pharmacy,"396 Main St, City 15",Active,2020-01-01,McKesson
DSH210015,Regional Medical Center 15,210015,CVS Pharmacy,"898 Main St, City 15",Active,2020-01-01,McKesson
DSH210015,Regional Medical Center 15,210015,Walgreens,"637 Main St, City 15",Active,2020-01-01,Cardinal Health
DSH210015,Regional Medical Center 15,210015,Walgreens,"746 Main St, City 15",Active,2020-01-01,Cardinal Health
DSH210015,Regional Medical Center 15,210015,Walmart Pharmacy,"828 Main St, City 15",Active,2020-01-01,McKesson
DSH210015,Regional Medical Center 15,210015,CVS Pharmacy,"911 Main St, City 15",Active,2020-01-01,McKesson
DSH210015,Regional Medical Center 15,210015,CVS Pharmacy,"689 Main St, City 15",Active,2020-01-01,McKesson
DSH210015,Regional Medical Center 15,210015,CVS Pharmacy,"567 Main St, City 15",Active,2020-01-01,McKesson
DSH210015,Regional Medical Center 15,210015,Walmart Pharmacy,"255 Main St, City 15",Active,2020-01-01,McKesson
DSH210015,Regional Medical Center 15,210015,Rite Aid,"506 Main St, City 15",Active,2020-01-01,McKesson
DSH210015,Regional Medical Center 15,210015,Walmart Pharmacy,"650 Main St, City 15",Active,2020-01-01,McKesson
DSH210015,Regional Medical Center 15,210015,Rite Aid,"835 Main St, City 15",Active,2020-01-01,McKesson
DSH210015,Regional Medical Center 15,210015,Walmart Pharmacy,"364 Main St, City 15",Active,2020-01-01,McKesson
DSH210015,Regional Medical Center 15,210015,Rite Aid,"107 Main St, City 15",Active,2020-01-01,McKesson
DSH210015,Regional Medical Center 15,210015,Walmart Pharmacy,"598 Main St, City 15",Active,2020-01-01,McKesson
DSH210015,Regional Medical Center 15,210015,Walgreens,"397 Main St, City 15",Active,2020-01-01,Cardinal Health
DSH210015,Regional Medical Center 15,210015,CVS Pharmacy,"588 Main St, City 15",Active,2020-01-01,McKesson
DSH210015,Regional Medical Center 15,210015,Rite Aid,"293 Main St, City 15",Active,2020-01-01,McKesson
DSH210015,Regional Medical Center 15,210015,Rite Aid,"691 Main St, City 15",Active,2020-01-01,McKesson
DSH210015,Regional Medical Center 15,210015,Walgreens,"510 Main St, City 15",Active,2020-01-01,Cardinal Health
DSH210015,Regional Medical Center 15,210015,Walmart Pharmacy,"416 Main St, City 15",Active,2020-01-01,McKesson
DSH210015,Regional Medical Center 15,210015,CVS Pharmacy,"599 Main St, City 15",Active,2020-01-01,McKesson
DSH210015,Regional Medical Center 15,210015,Walmart Pharmacy,"366 Main St, City 15",Active,2020-01-01,McKesson
DSH210015,Regional Medical Center 15,210015,Rite Aid,"892 Main St, City 15",Active,2020-01-01,McKesson
DSH210015,Regional Medical Center 15,210015,Walmart Pharmacy,"593 Main St, City 15",Active,2020-01-01,McKesson
DSH210015,Regional Medical Center 15,210015,Rite Aid,"789 Main St, City 15",Active,2020-01-01,McKesson
DSH210015,Regional Medical Center 15,210015,Walgreens,"717 Main St, City 15",Active,2020-01-01,Cardinal Health
DSH210015,Regional Medical Center 15,210015,Rite Aid,"460 Main St, City 15",Active,2020-01-01,McKesson
DSH210015,Regional Medical Center 15,210015,Walgreens,"723 Main St, City 15",Active,2020-01-01,Cardinal Health
DSH210015,Regional Medical Center 15,210015,CVS Pharmacy,"235 Main St, City 15",Active,2020-01-01,McKesson
DSH210015,Regional Medical Center 15,210015,Walmart Pharmacy,"608 Main St, City 15",Active,2020-01-01,McKesson
DSH210015,Regional Medical Center 15,210015,Walgreens,"697 Main St, City 15",Active,2020-01-01,Cardinal Health
DSH210015,Regional Medical Center 15,210015,Rite Aid,"989 Main St, City 15",Active,2020-01-01,McKesson
DSH210015,Regional Medical Center 15,210015,CVS Pharmacy,"134 Main St, City 15",Active,2020-01-01,McKesson
DSH210015,Regional Medical Center 15,210015,Rite Aid,"719 Main St, City 15",Active,2020-01-01,McKesson
DSH210015,Regional Medical Center 15,210015,Walmart Pharmacy,"769 Main St, City 15",Active,2020-01-01,McKesson
DSH210015,Regional Medical Center 15,210015,Rite Aid,"225 Main St, City 15",Active,2020-01-01,McKesson
DSH210015,Regional Medical Center 15,210015,Walmart Pharmacy,"608 Main St, City 15",Active,2020-01-01,McKesson
DSH210015,Regional Medical Center 15,210015,Walmart Pharmacy,"507 Main St, City 15",Active,2020-01-01,McKesson
DSH210015,Regional Medical Center 15,210015,Walmart Pharmacy,"542 Main St, City 15",Active,2020-01-01,McKesson
DSH210015,Regional Medical Center 15,210015,Walgreens,"116 Main St, City 15",Active,2020-01-01,Cardinal Health
DSH210015,Regional Medical Center 15,210015,CVS Pharmacy,"279 Main St, City 15",Active,2020-01-01,McKesson
DSH210015,Regional Medical Center 15,210015,Walmart Pharmacy,"318 Main St, City 15",Active,2020-01-01,McKesson
DSH210015,Regional Medical Center 15,210015,CVS Pharmacy,"362 Main St, City 15",Active,2020-01-01,McKesson
DSH210015,Regional Medical Center 15,210015,Rite Aid,"979 Main St, City 15",Active,2020-01-01,McKesson
DSH210015,Regional Medical Center 15,210015,Walmart Pharmacy,"888 Main St, City 15",Active,2020-01-01,McKesson
DSH210015,Regional Medical Center 15,210015,Walmart Pharmacy,"771 Main St, City 15",Active,2020-01-01,McKesson
DSH210015,Regional Medical Center 15,210015,Walmart Pharmacy,"610 Main St, City 15",Active,2020-01-01,McKesson
DSH210015,Regional Medical Center 15,210015,Walgreens,"757 Main St, City 15",Active,2020-01-01,Cardinal Health
DSH210015,Regional Medical Center 15,210015,Rite Aid,"127 Main St, City 15",Active,2020-01-01,McKesson
DSH210015,Regional Medical Center 15,210015,CVS Pharmacy,"155 Main St, City 15",Active,2020-01-01,McKesson
DSH210015,Regional Medical Center 15,210015,Rite Aid,"904 Main St, City 15",Active,2020-01-01,McKesson
DSH210015,Regional Medical Center 15,210015,Walgreens,"200 Main St, City 15",Active,2020-01-01,Cardinal Health
DSH210015,Regional Medical Center 15,210015,Rite Aid,"547 Main St, City 15",Active,2020-01-01,McKesson
DSH210015,Regional Medical Center 15,210015,CVS Pharmacy,"853 Main St, City 15",Active,2020-01-01,McKesson
DSH210015,Regional Medical Center 15,210015,Walgreens,"772 Main St, City 15",Active,2020-01-01,Cardinal Health
DSH210015,Regional Medical Center 15,210015,Walmart Pharmacy,"424 Main St, City 15",Active,2020-01-01,McKesson
DSH210015,Regional Medical Center 15,210015,Rite Aid,"598 Main St, City 15",Active,2020-01-01,McKesson
DSH210015,Regional Medical Center 15,210015,Walgreens,"627 Main St, City 15",Active,2020-01-01,Cardinal Health
DSH210015,Regional Medical Center 15,210015,Walgreens,"968 Main St, City 15",Active,2020-01-01,Cardinal Health
DSH210015,Regional Medical Center 15,210015,Rite Aid,"991 Main St, City 15",Active,2020-01-01,McKesson
DSH210015,Regional Medical Center 15,210015,Walgreens,"961 Main St, City 15",Active,2020-01-01,Cardinal Health
DSH210015,Regional Medical Center 15,210015,Walgreens,"820 Main St, City 15",Active,2020-01-01,Cardinal Health
DSH210016,Hospital Center 16 - North,210016,Walgreens,"347 Main St, City 16",Active,2020-01-01,Cardinal Health
DSH210016,Hospital Center 16 - North,210016,Rite Aid,"621 Main St, City 16",Active,2020-01-01,McKesson
DSH210016,Hospital Center 16 - North,210016,CVS Pharmacy,"103 Main St, City 16",Active,2020-01-01,McKesson
DSH210016,Hospital Center 16 - North,210016,Walmart Pharmacy,"637 Main St, City 16",Active,2020-01-01,McKesson
DSH210016,Hospital Center 16 - North,210016,Walgreens,"269 Main St, City 16",Active,2020-01-01,Cardinal Health
DSH210016,Hospital Center 16 - North,210016,Rite Aid,"104 Main St, City 16",Active,2020-01-01,McKesson
DSH210016,Hospital Center 16 - North,210016,CVS Pharmacy,"418 Main St, City 16",Active,2020-01-01,McKesson
DSH210016,Hospital Center 16 - North,210016,Walgreens,"916 Main St, City 16",Active,2020-01-01,Cardinal Health
DSH210016,Hospital Center 16 - North,210016,Rite Aid,"831 Main St, City 16",Active,2020-01-01,McKesson
DSH210016,Hospital Center 16 - North,210016,Rite Aid,"521 Main St, City 16",Active,2020-01-01,McKesson
DSH210016,Hospital Center 16 - North,210016,Walgreens,"384 Main St, City 16",Active,2020-01-01,Cardinal Health
DSH210016,Hospital Center 16 - North,210016,CVS Pharmacy,"146 Main St, City 16",Active,2020-01-01,McKesson
DSH210016,Hospital Center 16 - North,210016,CVS Pharmacy,"623 Main St, City 16",Active,2020-01-01,McKesson
DSH210016,Hospital Center 16 - North,210016,CVS Pharmacy,"647 Main St, City 16",Active,2020-01-01,McKesson
DSH210016,Hospital Center 16 - North,210016,Walgreens,"861 Main St, City 16",Active,2020-01-01,Cardinal Health
DSH210016,Hospital Center 16 - North,210016,Rite Aid,"185 Main St, City 16",Active,2020-01-01,McKesson
DSH210016,Hospital Center 16 - North,210016,Walmart Pharmacy,"997 Main St, City 16",Active,2020-01-01,McKesson
DSH210016,Hospital Center 16 - North,210016,Rite Aid,"221 Main St, City 16",Active,2020-01-01,McKesson
DSH210016,Hospital Center 16 - North,210016,Rite Aid,"193 Main St, City 16",Active,2020-01-01,McKesson
DSH210016,Hospital Center 16 - North,210016,Walmart Pharmacy,"462 Main St, City 16",Active,2020-01-01,McKesson
DSH210016,Hospital Center 16 - North,210016,CVS Pharmacy,"399 Main St, City 16",Active,2020-01-01,McKesson
DSH210016,Hospital Center 16 - North,210016,Walgreens,"542 Main St, City 16",Active,2020-01-01,Cardinal Health
DSH210016,Hospital Center 16 - North,210016,Walgreens,"222 Main St, City 16",Active,2020-01-01,Cardinal Health
DSH210016,Hospital Center 16 - North,210016,Rite Aid,"590 Main St, City 16",Active,2020-01-01,McKesson
DSH210016,Hospital Center 16 - North,210016,Rite Aid,"629 Main St, City 16",Active,2020-01-01,McKesson
DSH210016,Hospital Center 16 - North,210016,Rite Aid,"735 Main St, City 16",Active,2020-01-01,McKesson
DSH210016,Hospital Center 16 - North,210016,Walmart Pharmacy,"238 Main St, City 16",Active,2020-01-01,McKesson
DSH210016,Hospital Center 16 - North,210016,Walmart Pharmacy,"644 Main St, City 16",Active,2020-01-01,McKesson
DSH210016,Hospital Center 16 - North,210016,Rite Aid,"678 Main St, City 16",Active,2020-01-01,McKesson
DSH210016,Hospital Center 16 - North,210016,Walgreens,"796 Main St, City 16",Active,2020-01-01,Cardinal Health
DSH210016,Hospital Center 16 - North,210016,Walmart Pharmacy,"618 Main St, City 16",Active,2020-01-01,McKesson
DSH210016,Hospital Center 16 - North,210016,CVS Pharmacy,"100 Main St, City 16",Active,2020-01-01,McKesson
DSH210016,Hospital Center 16 - North,210016,CVS Pharmacy,"157 Main St, City 16",Active,2020-01-01,McKesson
DSH210016,Hospital Center 16 - North,210016,Walmart Pharmacy,"593 Main St, City 16",Active,2020-01-01,McKesson
DSH210016,Hospital Center 16 - North,210016,CVS Pharmacy,"604 Main St, City 16",Active,2020-01-01,McKesson
DSH210016,Hospital Center 16 - North,210016,Walmart Pharmacy,"900 Main St, City 16",Active,2020-01-01,McKesson
DSH210016,Hospital Center 16 - North,210016,Walgreens,"702 Main St, City 16",Active,2020-01-01,Cardinal Health
DSH210016,Hospital Center 16 - North,210016,Walgreens,"251 Main St, City 16",Active,2020-01-01,Cardinal Health
DSH210016,Hospital Center 16 - North,210016,Walgreens,"618 Main St, City 16",Active,2020-01-01,Cardinal Health
DSH210016,Hospital Center 16 - North,210016,Rite Aid,"134 Main St, City 16",Active,2020-01-01,McKesson
DSH210016,Hospital Center 16 - North,210016,Walmart Pharmacy,"380 Main St, City 16",Active,2020-01-01,McKesson
DSH210016,Hospital Center 16 - North,210016,Walmart Pharmacy,"953 Main St, City 16",Active,2020-01-01,McKesson
DSH210016,Hospital Center 16 - North,210016,Walgreens,"659 Main St, City 16",Active,2020-01-01,Cardinal Health
DSH210016,Hospital Center 16 - North,210016,Walmart Pharmacy,"698 Main St, City 16",Active,2020-01-01,McKesson
DSH210016,Hospital Center 16 - North,210016,CVS Pharmacy,"301 Main St, City 16",Active,2020-01-01,McKesson
DSH210016,Hospital Center 16 - North,210016,CVS Pharmacy,"322 Main St, City 16",Active,2020-01-01,McKesson
DSH210016,Hospital Center 16 - North,210016,Walgreens,"624 Main St, City 16",Active,2020-01-01,Cardinal Health
DSH210016,Hospital Center 16 - North,210016,Walgreens,"993 Main St, City 16",Active,2020-01-01,Cardinal Health
DSH210016,Hospital Center 16 - North,210016,Walmart Pharmacy,"217 Main St, City 16",Active,2020-01-01,McKesson
DSH210016,Hospital Center 16 - North,210016,Rite Aid,"706 Main St, City 16",Active,2020-01-01,McKesson
DSH210016,Hospital Center 16 - North,210016,Walmart Pharmacy,"661 Main St, City 16",Active,2020-01-01,McKesson
DSH210016,Hospital Center 16 - North,210016,Walmart Pharmacy,"522 Main St, City 16",Active,2020-01-01,McKesson
DSH210016,Hospital Center 16 - North,210016,Rite Aid,"409 Main St, City 16",Active,2020-01-01,McKesson
DSH210016,Hospital Center 16 - North,210016,CVS Pharmacy,"313 Main St, City 16",Active,2020-01-01,McKesson
DSH210016,Hospital Center 16 - North,210016,CVS Pharmacy,"183 Main St, City 16",Active,2020-01-01,McKesson
DSH210016,Hospital Center 16 - North,210016,Walgreens,"622 Main St, City 16",Active,2020-01-01,Cardinal Health
DSH210016,Hospital Center 16 - North,210016,Walgreens,"854 Main St, City 16",Active,2020-01-01,Cardinal Health
DSH210016,Hospital Center 16 - North,210016,Walmart Pharmacy,"898 Main St, City 16",Active,2020-01-01,McKesson
DSH210016,Hospital Center 16 - North,210016,Rite Aid,"642 Main St, City 16",Active,2020-01-01,McKesson
DSH210016,Hospital Center 16 - North,210016,Walgreens,"804 Main St, City 16",Active,2020-01-01,Cardinal Health
DSH210016,Hospital Center 16 - North,210016,Walmart Pharmacy,"586 Main St, City 16",Active,2020-01-01,McKesson
DSH210016,Hospital Center 16 - North,210016,Rite Aid,"625 Main St, City 16",Active,2020-01-01,McKesson
DSH210016,Hospital Center 16 - North,210016,Walmart Pharmacy,"392 Main St, City 16",Active,2020-01-01,McKesson
DSH210016,Hospital Center 16 - North,210016,Walgreens,"689 Main St, City 16",Active,2020-01-01,Cardinal Health
DSH210016,Hospital Center 16 - North,210016,Rite Aid,"393 Main St, City 16",Active,2020-01-01,McKesson
DSH210016,Hospital Center 16 - North,210016,CVS Pharmacy,"104 Main St, City 16",Active,2020-01-01,McKesson
DSH210016,Hospital Center 16 - North,210016,Walmart Pharmacy,"333 Main St, City 16",Active,2020-01-01,McKesson
DSH210016,Hospital Center 16 - North,210016,Walgreens,"826 Main St, City 16",Active,2020-01-01,Cardinal Health
DSH210016,Hospital Center 16 - North,210016,CVS Pharmacy,"968 Main St, City 16",Active,2020-01-01,McKesson
DSH210016,Hospital Center 16 - North,210016,Walgreens,"454 Main St, City 16",Active,2020-01-01,Cardinal Health
DSH210016,Hospital Center 16 - North,210016,Rite Aid,"989 Main St, City 16",Active,2020-01-01,McKesson
DSH210016,Hospital Center 16 - North,210016,Rite Aid,"166 Main St, City 16",Active,2020-01-01,McKesson
DSH210016,Hospital Center 16 - North,210016,Walmart Pharmacy,"400 Main St, City 16",Active,2020-01-01,McKesson
DSH210016,Hospital Center 16 - North,210016,Rite Aid,"974 Main St, City 16",Active,2020-01-01,McKesson
DSH210016,Hospital Center 16 - North,210016,CVS Pharmacy,"401 Main St, City 16",Active,2020-01-01,McKesson
DSH210016,Hospital Center 16 - North,210016,Walgreens,"378 Main St, City 16",Active,2020-01-01,Cardinal Health
DSH210016,Hospital Center 16 - North,210016,CVS Pharmacy,"277 Main St, City 16",Active,2020-01-01,McKesson
DSH210016,Hospital Center 16 - North,210016,Walgreens,"568 Main St, City 16",Active,2020-01-01,Cardinal Health
DSH210016,Hospital Center 16 - North,210016,CVS Pharmacy,"299 Main St, City 16",Active,2020-01-01,McKesson
DSH210016,Hospital Center 16 - North,210016,CVS Pharmacy,"415 Main St, City 16",Active,2020-01-01,McKesson
DSH210016,Hospital Center 16 - North,210016,Rite Aid,"293 Main St, City 16",Active,2020-01-01,McKesson
DSH210016,Hospital Center 16 - North,210016,Walmart Pharmacy,"336 Main St, City 16",Active,2020-01-01,McKesson
DSH210016,Hospital Center 16 - North,210016,Walgreens,"619 Main St, City 16",Active,2020-01-01,Cardinal Health
DSH210016,Hospital Center 16 - North,210016,Walmart Pharmacy,"243 Main St, City 16",Active,2020-01-01,McKesson
DSH210016,Hospital Center 16 - North,210016,Walgreens,"635 Main St, City 16",Active,2020-01-01,Cardinal Health
DSH210016,Hospital Center 16 - North,210016,Walgreens,"579 Main St, City 16",Active,2020-01-01,Cardinal Health
DSH210016,Hospital Center 16 - North,210016,Rite Aid,"630 Main St, City 16",Active,2020-01-01,McKesson
DSH210016,Hospital Center 16 - North,210016,CVS Pharmacy,"404 Main St, City 16",Active,2020-01-01,McKesson
DSH210016,Hospital Center 16 - North,210016,Rite Aid,"399 Main St, City 16",Active,2020-01-01,McKesson
DSH210016,Hospital Center 16 - North,210016,CVS Pharmacy,"420 Main St, City 16",Active,2020-01-01,McKesson
DSH210016,Hospital Center 16 - North,210016,Walmart Pharmacy,"809 Main St, City 16",Active,2020-01-01,McKesson
DSH210016,Hospital Center 16 - North,210016,Rite Aid,"689 Main St, City 16",Active,2020-01-01,McKesson
DSH210016,Hospital Center 16 - North,210016,Walmart Pharmacy,"145 Main St, City 16",Active,2020-01-01,McKesson
DSH210016,Hospital Center 16 - North,210016,CVS Pharmacy,"376 Main St, City 16",Active,2020-01-01,McKesson
DSH210016,Hospital Center 16 - North,210016,Rite Aid,"893 Main St, City 16",Active,2020-01-01,McKesson
DSH210016,Hospital Center 16 - North,210016,Walgreens,"844 Main St, City 16",Active,2020-01-01,Cardinal Health
DSH210017,Regional Medical Center 17,210017,Walgreens,"747 Main St, City 17",Active,2020-01-01,Cardinal Health
DSH210017,Regional Medical Center 17,210017,Walgreens,"252 Main St, City 17",Active,2020-01-01,Cardinal Health
DSH210017,Regional Medical Center 17,210017,Walmart Pharmacy,"160 Main St, City 17",Active,2020-01-01,McKesson
DSH210017,Regional Medical Center 17,210017,Rite Aid,"540 Main St, City 17",Active,2020-01-01,McKesson
DSH210017,Regional Medical Center 17,210017,Walgreens,"940 Main St, City 17",Active,2020-01-01,Cardinal Health
DSH210017,Regional Medical Center 17,210017,Walgreens,"493 Main St, City 17",Active,2020-01-01,Cardinal Health
DSH210017,Regional Medical Center 17,210017,Walgreens,"778 Main St, City 17",Active,2020-01-01,Cardinal Health
DSH210017,Regional Medical Center 17,210017,Walmart Pharmacy,"883 Main St, City 17",Active,2020-01-01,McKesson
DSH210017,Regional Medical Center 17,210017,Walgreens,"884 Main St, City 17",Active,2020-01-01,Cardinal Health
DSH210017,Regional Medical Center 17,210017,Rite Aid,"835 Main St, City 17",Active,2020-01-01,McKesson
DSH210017,Regional Medical Center 17,210017,Walmart Pharmacy,"901 Main St, City 17",Active,2020-01-01,McKesson
DSH210017,Regional Medical Center 17,210017,Walmart Pharmacy,"998 Main St, City 17",Active,2020-01-01,McKesson
DSH210017,Regional Medical Center 17,210017,Rite Aid,"114 Main St, City 17",Active,2020-01-01,McKesson
DSH210017,Regional Medical Center 17,210017,Walgreens,"971 Main St, City 17",Active,2020-01-01,Cardinal Health
DSH210017,Regional Medical Center 17,210017,Walmart Pharmacy,"947 Main St, City 17",Active,2020-01-01,McKesson
DSH210017,Regional Medical Center 17,210017,Walmart Pharmacy,"887 Main St, City 17",Active,2020-01-01,McKesson
DSH210017,Regional Medical Center 17,210017,CVS Pharmacy,"281 Main St, City 17",Active,2020-01-01,McKesson
DSH210017,Regional Medical Center 17,210017,Walmart Pharmacy,"674 Main St, City 17",Active,2020-01-01,McKesson
DSH210017,Regional Medical Center 17,210017,Walmart Pharmacy,"900 Main St, City 17",Active,2020-01-01,McKesson
DSH210017,Regional Medical Center 17,210017,Walmart Pharmacy,"920 Main St, City 17",Active,2020-01-01,McKesson
DSH210017,Regional Medical Center 17,210017,Walgreens,"727 Main St, City 17",Active,2020-01-01,Cardinal Health
DSH210017,Regional Medical Center 17,210017,Rite Aid,"651 Main St, City 17",Active,2020-01-01,McKesson
DSH210017,Regional Medical Center 17,210017,Rite Aid,"383 Main St, City 17",Active,2020-01-01,McKesson
DSH210017,Regional Medical Center 17,210017,CVS Pharmacy,"129 Main St, City 17",Active,2020-01-01,McKesson
DSH210017,Regional Medical Center 17,210017,CVS Pharmacy,"233 Main St, City 17",Active,2020-01-01,McKesson
DSH210017,Regional Medical Center 17,210017,Rite Aid,"245 Main St, City 17",Active,2020-01-01,McKesson
DSH210017,Regional Medical Center 17,210017,Walgreens,"376 Main St, City 17",Active,2020-01-01,Cardinal Health
DSH210017,Regional Medical Center 17,210017,Rite Aid,"184 Main St, City 17",Active,2020-01-01,McKesson
DSH210017,Regional Medical Center 17,210017,Walgreens,"137 Main St, City 17",Active,2020-01-01,Cardinal Health
DSH210017,Regional Medical Center 17,210017,Walmart Pharmacy,"577 Main St, City 17",Active,2020-01-01,McKesson
DSH210017,Regional Medical Center 17,210017,Walgreens,"558 Main St, City 17",Active,2020-01-01,Cardinal Health
DSH210017,Regional Medical Center 17,210017,Walmart Pharmacy,"147 Main St, City 17",Active,2020-01-01,McKesson
DSH210017,Regional Medical Center 17,210017,Rite Aid,"476 Main St, City 17",Active,2020-01-01,McKesson
DSH210017,Regional Medical Center 17,210017,Walmart Pharmacy,"481 Main St, City 17",Active,2020-01-01,McKesson
DSH210017,Regional Medical Center 17,210017,Rite Aid,"515 Main St, City 17",Active,2020-01-01,McKesson
DSH210017,Regional Medical Center 17,210017,Walmart Pharmacy,"199 Main St, City 17",Active,2020-01-01,McKesson
DSH210017,Regional Medical Center 17,210017,Walgreens,"305 Main St, City 17",Active,2020-01-01,Cardinal Health
DSH210017,Regional Medical Center 17,210017,Rite Aid,"928 Main St, City 17",Active,2020-01-01,McKesson
DSH210017,Regional Medical Center 17,210017,Walmart Pharmacy,"583 Main St, City 17",Active,2020-01-01,McKesson
DSH210017,Regional Medical Center 17,210017,Walmart Pharmacy,"375 Main St, City 17",Active,2020-01-01,McKesson
DSH210017,Regional Medical Center 17,210017,CVS Pharmacy,"643 Main St, City 17",Active,2020-01-01,McKesson
DSH210017,Regional Medical Center 17,210017,Walgreens,"853 Main St, City 17",Active,2020-01-01,Cardinal Health
DSH210017,Regional Medical Center 17,210017,Rite Aid,"438 Main St, City 17",Active,2020-01-01,McKesson
DSH210017,Regional Medical Center 17,210017,Rite Aid,"719 Main St, City 17",Active,2020-01-01,McKesson
DSH210017,Regional Medical Center 17,210017,Walgreens,"646 Main St, City 17",Active,2020-01-01,Cardinal Health
DSH210017,Regional Medical Center 17,210017,Rite Aid,"641 Main St, City 17",Active,2020-01-01,McKesson
DSH210017,Regional Medical Center 17,210017,Rite Aid,"985 Main St, City 17",Active,2020-01-01,McKesson
DSH210017,Regional Medical Center 17,210017,Walmart Pharmacy,"886 Main St, City 17",Active,2020-01-01,McKesson
DSH210017,Regional Medical Center 17,210017,Walmart Pharmacy,"215 Main St, City 17",Active,2020-01-01,McKesson
DSH210017,Regional Medical Center 17,210017,Walmart Pharmacy,"746 Main St, City 17",Active,2020-01-01,McKesson
DSH210017,Regional Medical Center 17,210017,Walgreens,"890 Main St, City 17",Active,2020-01-01,Cardinal Health
DSH210017,Regional Medical Center 17,210017,Walgreens,"677 Main St, City 17",Active,2020-01-01,Cardinal Health
DSH210017,Regional Medical Center 17,210017,Walgreens,"649 Main St, City 17",Active,2020-01-01,Cardinal Health
DSH210017,Regional Medical Center 17,210017,Rite Aid,"162 Main St, City 17",Active,2020-01-01,McKesson
DSH210017,Regional Medical Center 17,210017,Walgreens,"728 Main St, City 17",Active,2020-01-01,Cardinal Health
DSH210017,Regional Medical Center 17,210017,CVS Pharmacy,"432 Main St, City 17",Active,2020-01-01,McKesson
DSH210017,Regional Medical Center 17,210017,Walgreens,"964 Main St, City 17",Active,2020-01-01,Cardinal Health
DSH210017,Regional Medical Center 17,210017,Walgreens,"980 Main St, City 17",Active,2020-01-01,Cardinal Health
DSH210017,Regional Medical Center 17,210017,Walmart Pharmacy,"870 Main St, City 17",Active,2020-01-01,McKesson
DSH210017,Regional Medical Center 17,210017,Rite Aid,"803 Main St, City 17",Active,2020-01-01,McKesson
DSH210017,Regional Medical Center 17,210017,CVS Pharmacy,"279 Main St, City 17",Active,2020-01-01,McKesson
DSH210018,Hospital Center 18 - North,210018,CVS Pharmacy,"274 Main St, City 18",Active,2020-01-01,McKesson
DSH210018,Hospital Center 18 - North,210018,CVS Pharmacy,"735 Main St, City 18",Active,2020-01-01,McKesson
DSH210018,Hospital Center 18 - North,210018,CVS Pharmacy,"959 Main St, City 18",Active,2020-01-01,McKesson
DSH210018,Hospital Center 18 - North,210018,CVS Pharmacy,"193 Main St, City 18",Active,2020-01-01,McKesson
DSH210018,Hospital Center 18 - North,210018,Walgreens,"894 Main St, City 18",Active,2020-01-01,Cardinal Health
DSH210018,Hospital Center 18 - North,210018,CVS Pharmacy,"257 Main St, City 18",Active,2020-01-01,McKesson
DSH210018,Hospital Center 18 - North,210018,Walmart Pharmacy,"964 Main St, City 18",Active,2020-01-01,McKesson
DSH210018,Hospital Center 18 - North,210018,Rite Aid,"685 Main St, City 18",Active,2020-01-01,McKesson
DSH210018,Hospital Center 18 - North,210018,CVS Pharmacy,"171 Main St, City 18",Active,2020-01-01,McKesson
DSH210018,Hospital Center 18 - North,210018,CVS Pharmacy,"819 Main St, City 18",Active,2020-01-01,McKesson
DSH210018,Hospital Center 18 - North,210018,Walmart Pharmacy,"179 Main St, City 18",Active,2020-01-01,McKesson
DSH210018,Hospital Center 18 - North,210018,Rite Aid,"393 Main St, City 18",Active,2020-01-01,McKesson
DSH210018,Hospital Center 18 - North,210018,Walmart Pharmacy,"650 Main St, City 18",Active,2020-01-01,McKesson
DSH210018,Hospital Center 18 - North,210018,Walgreens,"726 Main St, City 18",Active,2020-01-01,Cardinal Health
DSH210018,Hospital Center 18 - North,210018,Walgreens,"432 Main St, City 18",Active,2020-01-01,Cardinal Health
DSH210018,Hospital Center 18 - North,210018,Walmart Pharmacy,"619 Main St, City 18",Active,2020-01-01,McKesson
DSH210018,Hospital Center 18 - North,210018,CVS Pharmacy,"384 Main St, City 18",Active,2020-01-01,McKesson
DSH210018,Hospital Center 18 - North,210018,Walgreens,"146 Main St, City 18",Active,2020-01-01,Cardinal Health
DSH210018,Hospital Center 18 - North,210018,Walmart Pharmacy,"136 Main St, City 18",Active,2020-01-01,McKesson
DSH210018,Hospital Center 18 - North,210018,CVS Pharmacy,"323 Main St, City 18",Active,2020-01-01,McKesson
DSH210018,Hospital Center 18 - North,210018,CVS Pharmacy,"894 Main St, City 18",Active,2020-01-01,McKesson
DSH210018,Hospital Center 18 - North,210018,Walgreens,"158 Main St, City 18",Active,2020-01-01,Cardinal Health
DSH210018,Hospital Center 18 - North,210018,Walgreens,"706 Main St, City 18",Active,2020-01-01,Cardinal Health
DSH210018,Hospital Center 18 - North,210018,Walmart Pharmacy,"136 Main St, City 18",Active,2020-01-01,McKesson
DSH210018,Hospital Center 18 - North,210018,Rite Aid,"972 Main St, City 18",Active,2020-01-01,McKesson
DSH210018,Hospital Center 18 - North,210018,CVS Pharmacy,"466 Main St, City 18",Active,2020-01-01,McKesson
DSH210018,Hospital Center 18 - North,210018,Walmart Pharmacy,"710 Main St, City 18",Active,2020-01-01,McKesson
DSH210018,Hospital Center 18 - North,210018,Walgreens,"240 Main St, City 18",Active,2020-01-01,Cardinal Health
DSH210018,Hospital Center 18 - North,210018,CVS Pharmacy,"362 Main St, City 18",Active,2020-01-01,McKesson
DSH210018,Hospital Center 18 - North,210018,Walgreens,"232 Main St, City 18",Active,2020-01-01,Cardinal Health
DSH210018,Hospital Center 18 - North,210018,Walmart Pharmacy,"846 Main St, City 18",Active,2020-01-01,McKesson
DSH210018,Hospital Center 18 - North,210018,Rite Aid,"483 Main St, City 18",Active,2020-01-01,McKesson
DSH210018,Hospital Center 18 - North,210018,Rite Aid,"366 Main St, City 18",Active,2020-01-01,McKesson
DSH210018,Hospital Center 18 - North,210018,Walmart Pharmacy,"883 Main St, City 18",Active,2020-01-01,McKesson
DSH210018,Hospital Center 18 - North,210018,Walmart Pharmacy,"441 Main St, City 18",Active,2020-01-01,McKesson
DSH210018,Hospital Center 18 - North,210018,CVS Pharmacy,"559 Main St, City 18",Active,2020-01-01,McKesson
DSH210018,Hospital Center 18 - North,210018,CVS Pharmacy,"170 Main St, City 18",Active,2020-01-01,McKesson
DSH210018,Hospital Center 18 - North,210018,Walmart Pharmacy,"376 Main St, City 18",Active,2020-01-01,McKesson
DSH210018,Hospital Center 18 - North,210018,Rite Aid,"921 Main St, City 18",Active,2020-01-01,McKesson
DSH210018,Hospital Center 18 - North,210018,CVS Pharmacy,"181 Main St, City 18",Active,2020-01-01,McKesson
DSH210018,Hospital Center 18 - North,210018,CVS Pharmacy,"292 Main St, City 18",Active,2020-01-01,McKesson
DSH210018,Hospital Center 18 - North,210018,CVS Pharmacy,"782 Main St, City 18",Active,2020-01-01,McKesson
DSH210018,Hospital Center 18 - North,210018,Walmart Pharmacy,"178 Main St, City 18",Active,2020-01-01,McKesson
DSH210018,Hospital Center 18 - North,210018,Walmart Pharmacy,"899 Main St, City 18",Active,2020-01-01,McKesson
DSH210018,Hospital Center 18 - North,210018,CVS Pharmacy,"491 Main St, City 18",Active,2020-01-01,McKesson
DSH210018,Hospital Center 18 - North,210018,Rite Aid,"336 Main St, City 18",Active,2020-01-01,McKesson
DSH210018,Hospital Center 18 - North,210018,Walgreens,"755 Main St, City 18",Active,2020-01-01,Cardinal Health
DSH210018,Hospital Center 18 - North,210018,Rite Aid,"280 Main St, City 18",Active,2020-01-01,McKesson
DSH210018,Hospital Center 18 - North,210018,Rite Aid,"981 Main St, City 18",Active,2020-01-01,McKesson
DSH210018,Hospital Center 18 - North,210018,Rite Aid,"430 Main St, City 18",Active,2020-01-01,McKesson
DSH210018,Hospital Center 18 - North,210018,CVS Pharmacy,"990 Main St, City 18",Active,2020-01-01,McKesson
DSH210018,Hospital Center 18 - North,210018,Walgreens,"898 Main St, City 18",Active,2020-01-01,Cardinal Health
DSH210018,Hospital Center 18 - North,210018,Walmart Pharmacy,"605 Main St, City 18",Active,2020-01-01,McKesson
DSH210018,Hospital Center 18 - North,210018,Rite Aid,"913 Main St, City 18",Active,2020-01-01,McKesson
DSH210018,Hospital Center 18 - North,210018,Walgreens,"198 Main St, City 18",Active,2020-01-01,Cardinal Health
DSH210018,Hospital Center 18 - North,210018,Walgreens,"382 Main St, City 18",Active,2020-01-01,Cardinal Health
DSH210018,Hospital Center 18 - North,210018,Walmart Pharmacy,"382 Main St, City 18",Active,2020-01-01,McKesson
DSH210018,Hospital Center 18 - North,210018,CVS Pharmacy,"533 Main St, City 18",Active,2020-01-01,McKesson
DSH210018,Hospital Center 18 - North,210018,CVS Pharmacy,"972 Main St, City 18",Active,2020-01-01,McKesson
DSH210018,Hospital Center 18 - North,210018,CVS Pharmacy,"488 Main St, City 18",Active,2020-01-01,McKesson
DSH210018,Hospital Center 18 - North,210018,Walgreens,"106 Main St, City 18",Active,2020-01-01,Cardinal Health
DSH210018,Hospital Center 18 - North,210018,CVS Pharmacy,"204 Main St, City 18",Active,2020-01-01,McKesson
DSH210018,Hospital Center 18 - North,210018,Walgreens,"397 Main St, City 18",Active,2020-01-01,Cardinal Health
DSH210018,Hospital Center 18 - North,210018,Walgreens,"168 Main St, City 18",Active,2020-01-01,Cardinal Health
DSH210018,Hospital Center 18 - North,210018,Walgreens,"807 Main St, City 18",Active,2020-01-01,Cardinal Health
DSH210018,Hospital Center 18 - North,210018,CVS Pharmacy,"240 Main St, City 18",Active,2020-01-01,McKesson
DSH210018,Hospital Center 18 - North,210018,Walmart Pharmacy,"783 Main St, City 18",Active,2020-01-01,McKesson
DSH210018,Hospital Center 18 - North,210018,Rite Aid,"938 Main St, City 18",Active,2020-01-01,McKesson
DSH210018,Hospital Center 18 - North,210018,Walgreens,"117 Main St, City 18",Active,2020-01-01,Cardinal Health
DSH210018,Hospital Center 18 - North,210018,Rite Aid,"669 Main St, City 18",Active,2020-01-01,McKesson
DSH210018,Hospital Center 18 - North,210018,Walmart Pharmacy,"729 Main St, City 18",Active,2020-01-01,McKesson
DSH210018,Hospital Center 18 - North,210018,Walgreens,"551 Main St, City 18",Active,2020-01-01,Cardinal Health
DSH210018,Hospital Center 18 - North,210018,Walmart Pharmacy,"148 Main St, City 18",Active,2020-01-01,McKesson
DSH210018,Hospital Center 18 - North,210018,Walmart Pharmacy,"849 Main St, City 18",Active,2020-01-01,McKesson
DSH210018,Hospital Center 18 - North,210018,Walgreens,"595 Main St, City 18",Active,2020-01-01,Cardinal Health
DSH210018,Hospital Center 18 - North,210018,Rite Aid,"346 Main St, City 18",Active,2020-01-01,McKesson
DSH210019,Regional Medical Center 19,210019,CVS Pharmacy,"972 Main St, City 19",Active,2020-01-01,McKesson
DSH210019,Regional Medical Center 19,210019,Walgreens,"517 Main St, City 19",Active,2020-01-01,Cardinal Health
DSH210019,Regional Medical Center 19,210019,Walmart Pharmacy,"965 Main St, City 19",Active,2020-01-01,McKesson
DSH210019,Regional Medical Center 19,210019,Walgreens,"394 Main St, City 19",Active,2020-01-01,Cardinal Health
DSH210019,Regional Medical Center 19,210019,CVS Pharmacy,"913 Main St, City 19",Active,2020-01-01,McKesson
DSH210019,Regional Medical Center 19,210019,Walgreens,"959 Main St, City 19",Active,2020-01-01,Cardinal Health
DSH210020,Hospital Center 20 - North,210020,CVS Pharmacy,"562 Main St, City 20",Active,2020-01-01,McKesson
DSH210020,Hospital Center 20 - North,210020,CVS Pharmacy,"254 Main St, City 20",Active,2020-01-01,McKesson
DSH210020,Hospital Center 20 - North,210020,Walmart Pharmacy,"856 Main St, City 20",Active,2020-01-01,McKesson
DSH210020,Hospital Center 20 - North,210020,Walgreens,"439 Main St, City 20",Active,2020-01-01,Cardinal Health
DSH210020,Hospital Center 20 - North,210020,CVS Pharmacy,"847 Main St, City 20",Active,2020-01-01,McKesson
DSH210020,Hospital Center 20 - North,210020,CVS Pharmacy,"608 Main St, City 20",Active,2020-01-01,McKesson
DSH210020,Hospital Center 20 - North,210020,Rite Aid,"391 Main St, City 20",Active,2020-01-01,McKesson
DSH210020,Hospital Center 20 - North,210020,CVS Pharmacy,"810 Main St, City 20",Active,2020-01-01,McKesson
DSH210020,Hospital Center 20 - North,210020,Walmart Pharmacy,"783 Main St, City 20",Active,2020-01-01,McKesson
DSH210020,Hospital Center 20 - North,210020,Walmart Pharmacy,"953 Main St, City 20",Active,2020-01-01,McKesson
DSH210020,Hospital Center 20 - North,210020,Walgreens,"897 Main St, City 20",Active,2020-01-01,Cardinal Health
DSH210020,Hospital Center 20 - North,210020,Walgreens,"896 Main St, City 20",Active,2020-01-01,Cardinal Health
DSH210020,Hospital Center 20 - North,210020,CVS Pharmacy,"320 Main St, City 20",Active,2020-01-01,McKesson
DSH210020,Hospital Center 20 - North,210020,Walmart Pharmacy,"299 Main St, City 20",Active,2020-01-01,McKesson
DSH210020,Hospital Center 20 - North,210020,Rite Aid,"663 Main St, City 20",Active,2020-01-01,McKesson
DSH210020,Hospital Center 20 - North,210020,Walmart Pharmacy,"981 Main St, City 20",Active,2020-01-01,McKesson
DSH210020,Hospital Center 20 - North,210020,Walmart Pharmacy,"562 Main St, City 20",Active,2020-01-01,McKesson
DSH210020,Hospital Center 20 - North,210020,Rite Aid,"515 Main St, City 20",Active,2020-01-01,McKesson
DSH210020,Hospital Center 20 - North,210020,Walgreens,"957 Main St, City 20",Active,2020-01-01,Cardinal Health
DSH210020,Hospital Center 20 - North,210020,CVS Pharmacy,"956 Main St, City 20",Active,2020-01-01,McKesson
DSH210020,Hospital Center 20 - North,210020,Rite Aid,"281 Main St, City 20",Active,2020-01-01,McKesson
DSH210020,Hospital Center 20 - North,210020,Walmart Pharmacy,"368 Main St, City 20",Active,2020-01-01,McKesson
DSH210020,Hospital Center 20 - North,210020,Walmart Pharmacy,"847 Main St, City 20",Active,2020-01-01,McKesson
DSH210020,Hospital Center 20 - North,210020,CVS Pharmacy,"499 Main St, City 20",Active,2020-01-01,McKesson
DSH210020,Hospital Center 20 - North,210020,Walmart Pharmacy,"550 Main St, City 20",Active,2020-01-01,McKesson
DSH210020,Hospital Center 20 - North,210020,Walmart Pharmacy,"115 Main St, City 20",Active,2020-01-01,McKesson
DSH210020,Hospital Center 20 - North,210020,Walgreens,"610 Main St, City 20",Active,2020-01-01,Cardinal Health
DSH210020,Hospital Center 20 - North,210020,Walmart Pharmacy,"226 Main St, City 20",Active,2020-01-01,McKesson
DSH210020,Hospital Center 20 - North,210020,CVS Pharmacy,"209 Main St, City 20",Active,2020-01-01,McKesson
DSH210020,Hospital Center 20 - North,210020,Walgreens,"213 Main St, City 20",Active,2020-01-01,Cardinal Health
DSH210020,Hospital Center 20 - North,210020,Walmart Pharmacy,"676 Main St, City 20",Active,2020-01-01,McKesson
DSH210020,Hospital Center 20 - North,210020,Rite Aid,"844 Main St, City 20",Active,2020-01-01,McKesson
DSH210020,Hospital Center 20 - North,210020,Rite Aid,"743 Main St, City 20",Active,2020-01-01,McKesson
DSH210020,Hospital Center 20 - North,210020,Rite Aid,"822 Main St, City 20",Active,2020-01-01,McKesson
DSH210020,Hospital Center 20 - North,210020,Rite Aid,"556 Main St, City 20",Active,2020-01-01,McKesson
DSH210020,Hospital Center 20 - North,210020,Rite Aid,"358 Main St, City 20",Active,2020-01-01,McKesson
DSH210020,Hospital Center 20 - North,210020,Walmart Pharmacy,"605 Main St, City 20",Active,2020-01-01,McKesson
DSH210020,Hospital Center 20 - North,210020,Rite Aid,"675 Main St, City 20",Active,2020-01-01,McKesson
DSH210020,Hospital Center 20 - North,210020,CVS Pharmacy,"418 Main St, City 20",Active,2020-01-01,McKesson
DSH210020,Hospital Center 20 - North,210020,Rite Aid,"838 Main St, City 20",Active,2020-01-01,McKesson
DSH210020,Hospital Center 20 - North,210020,Rite Aid,"345 Main St, City 20",Active,2020-01-01,McKesson
DSH210020,Hospital Center 20 - North,210020,Walgreens,"990 Main St, City 20",Active,2020-01-01,Cardinal Health
DSH210020,Hospital Center 20 - North,210020,CVS Pharmacy,"908 Main St, City 20",Active,2020-01-01,McKesson
DSH210020,Hospital Center 20 - North,210020,Rite Aid,"228 Main St, City 20",Active,2020-01-01,McKesson
DSH210020,Hospital Center 20 - North,210020,CVS Pharmacy,"344 Main St, City 20",Active,2020-01-01,McKesson
DSH210020,Hospital Center 20 - North,210020,Walmart Pharmacy,"827 Main St, City 20",Active,2020-01-01,McKesson
DSH210020,Hospital Center 20 - North,210020,Rite Aid,"637 Main St, City 20",Active,2020-01-01,McKesson
DSH210020,Hospital Center 20 - North,210020,Rite Aid,"769 Main St, City 20",Active,2020-01-01,McKesson
DSH210020,Hospital Center 20 - North,210020,Walgreens,"426 Main St, City 20",Active,2020-01-01,Cardinal Health
DSH210020,Hospital Center 20 - North,210020,CVS Pharmacy,"965 Main St, City 20",Active,2020-01-01,McKesson
DSH210020,Hospital Center 20 - North,210020,Walmart Pharmacy,"763 Main St, City 20",Active,2020-01-01,McKesson
DSH210020,Hospital Center 20 - North,210020,Rite Aid,"197 Main St, City 20",Active,2020-01-01,McKesson
DSH210020,Hospital Center 20 - North,210020,Walgreens,"752 Main St, City 20",Active,2020-01-01,Cardinal Health
DSH210020,Hospital Center 20 - North,210020,Walgreens,"844 Main St, City 20",Active,2020-01-01,Cardinal Health
DSH210020,Hospital Center 20 - North,210020,Rite Aid,"233 Main St, City 20",Active,2020-01-01,McKesson
DSH210020,Hospital Center 20 - North,210020,CVS Pharmacy,"846 Main St, City 20",Active,2020-01-01,McKesson
DSH210020,Hospital Center 20 - North,210020,Walgreens,"260 Main St, City 20",Active,2020-01-01,Cardinal Health
DSH210020,Hospital Center 20 - North,210020,Rite Aid,"787 Main St, City 20",Active,2020-01-01,McKesson
DSH210020,Hospital Center 20 - North,210020,Walgreens,"867 Main St, City 20",Active,2020-01-01,Cardinal Health
DSH210020,Hospital Center 20 - North,210020,Walmart Pharmacy,"112 Main St, City 20",Active,2020-01-01,McKesson
DSH210020,Hospital Center 20 - North,210020,CVS Pharmacy,"633 Main St, City 20",Active,2020-01-01,McKesson
DSH210020,Hospital Center 20 - North,210020,Walmart Pharmacy,"104 Main St, City 20",Active,2020-01-01,McKesson
DSH210020,Hospital Center 20 - North,210020,Walmart Pharmacy,"217 Main St, City 20",Active,2020-01-01,McKesson
DSH210020,Hospital Center 20 - North,210020,CVS Pharmacy,"629 Main St, City 20",Active,2020-01-01,McKesson
DSH210020,Hospital Center 20 - North,210020,Walgreens,"165 Main St, City 20",Active,2020-01-01,Cardinal Health
DSH210020,Hospital Center 20 - North,210020,Rite Aid,"398 Main St, City 20",Active,2020-01-01,McKesson
DSH210020,Hospital Center 20 - North,210020,Rite Aid,"191 Main St, City 20",Active,2020-01-01,McKesson
DSH210020,Hospital Center 20 - North,210020,Walgreens,"505 Main St, City 20",Active,2020-01-01,Cardinal Health
DSH210020,Hospital Center 20 - North,210020,Rite Aid,"322 Main St, City 20",Active,2020-01-01,McKesson
DSH210020,Hospital Center 20 - North,210020,CVS Pharmacy,"506 Main St, City 20",Active,2020-01-01,McKesson
DSH210020,Hospital Center 20 - North,210020,CVS Pharmacy,"643 Main St, City 20",Active,2020-01-01,McKesson
DSH210020,Hospital Center 20 - North,210020,Walmart Pharmacy,"935 Main St, City 20",Active,2020-01-01,McKesson
DSH210020,Hospital Center 20 - North,210020,Walgreens,"780 Main St, City 20",Active,2020-01-01,Cardinal Health
DSH210020,Hospital Center 20 - North,210020,CVS Pharmacy,"164 Main St, City 20",Active,2020-01-01,McKesson
DSH210020,Hospital Center 20 - North,210020,Walmart Pharmacy,"259 Main St, City 20",Active,2020-01-01,McKesson
DSH210020,Hospital Center 20 - North,210020,Walmart Pharmacy,"122 Main St, City 20",Active,2020-01-01,McKesson
DSH210020,Hospital Center 20 - North,210020,Walgreens,"647 Main St, City 20",Active,2020-01-01,Cardinal Health
DSH210020,Hospital Center 20 - North,210020,CVS Pharmacy,"942 Main St, City 20",Active,2020-01-01,McKesson
DSH210020,Hospital Center 20 - North,210020,Walgreens,"306 Main St, City 20",Active,2020-01-01,Cardinal Health
DSH210020,Hospital Center 20 - North,210020,CVS Pharmacy,"567 Main St, City 20",Active,2020-01-01,McKesson
DSH210020,Hospital Center 20 - North,210020,CVS Pharmacy,"503 Main St, City 20",Active,2020-01-01,McKesson
DSH210021,Regional Medical Center 21,210021,CVS Pharmacy,"833 Main St, City 21",Active,2020-01-01,McKesson
DSH210021,Regional Medical Center 21,210021,Walgreens,"418 Main St, City 21",Active,2020-01-01,Cardinal Health
DSH210021,Regional Medical Center 21,210021,Walgreens,"577 Main St, City 21",Active,2020-01-01,Cardinal Health
DSH210021,Regional Medical Center 21,210021,Rite Aid,"518 Main St, City 21",Active,2020-01-01,McKesson
DSH210021,Regional Medical Center 21,210021,Walgreens,"592 Main St, City 21",Active,2020-01-01,Cardinal Health
DSH210021,Regional Medical Center 21,210021,CVS Pharmacy,"666 Main St, City 21",Active,2020-01-01,McKesson
DSH210021,Regional Medical Center 21,210021,CVS Pharmacy,"901 Main St, City 21",Active,2020-01-01,McKesson
DSH210021,Regional Medical Center 21,210021,Rite Aid,"224 Main St, City 21",Active,2020-01-01,McKesson
DSH210021,Regional Medical Center 21,210021,CVS Pharmacy,"890 Main St, City 21",Active,2020-01-01,McKesson
DSH210021,Regional Medical Center 21,210021,Walmart Pharmacy,"547 Main St, City 21",Active,2020-01-01,McKesson
DSH210021,Regional Medical Center 21,210021,Rite Aid,"305 Main St, City 21",Active,2020-01-01,McKesson
DSH210021,Regional Medical Center 21,210021,Walmart Pharmacy,"568 Main St, City 21",Active,2020-01-01,McKesson
DSH210021,Regional Medical Center 21,210021,Walgreens,"736 Main St, City 21",Active,2020-01-01,Cardinal Health
DSH210021,Regional Medical Center 21,210021,Rite Aid,"937 Main St, City 21",Active,2020-01-01,McKesson
DSH210021,Regional Medical Center 21,210021,Walmart Pharmacy,"919 Main St, City 21",Active,2020-01-01,McKesson
DSH210021,Regional Medical Center 21,210021,Walgreens,"304 Main St, City 21",Active,2020-01-01,Cardinal Health
DSH210021,Regional Medical Center 21,210021,Rite Aid,"925 Main St, City 21",Active,2020-01-01,McKesson
DSH210021,Regional Medical Center 21,210021,Walmart Pharmacy,"488 Main St, City 21",Active,2020-01-01,McKesson
DSH210021,Regional Medical Center 21,210021,Walgreens,"119 Main St, City 21",Active,2020-01-01,Cardinal Health
DSH210021,Regional Medical Center 21,210021,CVS Pharmacy,"394 Main St, City 21",Active,2020-01-01,McKesson
DSH210021,Regional Medical Center 21,210021,Walmart Pharmacy,"874 Main St, City 21",Active,2020-01-01,McKesson
DSH210021,Regional Medical Center 21,210021,CVS Pharmacy,"332 Main St, City 21",Active,2020-01-01,McKesson
DSH210021,Regional Medical Center 21,210021,Walgreens,"650 Main St, City 21",Active,2020-01-01,Cardinal Health
DSH210021,Regional Medical Center 21,210021,Walgreens,"602 Main St, City 21",Active,2020-01-01,Cardinal Health
DSH210021,Regional Medical Center 21,210021,Rite Aid,"268 Main St, City 21",Active,2020-01-01,McKesson
DSH210021,Regional Medical Center 21,210021,Rite Aid,"111 Main St, City 21",Active,2020-01-01,McKesson
DSH210021,Regional Medical Center 21,210021,CVS Pharmacy,"926 Main St, City 21",Active,2020-01-01,McKesson
DSH210021,Regional Medical Center 21,210021,Rite Aid,"406 Main St, City 21",Active,2020-01-01,McKesson
DSH210021,Regional Medical Center 21,210021,Walgreens,"453 Main St, City 21",Active,2020-01-01,Cardinal Health
DSH210021,Regional Medical Center 21,210021,Walgreens,"351 Main St, City 21",Active,2020-01-01,Cardinal Health
DSH210021,Regional Medical Center 21,210021,CVS Pharmacy,"906 Main St, City 21",Active,2020-01-01,McKesson
DSH210021,Regional Medical Center 21,210021,CVS Pharmacy,"845 Main St, City 21",Active,2020-01-01,McKesson
DSH210021,Regional Medical Center 21,210021,Rite Aid,"911 Main St, City 21",Active,2020-01-01,McKesson
DSH210021,Regional Medical Center 21,210021,Walgreens,"600 Main St, City 21",Active,2020-01-01,Cardinal Health
DSH210021,Regional Medical Center 21,210021,Rite Aid,"845 Main St, City 21",Active,2020-01-01,McKesson
DSH210021,Regional Medical Center 21,210021,CVS Pharmacy,"638 Main St, City 21",Active,2020-01-01,McKesson
DSH210021,Regional Medical Center 21,210021,Walmart Pharmacy,"965 Main St, City 21",Active,2020-01-01,McKesson
DSH210021,Regional Medical Center 21,210021,CVS Pharmacy,"337 Main St, City 21",Active,2020-01-01,McKesson
DSH210022,Hospital Center 22 - North,210022,Rite Aid,"103 Main St, City 22",Active,2020-01-01,McKesson
DSH210022,Hospital Center 22 - North,210022,Rite Aid,"265 Main St, City 22",Active,2020-01-01,McKesson
DSH210022,Hospital Center 22 - North,210022,CVS Pharmacy,"856 Main St, City 22",Active,2020-01-01,McKesson
DSH210022,Hospital Center 22 - North,210022,CVS Pharmacy,"860 Main St, City 22",Active,2020-01-01,McKesson
DSH210022,Hospital Center 22 - North,210022,CVS Pharmacy,"199 Main St, City 22",Active,2020-01-01,McKesson
DSH210022,Hospital Center 22 - North,210022,Walmart Pharmacy,"390 Main St, City 22",Active,2020-01-01,McKesson
DSH210022,Hospital Center 22 - North,210022,CVS Pharmacy,"781 Main St, City 22",Active,2020-01-01,McKesson
DSH210022,Hospital Center 22 - North,210022,Rite Aid,"825 Main St, City 22",Active,2020-01-01,McKesson
DSH210022,Hospital Center 22 - North,210022,CVS Pharmacy,"537 Main St, City 22",Active,2020-01-01,McKesson
DSH210022,Hospital Center 22 - North,210022,Walgreens,"457 Main St, City 22",Active,2020-01-01,Cardinal Health
DSH210022,Hospital Center 22 - North,210022,Walgreens,"632 Main St, City 22",Active,2020-01-01,Cardinal Health
DSH210022,Hospital Center 22 - North,210022,Walgreens,"270 Main St, City 22",Active,2020-01-01,Cardinal Health
DSH210022,Hospital Center 22 - North,210022,Walmart Pharmacy,"514 Main St, City 22",Active,2020-01-01,McKesson
DSH210022,Hospital Center 22 - North,210022,Walgreens,"476 Main St, City 22",Active,2020-01-01,Cardinal Health
DSH210022,Hospital Center 22 - North,210022,Rite Aid,"974 Main St, City 22",Active,2020-01-01,McKesson
DSH210022,Hospital Center 22 - North,210022,CVS Pharmacy,"777 Main St, City 22",Active,2020-01-01,McKesson
DSH210022,Hospital Center 22 - North,210022,Walmart Pharmacy,"546 Main St, City 22",Active,2020-01-01,McKesson
DSH210023,Regional Medical Center 23,210023,Walgreens,"666 Main St, City 23",Active,2020-01-01,Cardinal Health
DSH210023,Regional Medical Center 23,210023,CVS Pharmacy,"581 Main St, City 23",Active,2020-01-01,McKesson
DSH210023,Regional Medical Center 23,210023,CVS Pharmacy,"330 Main St, City 23",Active,2020-01-01,McKesson
DSH210023,Regional Medical Center 23,210023,Walgreens,"135 Main St, City 23",Active,2020-01-01,Cardinal Health
DSH210023,Regional Medical Center 23,210023,Walmart Pharmacy,"627 Main St, City 23",Active,2020-01-01,McKesson
DSH210023,Regional Medical Center 23,210023,Rite Aid,"390 Main St, City 23",Active,2020-01-01,McKesson
DSH210023,Regional Medical Center 23,210023,CVS Pharmacy,"547 Main St, City 23",Active,2020-01-01,McKesson
DSH210023,Regional Medical Center 23,210023,Rite Aid,"783 Main St, City 23",Active,2020-01-01,McKesson
DSH210023,Regional Medical Center 23,210023,Rite Aid,"586 Main St, City 23",Active,2020-01-01,McKesson
DSH210023,Regional Medical Center 23,210023,CVS Pharmacy,"590 Main St, City 23",Active,2020-01-01,McKesson
DSH210023,Regional Medical Center 23,210023,CVS Pharmacy,"837 Main St, City 23",Active,2020-01-01,McKesson
DSH210023,Regional Medical Center 23,210023,CVS Pharmacy,"129 Main St, City 23",Active,2020-01-01,McKesson
DSH210023,Regional Medical Center 23,210023,CVS Pharmacy,"105 Main St, City 23",Active,2020-01-01,McKesson
DSH210023,Regional Medical Center 23,210023,Walgreens,"805 Main St, City 23",Active,2020-01-01,Cardinal Health
DSH210023,Regional Medical Center 23,210023,CVS Pharmacy,"250 Main St, City 23",Active,2020-01-01,McKesson
DSH210023,Regional Medical Center 23,210023,CVS Pharmacy,"532 Main St, City 23",Active,2020-01-01,McKesson
DSH210023,Regional Medical Center 23,210023,CVS Pharmacy,"725 Main St, City 23",Active,2020-01-01,McKesson
DSH210023,Regional Medical Center 23,210023,Rite Aid,"247 Main St, City 23",Active,2020-01-01,McKesson
DSH210023,Regional Medical Center 23,210023,CVS Pharmacy,"613 Main St, City 23",Active,2020-01-01,McKesson
DSH210023,Regional Medical Center 23,210023,CVS Pharmacy,"439 Main St, City 23",Active,2020-01-01,McKesson
DSH210023,Regional Medical Center 23,210023,CVS Pharmacy,"937 Main St, City 23",Active,2020-01-01,McKesson
DSH210023,Regional Medical Center 23,210023,Walmart Pharmacy,"100 Main St, City 23",Active,2020-01-01,McKesson
DSH210023,Regional Medical Center 23,210023,Rite Aid,"476 Main St, City 23",Active,2020-01-01,McKesson
DSH210023,Regional Medical Center 23,210023,CVS Pharmacy,"100 Main St, City 23",Active,2020-01-01,McKesson
DSH210023,Regional Medical Center 23,210023,CVS Pharmacy,"617 Main St, City 23",Active,2020-01-01,McKesson
DSH210023,Regional Medical Center 23,210023,Walgreens,"943 Main St, City 23",Active,2020-01-01,Cardinal Health
DSH210023,Regional Medical Center 23,210023,Walgreens,"469 Main St, City 23",Active,2020-01-01,Cardinal Health
DSH210023,Regional Medical Center 23,210023,Walmart Pharmacy,"591 Main St, City 23",Active,2020-01-01,McKesson
DSH210023,Regional Medical Center 23,210023,Walmart Pharmacy,"626 Main St, City 23",Active,2020-01-01,McKesson
DSH210023,Regional Medical Center 23,210023,Walgreens,"538 Main St, City 23",Active,2020-01-01,Cardinal Health
DSH210023,Regional Medical Center 23,210023,Walgreens,"560 Main St, City 23",Active,2020-01-01,Cardinal Health
DSH210023,Regional Medical Center 23,210023,Rite Aid,"952 Main St, City 23",Active,2020-01-01,McKesson
DSH210023,Regional Medical Center 23,210023,Walgreens,"892 Main St, City 23",Active,2020-01-01,Cardinal Health
DSH210023,Regional Medical Center 23,210023,CVS Pharmacy,"789 Main St, City 23",Active,2020-01-01,McKesson
DSH210023,Regional Medical Center 23,210023,Walmart Pharmacy,"360 Main St, City 23",Active,2020-01-01,McKesson
DSH210023,Regional Medical Center 23,210023,CVS Pharmacy,"110 Main St, City 23",Active,2020-01-01,McKesson
DSH210023,Regional Medical Center 23,210023,Walmart Pharmacy,"463 Main St, City 23",Active,2020-01-01,McKesson
DSH210023,Regional Medical Center 23,210023,Walmart Pharmacy,"535 Main St, City 23",Active,2020-01-01,McKesson
DSH210023,Regional Medical Center 23,210023,Rite Aid,"517 Main St, City 23",Active,2020-01-01,McKesson
DSH210023,Regional Medical Center 23,210023,CVS Pharmacy,"808 Main St, City 23",Active,2020-01-01,McKesson
DSH210023,Regional Medical Center 23,210023,CVS Pharmacy,"570 Main St, City 23",Active,2020-01-01,McKesson
DSH210023,Regional Medical Center 23,210023,Rite Aid,"888 Main St, City 23",Active,2020-01-01,McKesson
DSH210023,Regional Medical Center 23,210023,Walmart Pharmacy,"515 Main St, City 23",Active,2020-01-01,McKesson
DSH210024,Hospital Center 24 - North,210024,Walgreens,"927 Main St, City 24",Active,2020-01-01,Cardinal Health
DSH210024,Hospital Center 24 - North,210024,CVS Pharmacy,"518 Main St, City 24",Active,2020-01-01,McKesson
DSH210024,Hospital Center 24 - North,210024,Rite Aid,"888 Main St, City 24",Active,2020-01-01,McKesson
DSH210024,Hospital Center 24 - North,210024,Walmart Pharmacy,"414 Main St, City 24",Active,2020-01-01,McKesson
DSH210024,Hospital Center 24 - North,210024,Walmart Pharmacy,"338 Main St, City 24",Active,2020-01-01,McKesson
DSH210024,Hospital Center 24 - North,210024,CVS Pharmacy,"241 Main St, City 24",Active,2020-01-01,McKesson
DSH210024,Hospital Center 24 - North,210024,CVS Pharmacy,"823 Main St, City 24",Active,2020-01-01,McKesson
DSH210024,Hospital Center 24 - North,210024,Walmart Pharmacy,"401 Main St, City 24",Active,2020-01-01,McKesson
DSH210024,Hospital Center 24 - North,210024,Walgreens,"960 Main St, City 24",Active,2020-01-01,Cardinal Health
DSH210024,Hospital Center 24 - North,210024,CVS Pharmacy,"356 Main St, City 24",Active,2020-01-01,McKesson
DSH210024,Hospital Center 24 - North,210024,Walgreens,"584 Main St, City 24",Active,2020-01-01,Cardinal Health
DSH210024,Hospital Center 24 - North,210024,Rite Aid,"800 Main St, City 24",Active,2020-01-01,McKesson
DSH210024,Hospital Center 24 - North,210024,Walgreens,"182 Main St, City 24",Active,2020-01-01,Cardinal Health
DSH210024,Hospital Center 24 - North,210024,Walgreens,"135 Main St, City 24",Active,2020-01-01,Cardinal Health
DSH210024,Hospital Center 24 - North,210024,Walmart Pharmacy,"683 Main St, City 24",Active,2020-01-01,McKesson
DSH210024,Hospital Center 24 - North,210024,Rite Aid,"651 Main St, City 24",Active,2020-01-01,McKesson
DSH210024,Hospital Center 24 - North,210024,Walmart Pharmacy,"369 Main St, City 24",Active,2020-01-01,McKesson
DSH210024,Hospital Center 24 - North,210024,Rite Aid,"379 Main St, City 24",Active,2020-01-01,McKesson
DSH210024,Hospital Center 24 - North,210024,CVS Pharmacy,"246 Main St, City 24",Active,2020-01-01,McKesson
DSH210024,Hospital Center 24 - North,210024,Rite Aid,"197 Main St, City 24",Active,2020-01-01,McKesson
DSH210024,Hospital Center 24 - North,210024,Rite Aid,"432 Main St, City 24",Active,2020-01-01,McKesson
DSH210024,Hospital Center 24 - North,210024,Rite Aid,"562 Main St, City 24",Active,2020-01-01,McKesson
DSH210024,Hospital Center 24 - North,210024,CVS Pharmacy,"637 Main St, City 24",Active,2020-01-01,McKesson
DSH210024,Hospital Center 24 - North,210024,Walgreens,"393 Main St, City 24",Active,2020-01-01,Cardinal Health
DSH210024,Hospital Center 24 - North,210024,Rite Aid,"510 Main St, City 24",Active,2020-01-01,McKesson
DSH210024,Hospital Center 24 - North,210024,Walgreens,"140 Main St, City 24",Active,2020-01-01,Cardinal Health
DSH210024,Hospital Center 24 - North,210024,Rite Aid,"410 Main St, City 24",Active,2020-01-01,McKesson
DSH210024,Hospital Center 24 - North,210024,Rite Aid,"580 Main St, City 24",Active,2020-01-01,McKesson
DSH210024,Hospital Center 24 - North,210024,Walmart Pharmacy,"186 Main St, City 24",Active,2020-01-01,McKesson
DSH210024,Hospital Center 24 - North,210024,CVS Pharmacy,"749 Main St, City 24",Active,2020-01-01,McKesson
DSH210024,Hospital Center 24 - North,210024,Rite Aid,"320 Main St, City 24",Active,2020-01-01,McKesson
DSH210024,Hospital Center 24 - North,210024,CVS Pharmacy,"401 Main St, City 24",Active,2020-01-01,McKesson
DSH210024,Hospital Center 24 - North,210024,CVS Pharmacy,"374 Main St, City 24",Active,2020-01-01,McKesson
DSH210024,Hospital Center 24 - North,210024,Walmart Pharmacy,"837 Main St, City 24",Active,2020-01-01,McKesson
DSH210024,Hospital Center 24 - North,210024,Rite Aid,"162 Main St, City 24",Active,2020-01-01,McKesson
DSH210024,Hospital Center 24 - North,210024,Walmart Pharmacy,"221 Main St, City 24",Active,2020-01-01,McKesson
DSH210024,Hospital Center 24 - North,210024,Rite Aid,"742 Main St, City 24",Active,2020-01-01,McKesson
DSH210024,Hospital Center 24 - North,210024,Walgreens,"586 Main St, City 24",Active,2020-01-01,Cardinal Health
DSH210024,Hospital Center 24 - North,210024,Rite Aid,"222 Main St, City 24",Active,2020-01-01,McKesson
DSH210024,Hospital Center 24 - North,210024,Walgreens,"343 Main St, City 24",Active,2020-01-01,Cardinal Health
DSH210024,Hospital Center 24 - North,210024,Walgreens,"692 Main St, City 24",Active,2020-01-01,Cardinal Health
DSH210024,Hospital Center 24 - North,210024,CVS Pharmacy,"465 Main St, City 24",Active,2020-01-01,McKesson
DSH210024,Hospital Center 24 - North,210024,Walmart Pharmacy,"119 Main St, City 24",Active,2020-01-01,McKesson
DSH210024,Hospital Center 24 - North,210024,Walgreens,"485 Main St, City 24",Active,2020-01-01,Cardinal Health
DSH210024,Hospital Center 24 - North,210024,Walgreens,"975 Main St, City 24",Active,2020-01-01,Cardinal Health
DSH210024,Hospital Center 24 - North,210024,Rite Aid,"900 Main St, City 24",Active,2020-01-01,McKesson
DSH210024,Hospital Center 24 - North,210024,Walmart Pharmacy,"913 Main St, City 24",Active,2020-01-01,McKesson
DSH210024,Hospital Center 24 - North,210024,Walmart Pharmacy,"781 Main St, City 24",Active,2020-01-01,McKesson
DSH210024,Hospital Center 24 - North,210024,Walgreens,"819 Main St, City 24",Active,2020-01-01,Cardinal Health
DSH210024,Hospital Center 24 - North,210024,Walmart Pharmacy,"520 Main St, City 24",Active,2020-01-01,McKesson
DSH210024,Hospital Center 24 - North,210024,Walmart Pharmacy,"902 Main St, City 24",Active,2020-01-01,McKesson
DSH210024,Hospital Center 24 - North,210024,Walmart Pharmacy,"305 Main St, City 24",Active,2020-01-01,McKesson
DSH210024,Hospital Center 24 - North,210024,Walgreens,"593 Main St, City 24",Active,2020-01-01,Cardinal Health
DSH210024,Hospital Center 24 - North,210024,CVS Pharmacy,"546 Main St, City 24",Active,2020-01-01,McKesson
DSH210024,Hospital Center 24 - North,210024,Rite Aid,"340 Main St, City 24",Active,2020-01-01,McKesson
DSH210024,Hospital Center 24 - North,210024,Walgreens,"215 Main St, City 24",Active,2020-01-01,Cardinal Health
DSH210024,Hospital Center 24 - North,210024,CVS Pharmacy,"396 Main St, City 24",Active,2020-01-01,McKesson
DSH210024,Hospital Center 24 - North,210024,CVS Pharmacy,"435 Main St, City 24",Active,2020-01-01,McKesson
DSH210024,Hospital Center 24 - North,210024,Walgreens,"331 Main St, City 24",Active,2020-01-01,Cardinal Health
DSH210024,Hospital Center 24 - North,210024,Rite Aid,"706 Main St, City 24",Active,2020-01-01,McKesson
DSH210024,Hospital Center 24 - North,210024,CVS Pharmacy,"318 Main St, City 24",Active,2020-01-01,McKesson
DSH210024,Hospital Center 24 - North,210024,Rite Aid,"219 Main St, City 24",Active,2020-01-01,McKesson
DSH210024,Hospital Center 24 - North,210024,Walgreens,"237 Main St, City 24",Active,2020-01-01,Cardinal Health
DSH210024,Hospital Center 24 - North,210024,Rite Aid,"852 Main St, City 24",Active,2020-01-01,McKesson
DSH210024,Hospital Center 24 - North,210024,CVS Pharmacy,"172 Main St, City 24",Active,2020-01-01,McKesson
DSH210024,Hospital Center 24 - North,210024,Walgreens,"413 Main St, City 24",Active,2020-01-01,Cardinal Health
DSH210024,Hospital Center 24 - North,210024,CVS Pharmacy,"465 Main St, City 24",Active,2020-01-01,McKesson
DSH210024,Hospital Center 24 - North,210024,Rite Aid,"963 Main St, City 24",Active,2020-01-01,McKesson
DSH210024,Hospital Center 24 - North,210024,Walmart Pharmacy,"766 Main St, City 24",Active,2020-01-01,McKesson
DSH210024,Hospital Center 24 - North,210024,Rite Aid,"703 Main St, City 24",Active,2020-01-01,McKesson
DSH210024,Hospital Center 24 - North,210024,Walmart Pharmacy,"320 Main St, City 24",Active,2020-01-01,McKesson
DSH210024,Hospital Center 24 - North,210024,Rite Aid,"335 Main St, City 24",Active,2020-01-01,McKesson
DSH210024,Hospital Center 24 - North,210024,Rite Aid,"835 Main St, City 24",Active,2020-01-01,McKesson
DSH210024,Hospital Center 24 - North,210024,Walgreens,"621 Main St, City 24",Active,2020-01-01,Cardinal Health
DSH210024,Hospital Center 24 - North,210024,Walmart Pharmacy,"522 Main St, City 24",Active,2020-01-01,McKesson
DSH210024,Hospital Center 24 - North,210024,Walmart Pharmacy,"396 Main St, City 24",Active,2020-01-01,McKesson
DSH210024,Hospital Center 24 - North,210024,Walgreens,"321 Main St, City 24",Active,2020-01-01,Cardinal Health
DSH210024,Hospital Center 24 - North,210024,CVS Pharmacy,"766 Main St, City 24",Active,2020-01-01,McKesson
DSH210024,Hospital Center 24 - North,210024,CVS Pharmacy,"957 Main St, City 24",Active,2020-01-01,McKesson
DSH210024,Hospital Center 24 - North,210024,CVS Pharmacy,"949 Main St, City 24",Active,2020-01-01,McKesson
DSH210024,Hospital Center 24 - North,210024,Rite Aid,"802 Main St, City 24",Active,2020-01-01,McKesson
DSH210024,Hospital Center 24 - North,210024,Rite Aid,"995 Main St, City 24",Active,2020-01-01,McKesson
DSH210024,Hospital Center 24 - North,210024,Walmart Pharmacy,"105 Main St, City 24",Active,2020-01-01,McKesson
DSH210024,Hospital Center 24 - North,210024,Walgreens,"744 Main St, City 24",Active,2020-01-01,Cardinal Health
DSH210024,Hospital Center 24 - North,210024,Walmart Pharmacy,"485 Main St, City 24",Active,2020-01-01,McKesson
DSH210024,Hospital Center 24 - North,210024,CVS Pharmacy,"929 Main St, City 24",Active,2020-01-01,McKesson
DSH210024,Hospital Center 24 - North,210024,CVS Pharmacy,"120 Main St, City 24",Active,2020-01-01,McKesson
DSH210024,Hospital Center 24 - North,210024,Walmart Pharmacy,"673 Main St, City 24",Active,2020-01-01,McKesson
DSH210024,Hospital Center 24 - North,210024,CVS Pharmacy,"835 Main St, City 24",Active,2020-01-01,McKesson
DSH210025,Regional Medical Center 25,210025,CVS Pharmacy,"305 Main St, City 25",Active,2020-01-01,McKesson
DSH210025,Regional Medical Center 25,210025,Walmart Pharmacy,"746 Main St, City 25",Active,2020-01-01,McKesson
DSH210025,Regional Medical Center 25,210025,CVS Pharmacy,"530 Main St, City 25",Active,2020-01-01,McKesson
DSH210025,Regional Medical Center 25,210025,Walmart Pharmacy,"499 Main St, City 25",Active,2020-01-01,McKesson
DSH210025,Regional Medical Center 25,210025,Rite Aid,"545 Main St, City 25",Active,2020-01-01,McKesson
DSH210025,Regional Medical Center 25,210025,Rite Aid,"441 Main St, City 25",Active,2020-01-01,McKesson
DSH210025,Regional Medical Center 25,210025,CVS Pharmacy,"879 Main St, City 25",Active,2020-01-01,McKesson
DSH210025,Regional Medical Center 25,210025,Rite Aid,"213 Main St, City 25",Active,2020-01-01,McKesson
DSH210025,Regional Medical Center 25,210025,CVS Pharmacy,"319 Main St, City 25",Active,2020-01-01,McKesson
DSH210025,Regional Medical Center 25,210025,CVS Pharmacy,"585 Main St, City 25",Active,2020-01-01,McKesson
DSH210025,Regional Medical Center 25,210025,Walgreens,"360 Main St, City 25",Active,2020-01-01,Cardinal Health
DSH210025,Regional Medical Center 25,210025,Walmart Pharmacy,"509 Main St, City 25",Active,2020-01-01,McKesson
DSH210025,Regional Medical Center 25,210025,Rite Aid,"675 Main St, City 25",Active,2020-01-01,McKesson
DSH210025,Regional Medical Center 25,210025,Walmart Pharmacy,"548 Main St, City 25",Active,2020-01-01,McKesson
DSH210025,Regional Medical Center 25,210025,CVS Pharmacy,"729 Main St, City 25",Active,2020-01-01,McKesson
DSH210025,Regional Medical Center 25,210025,CVS Pharmacy,"770 Main St, City 25",Active,2020-01-01,McKesson
DSH210025,Regional Medical Center 25,210025,CVS Pharmacy,"480 Main St, City 25",Active,2020-01-01,McKesson
DSH210025,Regional Medical Center 25,210025,CVS Pharmacy,"972 Main St, City 25",Active,2020-01-01,McKesson
DSH210025,Regional Medical Center 25,210025,CVS Pharmacy,"969 Main St, City 25",Active,2020-01-01,McKesson
DSH210025,Regional Medical Center 25,210025,Walmart Pharmacy,"905 Main St, City 25",Active,2020-01-01,McKesson
DSH210025,Regional Medical Center 25,210025,Rite Aid,"874 Main St, City 25",Active,2020-01-01,McKesson
DSH210025,Regional Medical Center 25,210025,CVS Pharmacy,"284 Main St, City 25",Active,2020-01-01,McKesson
DSH210025,Regional Medical Center 25,210025,Walgreens,"204 Main St, City 25",Active,2020-01-01,Cardinal Health
DSH210025,Regional Medical Center 25,210025,Walgreens,"401 Main St, City 25",Active,2020-01-01,Cardinal Health
DSH210025,Regional Medical Center 25,210025,Rite Aid,"857 Main St, City 25",Active,2020-01-01,McKesson
DSH210025,Regional Medical Center 25,210025,CVS Pharmacy,"465 Main St, City 25",Active,2020-01-01,McKesson
DSH210025,Regional Medical Center 25,210025,Rite Aid,"589 Main St, City 25",Active,2020-01-01,McKesson
DSH210025,Regional Medical Center 25,210025,Walmart Pharmacy,"175 Main St, City 25",Active,2020-01-01,McKesson
DSH210025,Regional Medical Center 25,210025,Rite Aid,"378 Main St, City 25",Active,2020-01-01,McKesson
DSH210025,Regional Medical Center 25,210025,CVS Pharmacy,"176 Main St, City 25",Active,2020-01-01,McKesson
DSH210025,Regional Medical Center 25,210025,Walmart Pharmacy,"355 Main St, City 25",Active,2020-01-01,McKesson
DSH210025,Regional Medical Center 25,210025,Rite Aid,"812 Main St, City 25",Active,2020-01-01,McKesson
DSH210025,Regional Medical Center 25,210025,CVS Pharmacy,"276 Main St, City 25",Active,2020-01-01,McKesson
DSH210025,Regional Medical Center 25,210025,CVS Pharmacy,"345 Main St, City 25",Active,2020-01-01,McKesson
DSH210025,Regional Medical Center 25,210025,Walgreens,"113 Main St, City 25",Active,2020-01-01,Cardinal Health
DSH210025,Regional Medical Center 25,210025,CVS Pharmacy,"621 Main St, City 25",Active,2020-01-01,McKesson
DSH210025,Regional Medical Center 25,210025,CVS Pharmacy,"517 Main St, City 25",Active,2020-01-01,McKesson
DSH210025,Regional Medical Center 25,210025,Rite Aid,"917 Main St, City 25",Active,2020-01-01,McKesson
DSH210025,Regional Medical Center 25,210025,Rite Aid,"388 Main St, City 25",Active,2020-01-01,McKesson
DSH210025,Regional Medical Center 25,210025,Rite Aid,"238 Main St, City 25",Active,2020-01-01,McKesson
DSH210025,Regional Medical Center 25,210025,Walgreens,"483 Main St, City 25",Active,2020-01-01,Cardinal Health
DSH210025,Regional Medical Center 25,210025,CVS Pharmacy,"291 Main St, City 25",Active,2020-01-01,McKesson
DSH210025,Regional Medical Center 25,210025,Walmart Pharmacy,"279 Main St, City 25",Active,2020-01-01,McKesson
DSH210025,Regional Medical Center 25,210025,Rite Aid,"151 Main St, City 25",Active,2020-01-01,McKesson
DSH210025,Regional Medical Center 25,210025,Walmart Pharmacy,"329 Main St, City 25",Active,2020-01-01,McKesson
DSH210025,Regional Medical Center 25,210025,Walmart Pharmacy,"390 Main St, City 25",Active,2020-01-01,McKesson
DSH210025,Regional Medical Center 25,210025,Rite Aid,"859 Main St, City 25",Active,2020-01-01,McKesson
DSH210025,Regional Medical Center 25,210025,Walgreens,"754 Main St, City 25",Active,2020-01-01,Cardinal Health
DSH210025,Regional Medical Center 25,210025,Rite Aid,"869 Main St, City 25",Active,2020-01-01,McKesson
DSH210025,Regional Medical Center 25,210025,Walgreens,"540 Main St, City 25",Active,2020-01-01,Cardinal Health
DSH210025,Regional Medical Center 25,210025,Walmart Pharmacy,"874 Main St, City 25",Active,2020-01-01,McKesson
DSH210025,Regional Medical Center 25,210025,Rite Aid,"560 Main St, City 25",Active,2020-01-01,McKesson
DSH210025,Regional Medical Center 25,210025,Rite Aid,"799 Main St, City 25",Active,2020-01-01,McKesson
DSH210025,Regional Medical Center 25,210025,Rite Aid,"662 Main St, City 25",Active,2020-01-01,McKesson
DSH210025,Regional Medical Center 25,210025,Walmart Pharmacy,"367 Main St, City 25",Active,2020-01-01,McKesson
DSH210025,Regional Medical Center 25,210025,CVS Pharmacy,"991 Main St, City 25",Active,2020-01-01,McKesson
DSH210025,Regional Medical Center 25,210025,CVS Pharmacy,"666 Main St, City 25",Active,2020-01-01,McKesson
DSH210025,Regional Medical Center 25,210025,Walgreens,"275 Main St, City 25",Active,2020-01-01,Cardinal Health
DSH210025,Regional Medical Center 25,210025,Walgreens,"866 Main St, City 25",Active,2020-01-01,Cardinal Health
DSH210025,Regional Medical Center 25,210025,Rite Aid,"109 Main St, City 25",Active,2020-01-01,McKesson
DSH210025,Regional Medical Center 25,210025,Rite Aid,"963 Main St, City 25",Active,2020-01-01,McKesson
DSH210025,Regional Medical Center 25,210025,Rite Aid,"697 Main St, City 25",Active,2020-01-01,McKesson
DSH210025,Regional Medical Center 25,210025,CVS Pharmacy,"252 Main St, City 25",Active,2020-01-01,McKesson
DSH210025,Regional Medical Center 25,210025,CVS Pharmacy,"330 Main St, City 25",Active,2020-01-01,McKesson
DSH210025,Regional Medical Center 25,210025,Walgreens,"556 Main St, City 25",Active,2020-01-01,Cardinal Health
DSH210025,Regional Medical Center 25,210025,CVS Pharmacy,"124 Main St, City 25",Active,2020-01-01,McKesson
DSH210025,Regional Medical Center 25,210025,Rite Aid,"903 Main St, City 25",Active,2020-01-01,McKesson
DSH210025,Regional Medical Center 25,210025,Walgreens,"135 Main St, City 25",Active,2020-01-01,Cardinal Health
DSH210025,Regional Medical Center 25,210025,Walgreens,"470 Main St, City 25",Active,2020-01-01,Cardinal Health
DSH210025,Regional Medical Center 25,210025,CVS Pharmacy,"845 Main St, City 25",Active,2020-01-01,McKesson
DSH210025,Regional Medical Center 25,210025,Rite Aid,"826 Main St, City 25",Active,2020-01-01,McKesson
DSH210025,Regional Medical Center 25,210025,Walmart Pharmacy,"549 Main St, City 25",Active,2020-01-01,McKesson
DSH210025,Regional Medical Center 25,210025,Rite Aid,"231 Main St, City 25",Active,2020-01-01,McKesson
DSH210025,Regional Medical Center 25,210025,CVS Pharmacy,"827 Main St, City 25",Active,2020-01-01,McKesson
DSH210025,Regional Medical Center 25,210025,Rite Aid,"195 Main St, City 25",Active,2020-01-01,McKesson
DSH210025,Regional Medical Center 25,210025,Walmart Pharmacy,"644 Main St, City 25",Active,2020-01-01,McKesson
DSH210025,Regional Medical Center 25,210025,Rite Aid,"392 Main St, City 25",Active,2020-01-01,McKesson
DSH210025,Regional Medical Center 25,210025,CVS Pharmacy,"339 Main St, City 25",Active,2020-01-01,McKesson
DSH210026,Hospital Center 26 - North,210026,Rite Aid,"901 Main St, City 26",Active,2020-01-01,McKesson
DSH210026,Hospital Center 26 - North,210026,Rite Aid,"417 Main St, City 26",Active,2020-01-01,McKesson
DSH210026,Hospital Center 26 - North,210026,CVS Pharmacy,"997 Main St, City 26",Active,2020-01-01,McKesson
DSH210026,Hospital Center 26 - North,210026,CVS Pharmacy,"412 Main St, City 26",Active,2020-01-01,McKesson
DSH210026,Hospital Center 26 - North,210026,Walgreens,"613 Main St, City 26",Active,2020-01-01,Cardinal Health
DSH210026,Hospital Center 26 - North,210026,CVS Pharmacy,"845 Main St, City 26",Active,2020-01-01,McKesson
DSH210026,Hospital Center 26 - North,210026,Rite Aid,"567 Main St, City 26",Active,2020-01-01,McKesson
DSH210026,Hospital Center 26 - North,210026,CVS Pharmacy,"326 Main St, City 26",Active,2020-01-01,McKesson
DSH210026,Hospital Center 26 - North,210026,Walgreens,"546 Main St, City 26",Active,2020-01-01,Cardinal Health
DSH210026,Hospital Center 26 - North,210026,Walmart Pharmacy,"554 Main St, City 26",Active,2020-01-01,McKesson
DSH210026,Hospital Center 26 - North,210026,Rite Aid,"661 Main St, City 26",Active,2020-01-01,McKesson
DSH210026,Hospital Center 26 - North,210026,Walgreens,"386 Main St, City 26",Active,2020-01-01,Cardinal Health
DSH210026,Hospital Center 26 - North,210026,Rite Aid,"504 Main St, City 26",Active,2020-01-01,McKesson
DSH210026,Hospital Center 26 - North,210026,Rite Aid,"740 Main St, City 26",Active,2020-01-01,McKesson
DSH210026,Hospital Center 26 - North,210026,Rite Aid,"300 Main St, City 26",Active,2020-01-01,McKesson
DSH210026,Hospital Center 26 - North,210026,Rite Aid,"309 Main St, City 26",Active,2020-01-01,McKesson
DSH210026,Hospital Center 26 - North,210026,Rite Aid,"184 Main St, City 26",Active,2020-01-01,McKesson
DSH210026,Hospital Center 26 - North,210026,Walmart Pharmacy,"356 Main St, City 26",Active,2020-01-01,McKesson
DSH210026,Hospital Center 26 - North,210026,CVS Pharmacy,"719 Main St, City 26",Active,2020-01-01,McKesson
DSH210026,Hospital Center 26 - North,210026,CVS Pharmacy,"956 Main St, City 26",Active,2020-01-01,McKesson
DSH210026,Hospital Center 26 - North,210026,Rite Aid,"406 Main St, City 26",Active,2020-01-01,McKesson
DSH210026,Hospital Center 26 - North,210026,CVS Pharmacy,"400 Main St, City 26",Active,2020-01-01,McKesson
DSH210026,Hospital Center 26 - North,210026,CVS Pharmacy,"841 Main St, City 26",Active,2020-01-01,McKesson
DSH210026,Hospital Center 26 - North,210026,Walgreens,"998 Main St, City 26",Active,2020-01-01,Cardinal Health
DSH210026,Hospital Center 26 - North,210026,Rite Aid,"953 Main St, City 26",Active,2020-01-01,McKesson
DSH210026,Hospital Center 26 - North,210026,Walgreens,"381 Main St, City 26",Active,2020-01-01,Cardinal Health
DSH210026,Hospital Center 26 - North,210026,CVS Pharmacy,"905 Main St, City 26",Active,2020-01-01,McKesson
DSH210026,Hospital Center 26 - North,210026,Walmart Pharmacy,"731 Main St, City 26",Active,2020-01-01,McKesson
DSH210026,Hospital Center 26 - North,210026,Walgreens,"649 Main St, City 26",Active,2020-01-01,Cardinal Health
DSH210026,Hospital Center 26 - North,210026,Walmart Pharmacy,"287 Main St, City 26",Active,2020-01-01,McKesson
DSH210026,Hospital Center 26 - North,210026,Walgreens,"633 Main St, City 26",Active,2020-01-01,Cardinal Health
DSH210026,Hospital Center 26 - North,210026,Walmart Pharmacy,"971 Main St, City 26",Active,2020-01-01,McKesson
DSH210026,Hospital Center 26 - North,210026,Walmart Pharmacy,"384 Main St, City 26",Active,2020-01-01,McKesson
DSH210026,Hospital Center 26 - North,210026,Rite Aid,"824 Main St, City 26",Active,2020-01-01,McKesson
DSH210027,Regional Medical Center 27,210027,Walmart Pharmacy,"857 Main St, City 27",Active,2020-01-01,McKesson
DSH210027,Regional Medical Center 27,210027,Walmart Pharmacy,"182 Main St, City 27",Active,2020-01-01,McKesson
DSH210027,Regional Medical Center 27,210027,Rite Aid,"894 Main St, City 27",Active,2020-01-01,McKesson
DSH210027,Regional Medical Center 27,210027,Walmart Pharmacy,"892 Main St, City 27",Active,2020-01-01,McKesson
DSH210027,Regional Medical Center 27,210027,Rite Aid,"281 Main St, City 27",Active,2020-01-01,McKesson
DSH210027,Regional Medical Center 27,210027,Walmart Pharmacy,"215 Main St, City 27",Active,2020-01-01,McKesson
DSH210027,Regional Medical Center 27,210027,CVS Pharmacy,"946 Main St, City 27",Active,2020-01-01,McKesson
DSH210027,Regional Medical Center 27,210027,Walmart Pharmacy,"915 Main St, City 27",Active,2020-01-01,McKesson
DSH210027,Regional Medical Center 27,210027,Rite Aid,"718 Main St, City 27",Active,2020-01-01,McKesson
DSH210027,Regional Medical Center 27,210027,Walgreens,"194 Main St, City 27",Active,2020-01-01,Cardinal Health
DSH210027,Regional Medical Center 27,210027,Rite Aid,"320 Main St, City 27",Active,2020-01-01,McKesson
DSH210027,Regional Medical Center 27,210027,Rite Aid,"826 Main St, City 27",Active,2020-01-01,McKesson
DSH210027,Regional Medical Center 27,210027,Walgreens,"715 Main St, City 27",Active,2020-01-01,Cardinal Health
DSH210027,Regional Medical Center 27,210027,Walmart Pharmacy,"369 Main St, City 27",Active,2020-01-01,McKesson
DSH210027,Regional Medical Center 27,210027,Walmart Pharmacy,"590 Main St, City 27",Active,2020-01-01,McKesson
DSH210027,Regional Medical Center 27,210027,Walmart Pharmacy,"790 Main St, City 27",Active,2020-01-01,McKesson
DSH210027,Regional Medical Center 27,210027,Walmart Pharmacy,"629 Main St, City 27",Active,2020-01-01,McKesson
DSH210027,Regional Medical Center 27,210027,Walmart Pharmacy,"325 Main St, City 27",Active,2020-01-01,McKesson
DSH210027,Regional Medical Center 27,210027,CVS Pharmacy,"110 Main St, City 27",Active,2020-01-01,McKesson
DSH210027,Regional Medical Center 27,210027,Walgreens,"863 Main St, City 27",Active,2020-01-01,Cardinal Health
DSH210027,Regional Medical Center 27,210027,Walgreens,"598 Main St, City 27",Active,2020-01-01,Cardinal Health
DSH210027,Regional Medical Center 27,210027,Walgreens,"463 Main St, City 27",Active,2020-01-01,Cardinal Health
DSH210027,Regional Medical Center 27,210027,CVS Pharmacy,"858 Main St, City 27",Active,2020-01-01,McKesson
DSH210027,Regional Medical Center 27,210027,Rite Aid,"963 Main St, City 27",Active,2020-01-01,McKesson
DSH210027,Regional Medical Center 27,210027,Walmart Pharmacy,"196 Main St, City 27",Active,2020-01-01,McKesson
DSH210027,Regional Medical Center 27,210027,Rite Aid,"658 Main St, City 27",Active,2020-01-01,McKesson
DSH210027,Regional Medical Center 27,210027,Walgreens,"811 Main St, City 27",Active,2020-01-01,Cardinal Health
DSH210027,Regional Medical Center 27,210027,Walgreens,"709 Main St, City 27",Active,2020-01-01,Cardinal Health
DSH210027,Regional Medical Center 27,210027,CVS Pharmacy,"464 Main St, City 27",Active,2020-01-01,McKesson
DSH210027,Regional Medical Center 27,210027,Rite Aid,"248 Main St, City 27",Active,2020-01-01,McKesson
DSH210027,Regional Medical Center 27,210027,Walgreens,"935 Main St, City 27",Active,2020-01-01,Cardinal Health
DSH210027,Regional Medical Center 27,210027,Rite Aid,"296 Main St, City 27",Active,2020-01-01,McKesson
DSH210027,Regional Medical Center 27,210027,Rite Aid,"885 Main St, City 27",Active,2020-01-01,McKesson
DSH210027,Regional Medical Center 27,210027,Walmart Pharmacy,"955 Main St, City 27",Active,2020-01-01,McKesson
DSH210027,Regional Medical Center 27,210027,Walgreens,"741 Main St, City 27",Active,2020-01-01,Cardinal Health
DSH210027,Regional Medical Center 27,210027,Walgreens,"885 Main St, City 27",Active,2020-01-01,Cardinal Health
DSH210027,Regional Medical Center 27,210027,Walgreens,"683 Main St, City 27",Active,2020-01-01,Cardinal Health
DSH210027,Regional Medical Center 27,210027,Rite Aid,"150 Main St, City 27",Active,2020-01-01,McKesson
DSH210027,Regional Medical Center 27,210027,Walgreens,"510 Main St, City 27",Active,2020-01-01,Cardinal Health
DSH210027,Regional Medical Center 27,210027,CVS Pharmacy,"964 Main St, City 27",Active,2020-01-01,McKesson
DSH210027,Regional Medical Center 27,210027,Walmart Pharmacy,"926 Main St, City 27",Active,2020-01-01,McKesson
DSH210027,Regional Medical Center 27,210027,Rite Aid,"380 Main St, City 27",Active,2020-01-01,McKesson
DSH210027,Regional Medical Center 27,210027,Walgreens,"450 Main St, City 27",Active,2020-01-01,Cardinal Health
DSH210027,Regional Medical Center 27,210027,Walgreens,"704 Main St, City 27",Active,2020-01-01,Cardinal Health
DSH210027,Regional Medical Center 27,210027,CVS Pharmacy,"259 Main St, City 27",Active,2020-01-01,McKesson
DSH210027,Regional Medical Center 27,210027,Walgreens,"479 Main St, City 27",Active,2020-01-01,Cardinal Health
DSH210027,Regional Medical Center 27,210027,Walmart Pharmacy,"204 Main St, City 27",Active,2020-01-01,McKesson
DSH210027,Regional Medical Center 27,210027,Walgreens,"680 Main St, City 27",Active,2020-01-01,Cardinal Health
DSH210027,Regional Medical Center 27,210027,Walgreens,"960 Main St, City 27",Active,2020-01-01,Cardinal Health
DSH210027,Regional Medical Center 27,210027,Rite Aid,"674 Main St, City 27",Active,2020-01-01,McKesson
DSH210027,Regional Medical Center 27,210027,Walmart Pharmacy,"636 Main St, City 27",Active,2020-01-01,McKesson
DSH210027,Regional Medical Center 27,210027,CVS Pharmacy,"806 Main St, City 27",Active,2020-01-01,McKesson
DSH210027,Regional Medical Center 27,210027,CVS Pharmacy,"575 Main St, City 27",Active,2020-01-01,McKesson
DSH210027,Regional Medical Center 27,210027,CVS Pharmacy,"693 Main St, City 27",Active,2020-01-01,McKesson
DSH210027,Regional Medical Center 27,210027,CVS Pharmacy,"605 Main St, City 27",Active,2020-01-01,McKesson
DSH210027,Regional Medical Center 27,210027,Walmart Pharmacy,"307 Main St, City 27",Active,2020-01-01,McKesson
DSH210027,Regional Medical Center 27,210027,Walmart Pharmacy,"992 Main St, City 27",Active,2020-01-01,McKesson
DSH210027,Regional Medical Center 27,210027,Walmart Pharmacy,"663 Main St, City 27",Active,2020-01-01,McKesson
DSH210027,Regional Medical Center 27,210027,Walgreens,"414 Main St, City 27",Active,2020-01-01,Cardinal Health
DSH210027,Regional Medical Center 27,210027,Walmart Pharmacy,"410 Main St, City 27",Active,2020-01-01,McKesson
DSH210027,Regional Medical Center 27,210027,CVS Pharmacy,"768 Main St, City 27",Active,2020-01-01,McKesson
DSH210027,Regional Medical Center 27,210027,Rite Aid,"439 Main St, City 27",Active,2020-01-01,McKesson
DSH210027,Regional Medical Center 27,210027,Walgreens,"177 Main St, City 27",Active,2020-01-01,Cardinal Health
DSH210027,Regional Medical Center 27,210027,Walmart Pharmacy,"852 Main St, City 27",Active,2020-01-01,McKesson
DSH210027,Regional Medical Center 27,210027,Walgreens,"320 Main St, City 27",Active,2020-01-01,Cardinal Health
DSH210027,Regional Medical Center 27,210027,Rite Aid,"254 Main St, City 27",Active,2020-01-01,McKesson
DSH210027,Regional Medical Center 27,210027,Walgreens,"389 Main St, City 27",Active,2020-01-01,Cardinal Health
DSH210027,Regional Medical Center 27,210027,Walmart Pharmacy,"310 Main St, City 27",Active,2020-01-01,McKesson
DSH210027,Regional Medical Center 27,210027,Rite Aid,"482 Main St, City 27",Active,2020-01-01,McKesson
DSH210027,Regional Medical Center 27,210027,CVS Pharmacy,"618 Main St, City 27",Active,2020-01-01,McKesson
DSH210027,Regional Medical Center 27,210027,CVS Pharmacy,"396 Main St, City 27",Active,2020-01-01,McKesson
DSH210027,Regional Medical Center 27,210027,Rite Aid,"602 Main St, City 27",Active,2020-01-01,McKesson
DSH210027,Regional Medical Center 27,210027,CVS Pharmacy,"122 Main St, City 27",Active,2020-01-01,McKesson
DSH210027,Regional Medical Center 27,210027,Rite Aid,"195 Main St, City 27",Active,2020-01-01,McKesson
DSH210027,Regional Medical Center 27,210027,Walgreens,"585 Main St, City 27",Active,2020-01-01,Cardinal Health
DSH210027,Regional Medical Center 27,210027,CVS Pharmacy,"776 Main St, City 27",Active,2020-01-01,McKesson
DSH210027,Regional Medical Center 27,210027,Walmart Pharmacy,"809 Main St, City 27",Active,2020-01-01,McKesson
DSH210027,Regional Medical Center 27,210027,CVS Pharmacy,"192 Main St, City 27",Active,2020-01-01,McKesson
DSH210027,Regional Medical Center 27,210027,Walgreens,"983 Main St, City 27",Active,2020-01-01,Cardinal Health
DSH210028,Hospital Center 28 - North,210028,Walmart Pharmacy,"283 Main St, City 28",Active,2020-01-01,McKesson
DSH210028,Hospital Center 28 - North,210028,Rite Aid,"334 Main St, City 28",Active,2020-01-01,McKesson
DSH210028,Hospital Center 28 - North,210028,Rite Aid,"401 Main St, City 28",Active,2020-01-01,McKesson
DSH210028,Hospital Center 28 - North,210028,CVS Pharmacy,"320 Main St, City 28",Active,2020-01-01,McKesson
DSH210028,Hospital Center 28 - North,210028,Walgreens,"945 Main St, City 28",Active,2020-01-01,Cardinal Health
DSH210028,Hospital Center 28 - North,210028,CVS Pharmacy,"165 Main St, City 28",Active,2020-01-01,McKesson
DSH210028,Hospital Center 28 - North,210028,CVS Pharmacy,"533 Main St, City 28",Active,2020-01-01,McKesson
DSH210028,Hospital Center 28 - North,210028,CVS Pharmacy,"784 Main St, City 28",Active,2020-01-01,McKesson
DSH210028,Hospital Center 28 - North,210028,Walmart Pharmacy,"497 Main St, City 28",Active,2020-01-01,McKesson
DSH210028,Hospital Center 28 - North,210028,CVS Pharmacy,"432 Main St, City 28",Active,2020-01-01,McKesson
DSH210028,Hospital Center 28 - North,210028,CVS Pharmacy,"562 Main St, City 28",Active,2020-01-01,McKesson
DSH210028,Hospital Center 28 - North,210028,Walgreens,"410 Main St, City 28",Active,2020-01-01,Cardinal Health
DSH210028,Hospital Center 28 - North,210028,CVS Pharmacy,"678 Main St, City 28",Active,2020-01-01,McKesson
DSH210028,Hospital Center 28 - North,210028,Walmart Pharmacy,"583 Main St, City 28",Active,2020-01-01,McKesson
DSH210028,Hospital Center 28 - North,210028,Walgreens,"122 Main St, City 28",Active,2020-01-01,Cardinal Health
DSH210028,Hospital Center 28 - North,210028,CVS Pharmacy,"788 Main St, City 28",Active,2020-01-01,McKesson
DSH210028,Hospital Center 28 - North,210028,Walgreens,"363 Main St, City 28",Active,2020-01-01,Cardinal Health
DSH210028,Hospital Center 28 - North,210028,Walmart Pharmacy,"919 Main St, City 28",Active,2020-01-01,McKesson
DSH210028,Hospital Center 28 - North,210028,Walgreens,"393 Main St, City 28",Active,2020-01-01,Cardinal Health
DSH210028,Hospital Center 28 - North,210028,Walmart Pharmacy,"549 Main St, City 28",Active,2020-01-01,McKesson
DSH210028,Hospital Center 28 - North,210028,Walmart Pharmacy,"577 Main St, City 28",Active,2020-01-01,McKesson
DSH210028,Hospital Center 28 - North,210028,Walgreens,"542 Main St, City 28",Active,2020-01-01,Cardinal Health
DSH210028,Hospital Center 28 - North,210028,Walmart Pharmacy,"258 Main St, City 28",Active,2020-01-01,McKesson
DSH210028,Hospital Center 28 - North,210028,Walmart Pharmacy,"240 Main St, City 28",Active,2020-01-01,McKesson
DSH210028,Hospital Center 28 - North,210028,Rite Aid,"372 Main St, City 28",Active,2020-01-01,McKesson
DSH210028,Hospital Center 28 - North,210028,Rite Aid,"176 Main St, City 28",Active,2020-01-01,McKesson
DSH210028,Hospital Center 28 - North,210028,Walgreens,"202 Main St, City 28",Active,2020-01-01,Cardinal Health
DSH210028,Hospital Center 28 - North,210028,CVS Pharmacy,"193 Main St, City 28",Active,2020-01-01,McKesson
DSH210028,Hospital Center 28 - North,210028,CVS Pharmacy,"755 Main St, City 28",Active,2020-01-01,McKesson
DSH210028,Hospital Center 28 - North,210028,CVS Pharmacy,"677 Main St, City 28",Active,2020-01-01,McKesson
DSH210028,Hospital Center 28 - North,210028,Walmart Pharmacy,"362 Main St, City 28",Active,2020-01-01,McKesson
DSH210028,Hospital Center 28 - North,210028,Walgreens,"738 Main St, City 28",Active,2020-01-01,Cardinal Health
DSH210028,Hospital Center 28 - North,210028,CVS Pharmacy,"948 Main St, City 28",Active,2020-01-01,McKesson
DSH210028,Hospital Center 28 - North,210028,Walmart Pharmacy,"341 Main St, City 28",Active,2020-01-01,McKesson
DSH210028,Hospital Center 28 - North,210028,CVS Pharmacy,"223 Main St, City 28",Active,2020-01-01,McKesson
DSH210028,Hospital Center 28 - North,210028,CVS Pharmacy,"189 Main St, City 28",Active,2020-01-01,McKesson
DSH210028,Hospital Center 28 - North,210028,CVS Pharmacy,"219 Main St, City 28",Active,2020-01-01,McKesson
DSH210028,Hospital Center 28 - North,210028,Rite Aid,"287 Main St, City 28",Active,2020-01-01,McKesson
DSH210028,Hospital Center 28 - North,210028,CVS Pharmacy,"577 Main St, City 28",Active,2020-01-01,McKesson
DSH210028,Hospital Center 28 - North,210028,Walgreens,"550 Main St, City 28",Active,2020-01-01,Cardinal Health
DSH210028,Hospital Center 28 - North,210028,Walmart Pharmacy,"510 Main St, City 28",Active,2020-01-01,McKesson
DSH210028,Hospital Center 28 - North,210028,Walgreens,"482 Main St, City 28",Active,2020-01-01,Cardinal Health
DSH210028,Hospital Center 28 - North,210028,Walmart Pharmacy,"228 Main St, City 28",Active,2020-01-01,McKesson
DSH210028,Hospital Center 28 - North,210028,Walgreens,"200 Main St, City 28",Active,2020-01-01,Cardinal Health
DSH210028,Hospital Center 28 - North,210028,Rite Aid,"504 Main St, City 28",Active,2020-01-01,McKesson
DSH210029,Regional Medical Center 29,210029,CVS Pharmacy,"431 Main St, City 29",Active,2020-01-01,McKesson
DSH210029,Regional Medical Center 29,210029,Rite Aid,"173 Main St, City 29",Active,2020-01-01,McKesson
DSH210029,Regional Medical Center 29,210029,Walmart Pharmacy,"382 Main St, City 29",Active,2020-01-01,McKesson
DSH210029,Regional Medical Center 29,210029,CVS Pharmacy,"905 Main St, City 29",Active,2020-01-01,McKesson
DSH210029,Regional Medical Center 29,210029,Rite Aid,"304 Main St, City 29",Active,2020-01-01,McKesson
DSH210029,Regional Medical Center 29,210029,CVS Pharmacy,"142 Main St, City 29",Active,2020-01-01,McKesson
DSH210029,Regional Medical Center 29,210029,Walmart Pharmacy,"247 Main St, City 29",Active,2020-01-01,McKesson
DSH210029,Regional Medical Center 29,210029,CVS Pharmacy,"695 Main St, City 29",Active,2020-01-01,McKesson
DSH210029,Regional Medical Center 29,210029,Rite Aid,"645 Main St, City 29",Active,2020-01-01,McKesson
DSH210029,Regional Medical Center 29,210029,Walmart Pharmacy,"275 Main St, City 29",Active,2020-01-01,McKesson
DSH210029,Regional Medical Center 29,210029,Walmart Pharmacy,"682 Main St, City 29",Active,2020-01-01,McKesson
DSH210029,Regional Medical Center 29,210029,Rite Aid,"329 Main St, City 29",Active,2020-01-01,McKesson
DSH210029,Regional Medical Center 29,210029,Walgreens,"669 Main St, City 29",Active,2020-01-01,Cardinal Health
DSH210029,Regional Medical Center 29,210029,Walmart Pharmacy,"961 Main St, City 29",Active,2020-01-01,McKesson
DSH210029,Regional Medical Center 29,210029,Rite Aid,"692 Main St, City 29",Active,2020-01-01,McKesson
DSH210029,Regional Medical Center 29,210029,CVS Pharmacy,"791 Main St, City 29",Active,2020-01-01,McKesson
DSH210029,Regional Medical Center 29,210029,CVS Pharmacy,"250 Main St, City 29",Active,2020-01-01,McKesson
DSH210029,Regional Medical Center 29,210029,Rite Aid,"866 Main St, City 29",Active,2020-01-01,McKesson
DSH210029,Regional Medical Center 29,210029,Rite Aid,"249 Main St, City 29",Active,2020-01-01,McKesson
DSH210029,Regional Medical Center 29,210029,CVS Pharmacy,"466 Main St, City 29",Active,2020-01-01,McKesson
DSH210029,Regional Medical Center 29,210029,Walgreens,"816 Main St, City 29",Active,2020-01-01,Cardinal Health
DSH210029,Regional Medical Center 29,210029,Rite Aid,"758 Main St, City 29",Active,2020-01-01,McKesson
DSH210029,Regional Medical Center 29,210029,Walmart Pharmacy,"956 Main St, City 29",Active,2020-01-01,McKesson
DSH210029,Regional Medical Center 29,210029,Walmart Pharmacy,"223 Main St, City 29",Active,2020-01-01,McKesson
DSH210029,Regional Medical Center 29,210029,Walgreens,"711 Main St, City 29",Active,2020-01-01,Cardinal Health
DSH210029,Regional Medical Center 29,210029,Walgreens,"673 Main St, City 29",Active,2020-01-01,Cardinal Health
DSH210029,Regional Medical Center 29,210029,CVS Pharmacy,"637 Main St, City 29",Active,2020-01-01,McKesson
DSH210029,Regional Medical Center 29,210029,Rite Aid,"694 Main St, City 29",Active,2020-01-01,McKesson
DSH210029,Regional Medical Center 29,210029,CVS Pharmacy,"945 Main St, City 29",Active,2020-01-01,McKesson
DSH210029,Regional Medical Center 29,210029,Walmart Pharmacy,"848 Main St, City 29",Active,2020-01-01,McKesson
DSH210029,Regional Medical Center 29,210029,Walmart Pharmacy,"382 Main St, City 29",Active,2020-01-01,McKesson
DSH210029,Regional Medical Center 29,210029,Walmart Pharmacy,"342 Main St, City 29",Active,2020-01-01,McKesson
DSH210029,Regional Medical Center 29,210029,Rite Aid,"995 Main St, City 29",Active,2020-01-01,McKesson
DSH210029,Regional Medical Center 29,210029,CVS Pharmacy,"355 Main St, City 29",Active,2020-01-01,McKesson
DSH210029,Regional Medical Center 29,210029,CVS Pharmacy,"905 Main St, City 29",Active,2020-01-01,McKesson
DSH210029,Regional Medical Center 29,210029,Rite Aid,"714 Main St, City 29",Active,2020-01-01,McKesson
DSH210029,Regional Medical Center 29,210029,Walmart Pharmacy,"444 Main St, City 29",Active,2020-01-01,McKesson
DSH210029,Regional Medical Center 29,210029,Walmart Pharmacy,"122 Main St, City 29",Active,2020-01-01,McKesson
DSH210029,Regional Medical Center 29,210029,CVS Pharmacy,"816 Main St, City 29",Active,2020-01-01,McKesson
DSH210029,Regional Medical Center 29,210029,Walmart Pharmacy,"248 Main St, City 29",Active,2020-01-01,McKesson
DSH210029,Regional Medical Center 29,210029,Rite Aid,"945 Main St, City 29",Active,2020-01-01,McKesson
DSH210029,Regional Medical Center 29,210029,Walgreens,"121 Main St, City 29",Active,2020-01-01,Cardinal Health
DSH210029,Regional Medical Center 29,210029,Rite Aid,"532 Main St, City 29",Active,2020-01-01,McKesson
DSH210029,Regional Medical Center 29,210029,Walgreens,"774 Main St, City 29",Active,2020-01-01,Cardinal Health
DSH210029,Regional Medical Center 29,210029,Rite Aid,"957 Main St, City 29",Active,2020-01-01,McKesson
DSH210029,Regional Medical Center 29,210029,Walmart Pharmacy,"505 Main St, City 29",Active,2020-01-01,McKesson
DSH210029,Regional Medical Center 29,210029,Walmart Pharmacy,"163 Main St, City 29",Active,2020-01-01,McKesson
DSH210029,Regional Medical Center 29,210029,Walgreens,"499 Main St, City 29",Active,2020-01-01,Cardinal Health
DSH210029,Regional Medical Center 29,210029,Rite Aid,"568 Main St, City 29",Active,2020-01-01,McKesson
DSH210029,Regional Medical Center 29,210029,Walmart Pharmacy,"825 Main St, City 29",Active,2020-01-01,McKesson
DSH210029,Regional Medical Center 29,210029,Walgreens,"360 Main St, City 29",Active,2020-01-01,Cardinal Health
DSH210029,Regional Medical Center 29,210029,Walmart Pharmacy,"908 Main St, City 29",Active,2020-01-01,McKesson
DSH210029,Regional Medical Center 29,210029,CVS Pharmacy,"276 Main St, City 29",Active,2020-01-01,McKesson
DSH210029,Regional Medical Center 29,210029,Walmart Pharmacy,"974 Main St, City 29",Active,2020-01-01,McKesson
DSH210029,Regional Medical Center 29,210029,Walgreens,"917 Main St, City 29",Active,2020-01-01,Cardinal Health
DSH210029,Regional Medical Center 29,210029,Walmart Pharmacy,"140 Main St, City 29",Active,2020-01-01,McKesson
DSH210029,Regional Medical Center 29,210029,Walgreens,"171 Main St, City 29",Active,2020-01-01,Cardinal Health
DSH210029,Regional Medical Center 29,210029,CVS Pharmacy,"234 Main St, City 29",Active,2020-01-01,McKesson
DSH210029,Regional Medical Center 29,210029,Walmart Pharmacy,"520 Main St, City 29",Active,2020-01-01,McKesson
DSH210029,Regional Medical Center 29,210029,Walmart Pharmacy,"642 Main St, City 29",Active,2020-01-01,McKesson
DSH210029,Regional Medical Center 29,210029,CVS Pharmacy,"120 Main St, City 29",Active,2020-01-01,McKesson
DSH210029,Regional Medical Center 29,210029,Walgreens,"872 Main St, City 29",Active,2020-01-01,Cardinal Health
DSH210029,Regional Medical Center 29,210029,Walmart Pharmacy,"237 Main St, City 29",Active,2020-01-01,McKesson
DSH210029,Regional Medical Center 29,210029,CVS Pharmacy,"166 Main St, City 29",Active,2020-01-01,McKesson
DSH210029,Regional Medical Center 29,210029,Walmart Pharmacy,"753 Main St, City 29",Active,2020-01-01,McKesson
DSH210029,Regional Medical Center 29,210029,Rite Aid,"354 Main St, City 29",Active,2020-01-01,McKesson
DSH210029,Regional Medical Center 29,210029,CVS Pharmacy,"845 Main St, City 29",Active,2020-01-01,McKesson
DSH210029,Regional Medical Center 29,210029,CVS Pharmacy,"185 Main St, City 29",Active,2020-01-01,McKesson
DSH210029,Regional Medical Center 29,210029,Rite Aid,"308 Main St, City 29",Active,2020-01-01,McKesson
DSH210029,Regional Medical Center 29,210029,Rite Aid,"867 Main St, City 29",Active,2020-01-01,McKesson
DSH210029,Regional Medical Center 29,210029,Walgreens,"698 Main St, City 29",Active,2020-01-01,Cardinal Health
DSH210029,Regional Medical Center 29,210029,Walgreens,"631 Main St, City 29",Active,2020-01-01,Cardinal Health
DSH210029,Regional Medical Center 29,210029,CVS Pharmacy,"204 Main St, City 29",Active,2020-01-01,McKesson
DSH210029,Regional Medical Center 29,210029,CVS Pharmacy,"934 Main St, City 29",Active,2020-01-01,McKesson
DSH210029,Regional Medical Center 29,210029,Walgreens,"524 Main St, City 29",Active,2020-01-01,Cardinal Health
DSH210029,Regional Medical Center 29,210029,CVS Pharmacy,"940 Main St, City 29",Active,2020-01-01,McKesson
DSH210030,Hospital Center 30 - North,210030,Walgreens,"699 Main St, City 30",Active,2020-01-01,Cardinal Health
DSH210030,Hospital Center 30 - North,210030,Walmart Pharmacy,"999 Main St, City 30",Active,2020-01-01,McKesson
DSH210030,Hospital Center 30 - North,210030,Walmart Pharmacy,"796 Main St, City 30",Active,2020-01-01,McKesson
DSH210030,Hospital Center 30 - North,210030,Rite Aid,"160 Main St, City 30",Active,2020-01-01,McKesson
DSH210030,Hospital Center 30 - North,210030,CVS Pharmacy,"382 Main St, City 30",Active,2020-01-01,McKesson
DSH210030,Hospital Center 30 - North,210030,Rite Aid,"309 Main St, City 30",Active,2020-01-01,McKesson
DSH210030,Hospital Center 30 - North,210030,Walmart Pharmacy,"414 Main St, City 30",Active,2020-01-01,McKesson
DSH210030,Hospital Center 30 - North,210030,CVS Pharmacy,"519 Main St, City 30",Active,2020-01-01,McKesson
DSH210030,Hospital Center 30 - North,210030,CVS Pharmacy,"175 Main St, City 30",Active,2020-01-01,McKesson
DSH210030,Hospital Center 30 - North,210030,CVS Pharmacy,"313 Main St, City 30",Active,2020-01-01,McKesson
DSH210030,Hospital Center 30 - North,210030,Walgreens,"663 Main St, City 30",Active,2020-01-01,Cardinal Health
DSH210030,Hospital Center 30 - North,210030,Rite Aid,"486 Main St, City 30",Active,2020-01-01,McKesson
DSH210030,Hospital Center 30 - North,210030,Rite Aid,"218 Main St, City 30",Active,2020-01-01,McKesson
DSH210030,Hospital Center 30 - North,210030,Walmart Pharmacy,"146 Main St, City 30",Active,2020-01-01,McKesson
DSH210030,Hospital Center 30 - North,210030,Walgreens,"201 Main St, City 30",Active,2020-01-01,Cardinal Health
DSH210030,Hospital Center 30 - North,210030,Rite Aid,"498 Main St, City 30",Active,2020-01-01,McKesson
DSH210030,Hospital Center 30 - North,210030,Walmart Pharmacy,"684 Main St, City 30",Active,2020-01-01,McKesson
DSH210030,Hospital Center 30 - North,210030,Walmart Pharmacy,"441 Main St, City 30",Active,2020-01-01,McKesson
DSH210030,Hospital Center 30 - North,210030,Walgreens,"413 Main St, City 30",Active,2020-01-01,Cardinal Health
DSH210030,Hospital Center 30 - North,210030,CVS Pharmacy,"717 Main St, City 30",Active,2020-01-01,McKesson
DSH210030,Hospital Center 30 - North,210030,Walmart Pharmacy,"787 Main St, City 30",Active,2020-01-01,McKesson
DSH210030,Hospital Center 30 - North,210030,CVS Pharmacy,"678 Main St, City 30",Active,2020-01-01,McKesson
DSH210030,Hospital Center 30 - North,210030,Walmart Pharmacy,"867 Main St, City 30",Active,2020-01-01,McKesson
DSH210030,Hospital Center 30 - North,210030,Rite Aid,"620 Main St, City 30",Active,2020-01-01,McKesson
DSH210030,Hospital Center 30 - North,210030,Walgreens,"113 Main St, City 30",Active,2020-01-01,Cardinal Health
DSH210030,Hospital Center 30 - North,210030,Walmart Pharmacy,"215 Main St, City 30",Active,2020-01-01,McKesson
DSH210030,Hospital Center 30 - North,210030,Rite Aid,"950 Main St, City 30",Active,2020-01-01,McKesson
DSH210030,Hospital Center 30 - North,210030,Walmart Pharmacy,"126 Main St, City 30",Active,2020-01-01,McKesson
DSH210030,Hospital Center 30 - North,210030,Rite Aid,"441 Main St, City 30",Active,2020-01-01,McKesson
DSH210030,Hospital Center 30 - North,210030,Walmart Pharmacy,"419 Main St, City 30",Active,2020-01-01,McKesson
DSH210030,Hospital Center 30 - North,210030,Walmart Pharmacy,"376 Main St, City 30",Active,2020-01-01,McKesson
DSH210030,Hospital Center 30 - North,210030,Walmart Pharmacy,"508 Main St, City 30",Active,2020-01-01,McKesson
DSH210030,Hospital Center 30 - North,210030,CVS Pharmacy,"727 Main St, City 30",Active,2020-01-01,McKesson
DSH210030,Hospital Center 30 - North,210030,Rite Aid,"962 Main St, City 30",Active,2020-01-01,McKesson
DSH210030,Hospital Center 30 - North,210030,Walmart Pharmacy,"763 Main St, City 30",Active,2020-01-01,McKesson
DSH210030,Hospital Center 30 - North,210030,Rite Aid,"794 Main St, City 30",Active,2020-01-01,McKesson
DSH210031,Regional Medical Center 31,210031,Walgreens,"285 Main St, City 31",Active,2020-01-01,Cardinal Health
DSH210031,Regional Medical Center 31,210031,CVS Pharmacy,"356 Main St, City 31",Active,2020-01-01,McKesson
DSH210031,Regional Medical Center 31,210031,Walmart Pharmacy,"867 Main St, City 31",Active,2020-01-01,McKesson
DSH210031,Regional Medical Center 31,210031,Rite Aid,"106 Main St, City 31",Active,2020-01-01,McKesson
DSH210031,Regional Medical Center 31,210031,Rite Aid,"871 Main St, City 31",Active,2020-01-01,McKesson
DSH210031,Regional Medical Center 31,210031,Walmart Pharmacy,"767 Main St, City 31",Active,2020-01-01,McKesson
DSH210031,Regional Medical Center 31,210031,Rite Aid,"340 Main St, City 31",Active,2020-01-01,McKesson
DSH210031,Regional Medical Center 31,210031,Rite Aid,"956 Main St, City 31",Active,2020-01-01,McKesson
DSH210031,Regional Medical Center 31,210031,Walgreens,"139 Main St, City 31",Active,2020-01-01,Cardinal Health
DSH210031,Regional Medical Center 31,210031,Walgreens,"283 Main St, City 31",Active,2020-01-01,Cardinal Health
DSH210031,Regional Medical Center 31,210031,Walmart Pharmacy,"839 Main St, City 31",Active,2020-01-01,McKesson
DSH210031,Regional Medical Center 31,210031,Walmart Pharmacy,"833 Main St, City 31",Active,2020-01-01,McKesson
DSH210031,Regional Medical Center 31,210031,Rite Aid,"468 Main St, City 31",Active,2020-01-01,McKesson
DSH210031,Regional Medical Center 31,210031,Walgreens,"172 Main St, City 31",Active,2020-01-01,Cardinal Health
DSH210031,Regional Medical Center 31,210031,Walgreens,"898 Main St, City 31",Active,2020-01-01,Cardinal Health
DSH210031,Regional Medical Center 31,210031,Rite Aid,"686 Main St, City 31",Active,2020-01-01,McKesson
DSH210031,Regional Medical Center 31,210031,Rite Aid,"820 Main St, City 31",Active,2020-01-01,McKesson
DSH210031,Regional Medical Center 31,210031,CVS Pharmacy,"652 Main St, City 31",Active,2020-01-01,McKesson
DSH210031,Regional Medical Center 31,210031,Rite Aid,"959 Main St, City 31",Active,2020-01-01,McKesson
DSH210031,Regional Medical Center 31,210031,Walgreens,"160 Main St, City 31",Active,2020-01-01,Cardinal Health
DSH210031,Regional Medical Center 31,210031,Walmart Pharmacy,"324 Main St, City 31",Active,2020-01-01,McKesson
DSH210031,Regional Medical Center 31,210031,Walgreens,"371 Main St, City 31",Active,2020-01-01,Cardinal Health
DSH210031,Regional Medical Center 31,210031,Rite Aid,"759 Main St, City 31",Active,2020-01-01,McKesson
DSH210031,Regional Medical Center 31,210031,CVS Pharmacy,"495 Main St, City 31",Active,2020-01-01,McKesson
DSH210031,Regional Medical Center 31,210031,CVS Pharmacy,"664 Main St, City 31",Active,2020-01-01,McKesson
DSH210031,Regional Medical Center 31,210031,Walmart Pharmacy,"280 Main St, City 31",Active,2020-01-01,McKesson
DSH210031,Regional Medical Center 31,210031,CVS Pharmacy,"631 Main St, City 31",Active,2020-01-01,McKesson
DSH210031,Regional Medical Center 31,210031,Rite Aid,"747 Main St, City 31",Active,2020-01-01,McKesson
DSH210031,Regional Medical Center 31,210031,CVS Pharmacy,"597 Main St, City 31",Active,2020-01-01,McKesson
DSH210031,Regional Medical Center 31,210031,Walgreens,"585 Main St, City 31",Active,2020-01-01,Cardinal Health
DSH210031,Regional Medical Center 31,210031,Rite Aid,"648 Main St, City 31",Active,2020-01-01,McKesson
DSH210031,Regional Medical Center 31,210031,Rite Aid,"804 Main St, City 31",Active,2020-01-01,McKesson
DSH210031,Regional Medical Center 31,210031,Rite Aid,"753 Main St, City 31",Active,2020-01-01,McKesson
DSH210031,Regional Medical Center 31,210031,CVS Pharmacy,"608 Main St, City 31",Active,2020-01-01,McKesson
DSH210031,Regional Medical Center 31,210031,Walmart Pharmacy,"202 Main St, City 31",Active,2020-01-01,McKesson
DSH210031,Regional Medical Center 31,210031,Walmart Pharmacy,"581 Main St, City 31",Active,2020-01-01,McKesson
DSH210031,Regional Medical Center 31,210031,Walmart Pharmacy,"693 Main St, City 31",Active,2020-01-01,McKesson
DSH210031,Regional Medical Center 31,210031,Walmart Pharmacy,"642 Main St, City 31",Active,2020-01-01,McKesson
DSH210031,Regional Medical Center 31,210031,Walgreens,"168 Main St, City 31",Active,2020-01-01,Cardinal Health
DSH210031,Regional Medical Center 31,210031,CVS Pharmacy,"256 Main St, City 31",Active,2020-01-01,McKesson
DSH210031,Regional Medical Center 31,210031,Rite Aid,"364 Main St, City 31",Active,2020-01-01,McKesson
DSH210031,Regional Medical Center 31,210031,Walmart Pharmacy,"818 Main St, City 31",Active,2020-01-01,McKesson
DSH210031,Regional Medical Center 31,210031,Walmart Pharmacy,"152 Main St, City 31",Active,2020-01-01,McKesson
DSH210032,Hospital Center 32 - North,210032,Walmart Pharmacy,"940 Main St, City 32",Active,2020-01-01,McKesson
DSH210032,Hospital Center 32 - North,210032,CVS Pharmacy,"136 Main St, City 32",Active,2020-01-01,McKesson
DSH210032,Hospital Center 32 - North,210032,Rite Aid,"583 Main St, City 32",Active,2020-01-01,McKesson
DSH210032,Hospital Center 32 - North,210032,Walgreens,"537 Main St, City 32",Active,2020-01-01,Cardinal Health
DSH210032,Hospital Center 32 - North,210032,CVS Pharmacy,"504 Main St, City 32",Active,2020-01-01,McKesson
DSH210032,Hospital Center 32 - North,210032,CVS Pharmacy,"190 Main St, City 32",Active,2020-01-01,McKesson
DSH210032,Hospital Center 32 - North,210032,CVS Pharmacy,"683 Main St, City 32",Active,2020-01-01,McKesson
DSH210032,Hospital Center 32 - North,210032,Walgreens,"631 Main St, City 32",Active,2020-01-01,Cardinal Health
DSH210032,Hospital Center 32 - North,210032,Walgreens,"732 Main St, City 32",Active,2020-01-01,Cardinal Health
DSH210032,Hospital Center 32 - North,210032,CVS Pharmacy,"197 Main St, City 32",Active,2020-01-01,McKesson
DSH210032,Hospital Center 32 - North,210032,CVS Pharmacy,"769 Main St, City 32",Active,2020-01-01,McKesson
DSH210032,Hospital Center 32 - North,210032,CVS Pharmacy,"354 Main St, City 32",Active,2020-01-01,McKesson
DSH210032,Hospital Center 32 - North,210032,Walmart Pharmacy,"532 Main St, City 32",Active,2020-01-01,McKesson
DSH210032,Hospital Center 32 - North,210032,Walgreens,"578 Main St, City 32",Active,2020-01-01,Cardinal Health
DSH210032,Hospital Center 32 - North,210032,Walmart Pharmacy,"884 Main St, City 32",Active,2020-01-01,McKesson
DSH210032,Hospital Center 32 - North,210032,CVS Pharmacy,"937 Main St, City 32",Active,2020-01-01,McKesson
DSH210032,Hospital Center 32 - North,210032,Walgreens,"739 Main St, City 32",Active,2020-01-01,Cardinal Health
DSH210032,Hospital Center 32 - North,210032,Walmart Pharmacy,"735 Main St, City 32",Active,2020-01-01,McKesson
DSH210032,Hospital Center 32 - North,210032,CVS Pharmacy,"502 Main St, City 32",Active,2020-01-01,McKesson
DSH210032,Hospital Center 32 - North,210032,Walmart Pharmacy,"423 Main St, City 32",Active,2020-01-01,McKesson
DSH210032,Hospital Center 32 - North,210032,Walmart Pharmacy,"835 Main St, City 32",Active,2020-01-01,McKesson
DSH210032,Hospital Center 32 - North,210032,Walmart Pharmacy,"251 Main St, City 32",Active,2020-01-01,McKesson
DSH210032,Hospital Center 32 - North,210032,CVS Pharmacy,"164 Main St, City 32",Active,2020-01-01,McKesson
DSH210032,Hospital Center 32 - North,210032,Rite Aid,"932 Main St, City 32",Active,2020-01-01,McKesson
DSH210032,Hospital Center 32 - North,210032,Walmart Pharmacy,"663 Main St, City 32",Active,2020-01-01,McKesson
DSH210032,Hospital Center 32 - North,210032,Rite Aid,"988 Main St, City 32",Active,2020-01-01,McKesson
DSH210032,Hospital Center 32 - North,210032,Walmart Pharmacy,"559 Main St, City 32",Active,2020-01-01,McKesson
DSH210032,Hospital Center 32 - North,210032,CVS Pharmacy,"342 Main St, City 32",Active,2020-01-01,McKesson
DSH210032,Hospital Center 32 - North,210032,Walmart Pharmacy,"525 Main St, City 32",Active,2020-01-01,McKesson
DSH210032,Hospital Center 32 - North,210032,CVS Pharmacy,"666 Main St, City 32",Active,2020-01-01,McKesson
DSH210032,Hospital Center 32 - North,210032,Walmart Pharmacy,"313 Main St, City 32",Active,2020-01-01,McKesson
DSH210032,Hospital Center 32 - North,210032,CVS Pharmacy,"377 Main St, City 32",Active,2020-01-01,McKesson
DSH210032,Hospital Center 32 - North,210032,CVS Pharmacy,"446 Main St, City 32",Active,2020-01-01,McKesson
DSH210032,Hospital Center 32 - North,210032,Rite Aid,"938 Main St, City 32",Active,2020-01-01,McKesson
DSH210032,Hospital Center 32 - North,210032,CVS Pharmacy,"134 Main St, City 32",Active,2020-01-01,McKesson
DSH210032,Hospital Center 32 - North,210032,Walgreens,"412 Main St, City 32",Active,2020-01-01,Cardinal Health
DSH210032,Hospital Center 32 - North,210032,Rite Aid,"942 Main St, City 32",Active,2020-01-01,McKesson
DSH210032,Hospital Center 32 - North,210032,Walgreens,"576 Main St, City 32",Active,2020-01-01,Cardinal Health
DSH210032,Hospital Center 32 - North,210032,CVS Pharmacy,"984 Main St, City 32",Active,2020-01-01,McKesson
DSH210032,Hospital Center 32 - North,210032,CVS Pharmacy,"256 Main St, City 32",Active,2020-01-01,McKesson
DSH210032,Hospital Center 32 - North,210032,CVS Pharmacy,"871 Main St, City 32",Active,2020-01-01,McKesson
DSH210032,Hospital Center 32 - North,210032,CVS Pharmacy,"469 Main St, City 32",Active,2020-01-01,McKesson
DSH210032,Hospital Center 32 - North,210032,Walgreens,"429 Main St, City 32",Active,2020-01-01,Cardinal Health
DSH210032,Hospital Center 32 - North,210032,Walgreens,"579 Main St, City 32",Active,2020-01-01,Cardinal Health
DSH210032,Hospital Center 32 - North,210032,CVS Pharmacy,"835 Main St, City 32",Active,2020-01-01,McKesson
DSH210032,Hospital Center 32 - North,210032,Walmart Pharmacy,"606 Main St, City 32",Active,2020-01-01,McKesson
DSH210032,Hospital Center 32 - North,210032,Walgreens,"547 Main St, City 32",Active,2020-01-01,Cardinal Health
DSH210032,Hospital Center 32 - North,210032,CVS Pharmacy,"141 Main St, City 32",Active,2020-01-01,McKesson
DSH210032,Hospital Center 32 - North,210032,CVS Pharmacy,"892 Main St, City 32",Active,2020-01-01,McKesson
DSH210032,Hospital Center 32 - North,210032,Rite Aid,"562 Main St, City 32",Active,2020-01-01,McKesson
DSH210032,Hospital Center 32 - North,210032,Walmart Pharmacy,"459 Main St, City 32",Active,2020-01-01,McKesson
DSH210032,Hospital Center 32 - North,210032,Walmart Pharmacy,"959 Main St, City 32",Active,2020-01-01,McKesson
DSH210032,Hospital Center 32 - North,210032,Rite Aid,"650 Main St, City 32",Active,2020-01-01,McKesson
DSH210032,Hospital Center 32 - North,210032,Walgreens,"401 Main St, City 32",Active,2020-01-01,Cardinal Health
DSH210032,Hospital Center 32 - North,210032,Walgreens,"187 Main St, City 32",Active,2020-01-01,Cardinal Health
DSH210032,Hospital Center 32 - North,210032,Rite Aid,"536 Main St, City 32",Active,2020-01-01,McKesson
DSH210032,Hospital Center 32 - North,210032,Walmart Pharmacy,"145 Main St, City 32",Active,2020-01-01,McKesson
DSH210032,Hospital Center 32 - North,210032,Rite Aid,"825 Main St, City 32",Active,2020-01-01,McKesson
DSH210032,Hospital Center 32 - North,210032,Walmart Pharmacy,"424 Main St, City 32",Active,2020-01-01,McKesson
DSH210032,Hospital Center 32 - North,210032,Rite Aid,"785 Main St, City 32",Active,2020-01-01,McKesson
DSH210032,Hospital Center 32 - North,210032,Walmart Pharmacy,"820 Main St, City 32",Active,2020-01-01,McKesson
DSH210032,Hospital Center 32 - North,210032,Rite Aid,"983 Main St, City 32",Active,2020-01-01,McKesson
DSH210032,Hospital Center 32 - North,210032,Walgreens,"397 Main St, City 32",Active,2020-01-01,Cardinal Health
DSH210032,Hospital Center 32 - North,210032,Walgreens,"802 Main St, City 32",Active,2020-01-01,Cardinal Health
DSH210032,Hospital Center 32 - North,210032,CVS Pharmacy,"301 Main St, City 32",Active,2020-01-01,McKesson
DSH210032,Hospital Center 32 - North,210032,Rite Aid,"827 Main St, City 32",Active,2020-01-01,McKesson
DSH210032,Hospital Center 32 - North,210032,Walmart Pharmacy,"283 Main St, City 32",Active,2020-01-01,McKesson
DSH210032,Hospital Center 32 - North,210032,Walmart Pharmacy,"569 Main St, City 32",Active,2020-01-01,McKesson
DSH210032,Hospital Center 32 - North,210032,Rite Aid,"174 Main St, City 32",Active,2020-01-01,McKesson
DSH210032,Hospital Center 32 - North,210032,Walgreens,"138 Main St, City 32",Active,2020-01-01,Cardinal Health
DSH210032,Hospital Center 32 - North,210032,Rite Aid,"384 Main St, City 32",Active,2020-01-01,McKesson
DSH210032,Hospital Center 32 - North,210032,Rite Aid,"676 Main St, City 32",Active,2020-01-01,McKesson
DSH210032,Hospital Center 32 - North,210032,Walgreens,"299 Main St, City 32",Active,2020-01-01,Cardinal Health
DSH210033,Regional Medical Center 33,210033,CVS Pharmacy,"406 Main St, City 33",Active,2020-01-01,McKesson
DSH210033,Regional Medical Center 33,210033,Walmart Pharmacy,"277 Main St, City 33",Active,2020-01-01,McKesson
DSH210033,Regional Medical Center 33,210033,Rite Aid,"134 Main St, City 33",Active,2020-01-01,McKesson
DSH210033,Regional Medical Center 33,210033,Rite Aid,"373 Main St, City 33",Active,2020-01-01,McKesson
DSH210033,Regional Medical Center 33,210033,Walmart Pharmacy,"126 Main St, City 33",Active,2020-01-01,McKesson
DSH210033,Regional Medical Center 33,210033,Walgreens,"428 Main St, City 33",Active,2020-01-01,Cardinal Health
DSH210033,Regional Medical Center 33,210033,Rite Aid,"818 Main St, City 33",Active,2020-01-01,McKesson
DSH210033,Regional Medical Center 33,210033,CVS Pharmacy,"566 Main St, City 33",Active,2020-01-01,McKesson
DSH210033,Regional Medical Center 33,210033,CVS Pharmacy,"205 Main St, City 33",Active,2020-01-01,McKesson
DSH210033,Regional Medical Center 33,210033,Rite Aid,"319 Main St, City 33",Active,2020-01-01,McKesson
DSH210033,Regional Medical Center 33,210033,CVS Pharmacy,"500 Main St, City 33",Active,2020-01-01,McKesson
DSH210033,Regional Medical Center 33,210033,Rite Aid,"474 Main St, City 33",Active,2020-01-01,McKesson
DSH210033,Regional Medical Center 33,210033,Walgreens,"595 Main St, City 33",Active,2020-01-01,Cardinal Health
DSH210033,Regional Medical Center 33,210033,Walmart Pharmacy,"614 Main St, City 33",Active,2020-01-01,McKesson
DSH210033,Regional Medical Center 33,210033,CVS Pharmacy,"866 Main St, City 33",Active,2020-01-01,McKesson
DSH210033,Regional Medical Center 33,210033,Walmart Pharmacy,"787 Main St, City 33",Active,2020-01-01,McKesson
DSH210033,Regional Medical Center 33,210033,Walmart Pharmacy,"635 Main St, City 33",Active,2020-01-01,McKesson
DSH210033,Regional Medical Center 33,210033,Walmart Pharmacy,"716 Main St, City 33",Active,2020-01-01,McKesson
DSH210033,Regional Medical Center 33,210033,Walmart Pharmacy,"222 Main St, City 33",Active,2020-01-01,McKesson
DSH210033,Regional Medical Center 33,210033,Rite Aid,"107 Main St, City 33",Active,2020-01-01,McKesson
DSH210033,Regional Medical Center 33,210033,Rite Aid,"798 Main St, City 33",Active,2020-01-01,McKesson
DSH210033,Regional Medical Center 33,210033,Walmart Pharmacy,"349 Main St, City 33",Active,2020-01-01,McKesson
DSH210033,Regional Medical Center 33,210033,CVS Pharmacy,"790 Main St, City 33",Active,2020-01-01,McKesson
DSH210033,Regional Medical Center 33,210033,CVS Pharmacy,"451 Main St, City 33",Active,2020-01-01,McKesson
DSH210033,Regional Medical Center 33,210033,Walgreens,"710 Main St, City 33",Active,2020-01-01,Cardinal Health
DSH210033,Regional Medical Center 33,210033,Rite Aid,"362 Main St, City 33",Active,2020-01-01,McKesson
DSH210033,Regional Medical Center 33,210033,Walmart Pharmacy,"112 Main St, City 33",Active,2020-01-01,McKesson
DSH210033,Regional Medical Center 33,210033,Rite Aid,"302 Main St, City 33",Active,2020-01-01,McKesson
DSH210033,Regional Medical Center 33,210033,Walmart Pharmacy,"262 Main St, City 33",Active,2020-01-01,McKesson
DSH210033,Regional Medical Center 33,210033,Rite Aid,"765 Main St, City 33",Active,2020-01-01,McKesson
DSH210033,Regional Medical Center 33,210033,Rite Aid,"422 Main St, City 33",Active,2020-01-01,McKesson
DSH210033,Regional Medical Center 33,210033,Walmart Pharmacy,"955 Main St, City 33",Active,2020-01-01,McKesson
DSH210033,Regional Medical Center 33,210033,Walmart Pharmacy,"399 Main St, City 33",Active,2020-01-01,McKesson
DSH210033,Regional Medical Center 33,210033,Walgreens,"301 Main St, City 33",Active,2020-01-01,Cardinal Health
DSH210033,Regional Medical Center 33,210033,Walmart Pharmacy,"759 Main St, City 33",Active,2020-01-01,McKesson
DSH210033,Regional Medical Center 33,210033,Walgreens,"446 Main St, City 33",Active,2020-01-01,Cardinal Health
DSH210033,Regional Medical Center 33,210033,Walmart Pharmacy,"575 Main St, City 33",Active,2020-01-01,McKesson
DSH210033,Regional Medical Center 33,210033,Walgreens,"167 Main St, City 33",Active,2020-01-01,Cardinal Health
DSH210033,Regional Medical Center 33,210033,Rite Aid,"188 Main St, City 33",Active,2020-01-01,McKesson
DSH210033,Regional Medical Center 33,210033,Rite Aid,"460 Main St, City 33",Active,2020-01-01,McKesson
DSH210033,Regional Medical Center 33,210033,Rite Aid,"465 Main St, City 33",Active,2020-01-01,McKesson
DSH210033,Regional Medical Center 33,210033,Rite Aid,"864 Main St, City 33",Active,2020-01-01,McKesson
DSH210033,Regional Medical Center 33,210033,CVS Pharmacy,"306 Main St, City 33",Active,2020-01-01,McKesson
DSH210033,Regional Medical Center 33,210033,Walmart Pharmacy,"529 Main St, City 33",Active,2020-01-01,McKesson
DSH210033,Regional Medical Center 33,210033,Walmart Pharmacy,"666 Main St, City 33",Active,2020-01-01,McKesson
DSH210033,Regional Medical Center 33,210033,Walmart Pharmacy,"983 Main St, City 33",Active,2020-01-01,McKesson
DSH210033,Regional Medical Center 33,210033,Rite Aid,"559 Main St, City 33",Active,2020-01-01,McKesson
DSH210033,Regional Medical Center 33,210033,CVS Pharmacy,"365 Main St, City 33",Active,2020-01-01,McKesson
DSH210033,Regional Medical Center 33,210033,Walgreens,"962 Main St, City 33",Active,2020-01-01,Cardinal Health
DSH210033,Regional Medical Center 33,210033,Walmart Pharmacy,"403 Main St, City 33",Active,2020-01-01,McKesson
DSH210033,Regional Medical Center 33,210033,Walmart Pharmacy,"162 Main St, City 33",Active,2020-01-01,McKesson
DSH210033,Regional Medical Center 33,210033,Rite Aid,"307 Main St, City 33",Active,2020-01-01,McKesson
DSH210033,Regional Medical Center 33,210033,Walmart Pharmacy,"706 Main St, City 33",Active,2020-01-01,McKesson
DSH210033,Regional Medical Center 33,210033,Walmart Pharmacy,"802 Main St, City 33",Active,2020-01-01,McKesson
DSH210033,Regional Medical Center 33,210033,Rite Aid,"653 Main St, City 33",Active,2020-01-01,McKesson
DSH210033,Regional Medical Center 33,210033,Walgreens,"242 Main St, City 33",Active,2020-01-01,Cardinal Health
DSH210033,Regional Medical Center 33,210033,Rite Aid,"694 Main St, City 33",Active,2020-01-01,McKesson
DSH210033,Regional Medical Center 33,210033,Walmart Pharmacy,"936 Main St, City 33",Active,2020-01-01,McKesson
DSH210033,Regional Medical Center 33,210033,Rite Aid,"218 Main St, City 33",Active,2020-01-01,McKesson
DSH210033,Regional Medical Center 33,210033,Walgreens,"297 Main St, City 33",Active,2020-01-01,Cardinal Health
DSH210033,Regional Medical Center 33,210033,Rite Aid,"615 Main St, City 33",Active,2020-01-01,McKesson
DSH210033,Regional Medical Center 33,210033,Walgreens,"725 Main St, City 33",Active,2020-01-01,Cardinal Health
DSH210033,Regional Medical Center 33,210033,Walgreens,"599 Main St, City 33",Active,2020-01-01,Cardinal Health
DSH210033,Regional Medical Center 33,210033,Walgreens,"818 Main St, City 33",Active,2020-01-01,Cardinal Health
DSH210033,Regional Medical Center 33,210033,Rite Aid,"276 Main St, City 33",Active,2020-01-01,McKesson
DSH210033,Regional Medical Center 33,210033,Walgreens,"758 Main St, City 33",Active,2020-01-01,Cardinal Health
DSH210033,Regional Medical Center 33,210033,CVS Pharmacy,"209 Main St, City 33",Active,2020-01-01,McKesson
DSH210033,Regional Medical Center 33,210033,Walgreens,"898 Main St, City 33",Active,2020-01-01,Cardinal Health
DSH210033,Regional Medical Center 33,210033,CVS Pharmacy,"635 Main St, City 33",Active,2020-01-01,McKesson
DSH210033,Regional Medical Center 33,210033,Walgreens,"183 Main St, City 33",Active,2020-01-01,Cardinal Health
DSH210033,Regional Medical Center 33,210033,Walgreens,"536 Main St, City 33",Active,2020-01-01,Cardinal Health
DSH210033,Regional Medical Center 33,210033,Walgreens,"437 Main St, City 33",Active,2020-01-01,Cardinal Health
DSH210033,Regional Medical Center 33,210033,Rite Aid,"516 Main St, City 33",Active,2020-01-01,McKesson
DSH210033,Regional Medical Center 33,210033,CVS Pharmacy,"547 Main St, City 33",Active,2020-01-01,McKesson
DSH210033,Regional Medical Center 33,210033,CVS Pharmacy,"930 Main St, City 33",Active,2020-01-01,McKesson
DSH210033,Regional Medical Center 33,210033,Walmart Pharmacy,"848 Main St, City 33",Active,2020-01-01,McKesson
DSH210033,Regional Medical Center 33,210033,Walmart Pharmacy,"759 Main St, City 33",Active,2020-01-01,McKesson
DSH210033,Regional Medical Center 33,210033,Walmart Pharmacy,"563 Main St, City 33",Active,2020-01-01,McKesson
DSH210033,Regional Medical Center 33,210033,Walmart Pharmacy,"115 Main St, City 33",Active,2020-01-01,McKesson
DSH210033,Regional Medical Center 33,210033,CVS Pharmacy,"534 Main St, City 33",Active,2020-01-01,McKesson
DSH210033,Regional Medical Center 33,210033,Rite Aid,"825 Main St, City 33",Active,2020-01-01,McKesson
DSH210033,Regional Medical Center 33,210033,CVS Pharmacy,"495 Main St, City 33",Active,2020-01-01,McKesson
DSH210033,Regional Medical Center 33,210033,Walgreens,"468 Main St, City 33",Active,2020-01-01,Cardinal Health
DSH210033,Regional Medical Center 33,210033,Walgreens,"265 Main St, City 33",Active,2020-01-01,Cardinal Health
DSH210033,Regional Medical Center 33,210033,Rite Aid,"617 Main St, City 33",Active,2020-01-01,McKesson
DSH210033,Regional Medical Center 33,210033,CVS Pharmacy,"443 Main St, City 33",Active,2020-01-01,McKesson
DSH210034,Hospital Center 34 - North,210034,Walgreens,"220 Main St, City 34",Active,2020-01-01,Cardinal Health
DSH210034,Hospital Center 34 - North,210034,Walgreens,"963 Main St, City 34",Active,2020-01-01,Cardinal Health
DSH210034,Hospital Center 34 - North,210034,Rite Aid,"111 Main St, City 34",Active,2020-01-01,McKesson
DSH210034,Hospital Center 34 - North,210034,Walmart Pharmacy,"741 Main St, City 34",Active,2020-01-01,McKesson
DSH210034,Hospital Center 34 - North,210034,Walgreens,"270 Main St, City 34",Active,2020-01-01,Cardinal Health
DSH210034,Hospital Center 34 - North,210034,Rite Aid,"324 Main St, City 34",Active,2020-01-01,McKesson
DSH210034,Hospital Center 34 - North,210034,Rite Aid,"886 Main St, City 34",Active,2020-01-01,McKesson
DSH210034,Hospital Center 34 - North,210034,Rite Aid,"439 Main St, City 34",Active,2020-01-01,McKesson
DSH210034,Hospital Center 34 - North,210034,Rite Aid,"349 Main St, City 34",Active,2020-01-01,McKesson
DSH210034,Hospital Center 34 - North,210034,Walgreens,"702 Main St, City 34",Active,2020-01-01,Cardinal Health
DSH210034,Hospital Center 34 - North,210034,CVS Pharmacy,"311 Main St, City 34",Active,2020-01-01,McKesson
DSH210034,Hospital Center 34 - North,210034,CVS Pharmacy,"334 Main St, City 34",Active,2020-01-01,McKesson
DSH210034,Hospital Center 34 - North,210034,Walgreens,"246 Main St, City 34",Active,2020-01-01,Cardinal Health
DSH210034,Hospital Center 34 - North,210034,Rite Aid,"687 Main St, City 34",Active,2020-01-01,McKesson
DSH210034,Hospital Center 34 - North,210034,Walmart Pharmacy,"391 Main St, City 34",Active,2020-01-01,McKesson
DSH210034,Hospital Center 34 - North,210034,Walgreens,"700 Main St, City 34",Active,2020-01-01,Cardinal Health
DSH210034,Hospital Center 34 - North,210034,Rite Aid,"823 Main St, City 34",Active,2020-01-01,McKesson
DSH210034,Hospital Center 34 - North,210034,CVS Pharmacy,"575 Main St, City 34",Active,2020-01-01,McKesson
DSH210034,Hospital Center 34 - North,210034,Walgreens,"767 Main St, City 34",Active,2020-01-01,Cardinal Health
DSH210034,Hospital Center 34 - North,210034,CVS Pharmacy,"842 Main St, City 34",Active,2020-01-01,McKesson
DSH210034,Hospital Center 34 - North,210034,Rite Aid,"158 Main St, City 34",Active,2020-01-01,McKesson
DSH210034,Hospital Center 34 - North,210034,Walmart Pharmacy,"207 Main St, City 34",Active,2020-01-01,McKesson
DSH210034,Hospital Center 34 - North,210034,CVS Pharmacy,"194 Main St, City 34",Active,2020-01-01,McKesson
DSH210034,Hospital Center 34 - North,210034,Walgreens,"993 Main St, City 34",Active,2020-01-01,Cardinal Health
DSH210034,Hospital Center 34 - North,210034,CVS Pharmacy,"248 Main St, City 34",Active,2020-01-01,McKesson
DSH210034,Hospital Center 34 - North,210034,Walmart Pharmacy,"872 Main St, City 34",Active,2020-01-01,McKesson
DSH210034,Hospital Center 34 - North,210034,Walgreens,"895 Main St, City 34",Active,2020-01-01,Cardinal Health
DSH210034,Hospital Center 34 - North,210034,Walgreens,"291 Main St, City 34",Active,2020-01-01,Cardinal Health
DSH210034,Hospital Center 34 - North,210034,Walmart Pharmacy,"167 Main St, City 34",Active,2020-01-01,McKesson
DSH210034,Hospital Center 34 - North,210034,CVS Pharmacy,"513 Main St, City 34",Active,2020-01-01,McKesson
DSH210034,Hospital Center 34 - North,210034,CVS Pharmacy,"285 Main St, City 34",Active,2020-01-01,McKesson
DSH210034,Hospital Center 34 - North,210034,Rite Aid,"336 Main St, City 34",Active,2020-01-01,McKesson
DSH210034,Hospital Center 34 - North,210034,Walmart Pharmacy,"434 Main St, City 34",Active,2020-01-01,McKesson
DSH210034,Hospital Center 34 - North,210034,Rite Aid,"607 Main St, City 34",Active,2020-01-01,McKesson
DSH210034,Hospital Center 34 - North,210034,CVS Pharmacy,"413 Main St, City 34",Active,2020-01-01,McKesson
DSH210034,Hospital Center 34 - North,210034,Walmart Pharmacy,"824 Main St, City 34",Active,2020-01-01,McKesson
DSH210034,Hospital Center 34 - North,210034,Walmart Pharmacy,"596 Main St, City 34",Active,2020-01-01,McKesson
DSH210034,Hospital Center 34 - North,210034,CVS Pharmacy,"105 Main St, City 34",Active,2020-01-01,McKesson
DSH210034,Hospital Center 34 - North,210034,Rite Aid,"830 Main St, City 34",Active,2020-01-01,McKesson
DSH210034,Hospital Center 34 - North,210034,Rite Aid,"993 Main St, City 34",Active,2020-01-01,McKesson
DSH210034,Hospital Center 34 - North,210034,Walmart Pharmacy,"189 Main St, City 34",Active,2020-01-01,McKesson
DSH210034,Hospital Center 34 - North,210034,Walgreens,"335 Main St, City 34",Active,2020-01-01,Cardinal Health
DSH210034,Hospital Center 34 - North,210034,Rite Aid,"876 Main St, City 34",Active,2020-01-01,McKesson
DSH210034,Hospital Center 34 - North,210034,CVS Pharmacy,"659 Main St, City 34",Active,2020-01-01,McKesson
DSH210034,Hospital Center 34 - North,210034,CVS Pharmacy,"839 Main St, City 34",Active,2020-01-01,McKesson
DSH210034,Hospital Center 34 - North,210034,Rite Aid,"501 Main St, City 34",Active,2020-01-01,McKesson
DSH210034,Hospital Center 34 - North,210034,Rite Aid,"259 Main St, City 34",Active,2020-01-01,McKesson
DSH210034,Hospital Center 34 - North,210034,CVS Pharmacy,"229 Main St, City 34",Active,2020-01-01,McKesson
DSH210034,Hospital Center 34 - North,210034,Walgreens,"119 Main St, City 34",Active,2020-01-01,Cardinal Health
DSH210034,Hospital Center 34 - North,210034,Rite Aid,"960 Main St, City 34",Active,2020-01-01,McKesson
DSH210034,Hospital Center 34 - North,210034,Walgreens,"116 Main St, City 34",Active,2020-01-01,Cardinal Health
DSH210034,Hospital Center 34 - North,210034,CVS Pharmacy,"554 Main St, City 34",Active,2020-01-01,McKesson
DSH210034,Hospital Center 34 - North,210034,Walgreens,"443 Main St, City 34",Active,2020-01-01,Cardinal Health
DSH210034,Hospital Center 34 - North,210034,CVS Pharmacy,"273 Main St, City 34",Active,2020-01-01,McKesson
DSH210034,Hospital Center 34 - North,210034,Walmart Pharmacy,"612 Main St, City 34",Active,2020-01-01,McKesson
DSH210034,Hospital Center 34 - North,210034,Walgreens,"468 Main St, City 34",Active,2020-01-01,Cardinal Health
DSH210034,Hospital Center 34 - North,210034,Rite Aid,"432 Main St, City 34",Active,2020-01-01,McKesson
DSH210035,Regional Medical Center 35,210035,Walgreens,"909 Main St, City 35",Active,2020-01-01,Cardinal Health
DSH210035,Regional Medical Center 35,210035,CVS Pharmacy,"811 Main St, City 35",Active,2020-01-01,McKesson
DSH210035,Regional Medical Center 35,210035,Walgreens,"720 Main St, City 35",Active,2020-01-01,Cardinal Health
DSH210035,Regional Medical Center 35,210035,CVS Pharmacy,"533 Main St, City 35",Active,2020-01-01,McKesson
DSH210035,Regional Medical Center 35,210035,Walgreens,"728 Main St, City 35",Active,2020-01-01,Cardinal Health
DSH210035,Regional Medical Center 35,210035,CVS Pharmacy,"652 Main St, City 35",Active,2020-01-01,McKesson
DSH210035,Regional Medical Center 35,210035,Rite Aid,"588 Main St, City 35",Active,2020-01-01,McKesson
DSH210035,Regional Medical Center 35,210035,Rite Aid,"397 Main St, City 35",Active,2020-01-01,McKesson
DSH210035,Regional Medical Center 35,210035,CVS Pharmacy,"718 Main St, City 35",Active,2020-01-01,McKesson
DSH210035,Regional Medical Center 35,210035,CVS Pharmacy,"757 Main St, City 35",Active,2020-01-01,McKesson
DSH210035,Regional Medical Center 35,210035,Rite Aid,"482 Main St, City 35",Active,2020-01-01,McKesson
DSH210035,Regional Medical Center 35,210035,Walmart Pharmacy,"604 Main St, City 35",Active,2020-01-01,McKesson
DSH210035,Regional Medical Center 35,210035,CVS Pharmacy,"498 Main St, City 35",Active,2020-01-01,McKesson
DSH210035,Regional Medical Center 35,210035,Rite Aid,"530 Main St, City 35",Active,2020-01-01,McKesson
DSH210035,Regional Medical Center 35,210035,CVS Pharmacy,"875 Main St, City 35",Active,2020-01-01,McKesson
DSH210035,Regional Medical Center 35,210035,Walmart Pharmacy,"568 Main St, City 35",Active,2020-01-01,McKesson
DSH210035,Regional Medical Center 35,210035,Rite Aid,"111 Main St, City 35",Active,2020-01-01,McKesson
DSH210035,Regional Medical Center 35,210035,Walgreens,"274 Main St, City 35",Active,2020-01-01,Cardinal Health
DSH210036,Hospital Center 36 - North,210036,CVS Pharmacy,"986 Main St, City 36",Active,2020-01-01,McKesson
DSH210036,Hospital Center 36 - North,210036,CVS Pharmacy,"741 Main St, City 36",Active,2020-01-01,McKesson
DSH210036,Hospital Center 36 - North,210036,Walmart Pharmacy,"660 Main St, City 36",Active,2020-01-01,McKesson
DSH210036,Hospital Center 36 - North,210036,Walgreens,"198 Main St, City 36",Active,2020-01-01,Cardinal Health
DSH210036,Hospital Center 36 - North,210036,Walmart Pharmacy,"938 Main St, City 36",Active,2020-01-01,McKesson
DSH210036,Hospital Center 36 - North,210036,Rite Aid,"262 Main St, City 36",Active,2020-01-01,McKesson
DSH210036,Hospital Center 36 - North,210036,Walgreens,"591 Main St, City 36",Active,2020-01-01,Cardinal Health
DSH210036,Hospital Center 36 - North,210036,Walgreens,"344 Main St, City 36",Active,2020-01-01,Cardinal Health
DSH210036,Hospital Center 36 - North,210036,Walmart Pharmacy,"459 Main St, City 36",Active,2020-01-01,McKesson
DSH210036,Hospital Center 36 - North,210036,Walgreens,"912 Main St, City 36",Active,2020-01-01,Cardinal Health
DSH210036,Hospital Center 36 - North,210036,CVS Pharmacy,"683 Main St, City 36",Active,2020-01-01,McKesson
DSH210036,Hospital Center 36 - North,210036,Walmart Pharmacy,"543 Main St, City 36",Active,2020-01-01,McKesson
DSH210036,Hospital Center 36 - North,210036,Walmart Pharmacy,"538 Main St, City 36",Active,2020-01-01,McKesson
DSH210036,Hospital Center 36 - North,210036,Rite Aid,"460 Main St, City 36",Active,2020-01-01,McKesson
DSH210036,Hospital Center 36 - North,210036,Rite Aid,"175 Main St, City 36",Active,2020-01-01,McKesson
DSH210036,Hospital Center 36 - North,210036,Walmart Pharmacy,"122 Main St, City 36",Active,2020-01-01,McKesson
DSH210036,Hospital Center 36 - North,210036,Walgreens,"428 Main St, City 36",Active,2020-01-01,Cardinal Health
DSH210036,Hospital Center 36 - North,210036,Walgreens,"897 Main St, City 36",Active,2020-01-01,Cardinal Health
DSH210036,Hospital Center 36 - North,210036,Rite Aid,"916 Main St, City 36",Active,2020-01-01,McKesson
DSH210036,Hospital Center 36 - North,210036,Walgreens,"527 Main St, City 36",Active,2020-01-01,Cardinal Health
DSH210036,Hospital Center 36 - North,210036,CVS Pharmacy,"380 Main St, City 36",Active,2020-01-01,McKesson
DSH210036,Hospital Center 36 - North,210036,Walmart Pharmacy,"808 Main St, City 36",Active,2020-01-01,McKesson
DSH210036,Hospital Center 36 - North,210036,Walmart Pharmacy,"317 Main St, City 36",Active,2020-01-01,McKesson
DSH210036,Hospital Center 36 - North,210036,CVS Pharmacy,"317 Main St, City 36",Active,2020-01-01,McKesson
DSH210036,Hospital Center 36 - North,210036,Walmart Pharmacy,"798 Main St, City 36",Active,2020-01-01,McKesson
DSH210036,Hospital Center 36 - North,210036,Walgreens,"607 Main St, City 36",Active,2020-01-01,Cardinal Health
DSH210036,Hospital Center 36 - North,210036,Rite Aid,"611 Main St, City 36",Active,2020-01-01,McKesson
DSH210036,Hospital Center 36 - North,210036,Rite Aid,"613 Main St, City 36",Active,2020-01-01,McKesson
DSH210036,Hospital Center 36 - North,210036,Rite Aid,"636 Main St, City 36",Active,2020-01-01,McKesson
DSH210036,Hospital Center 36 - North,210036,Walmart Pharmacy,"426 Main St, City 36",Active,2020-01-01,McKesson
DSH210036,Hospital Center 36 - North,210036,Walgreens,"717 Main St, City 36",Active,2020-01-01,Cardinal Health
DSH210036,Hospital Center 36 - North,210036,Walgreens,"254 Main St, City 36",Active,2020-01-01,Cardinal Health
DSH210036,Hospital Center 36 - North,210036,CVS Pharmacy,"722 Main St, City 36",Active,2020-01-01,McKesson
DSH210036,Hospital Center 36 - North,210036,Walmart Pharmacy,"708 Main St, City 36",Active,2020-01-01,McKesson
DSH210036,Hospital Center 36 - North,210036,CVS Pharmacy,"797 Main St, City 36",Active,2020-01-01,McKesson
DSH210036,Hospital Center 36 - North,210036,CVS Pharmacy,"948 Main St, City 36",Active,2020-01-01,McKesson
DSH210036,Hospital Center 36 - North,210036,Walgreens,"587 Main St, City 36",Active,2020-01-01,Cardinal Health
DSH210036,Hospital Center 36 - North,210036,Rite Aid,"446 Main St, City 36",Active,2020-01-01,McKesson
DSH210036,Hospital Center 36 - North,210036,Walgreens,"897 Main St, City 36",Active,2020-01-01,Cardinal Health
DSH210036,Hospital Center 36 - North,210036,Rite Aid,"203 Main St, City 36",Active,2020-01-01,McKesson
DSH210036,Hospital Center 36 - North,210036,Walmart Pharmacy,"829 Main St, City 36",Active,2020-01-01,McKesson
DSH210036,Hospital Center 36 - North,210036,Rite Aid,"669 Main St, City 36",Active,2020-01-01,McKesson
DSH210036,Hospital Center 36 - North,210036,Rite Aid,"618 Main St, City 36",Active,2020-01-01,McKesson
DSH210036,Hospital Center 36 - North,210036,Rite Aid,"680 Main St, City 36",Active,2020-01-01,McKesson
DSH210036,Hospital Center 36 - North,210036,Walgreens,"512 Main St, City 36",Active,2020-01-01,Cardinal Health
DSH210036,Hospital Center 36 - North,210036,Rite Aid,"241 Main St, City 36",Active,2020-01-01,McKesson
DSH210036,Hospital Center 36 - North,210036,Walgreens,"590 Main St, City 36",Active,2020-01-01,Cardinal Health
DSH210036,Hospital Center 36 - North,210036,Rite Aid,"813 Main St, City 36",Active,2020-01-01,McKesson
DSH210036,Hospital Center 36 - North,210036,CVS Pharmacy,"552 Main St, City 36",Active,2020-01-01,McKesson
DSH210036,Hospital Center 36 - North,210036,Walmart Pharmacy,"142 Main St, City 36",Active,2020-01-01,McKesson
DSH210036,Hospital Center 36 - North,210036,Walgreens,"352 Main St, City 36",Active,2020-01-01,Cardinal Health
DSH210036,Hospital Center 36 - North,210036,Walmart Pharmacy,"433 Main St, City 36",Active,2020-01-01,McKesson
DSH210036,Hospital Center 36 - North,210036,Rite Aid,"169 Main St, City 36",Active,2020-01-01,McKesson
DSH210036,Hospital Center 36 - North,210036,Walmart Pharmacy,"285 Main St, City 36",Active,2020-01-01,McKesson
DSH210036,Hospital Center 36 - North,210036,Walmart Pharmacy,"188 Main St, City 36",Active,2020-01-01,McKesson
DSH210036,Hospital Center 36 - North,210036,Walgreens,"427 Main St, City 36",Active,2020-01-01,Cardinal Health
DSH210036,Hospital Center 36 - North,210036,Walmart Pharmacy,"108 Main St, City 36",Active,2020-01-01,McKesson
DSH210036,Hospital Center 36 - North,210036,Rite Aid,"743 Main St, City 36",Active,2020-01-01,McKesson
DSH210036,Hospital Center 36 - North,210036,Walmart Pharmacy,"446 Main St, City 36",Active,2020-01-01,McKesson
DSH210037,Regional Medical Center 37,210037,Rite Aid,"333 Main St, City 37",Active,2020-01-01,McKesson
DSH210037,Regional Medical Center 37,210037,CVS Pharmacy,"626 Main St, City 37",Active,2020-01-01,McKesson
DSH210037,Regional Medical Center 37,210037,Walgreens,"361 Main St, City 37",Active,2020-01-01,Cardinal Health
DSH210037,Regional Medical Center 37,210037,Walmart Pharmacy,"839 Main St, City 37",Active,2020-01-01,McKesson
DSH210037,Regional Medical Center 37,210037,Walmart Pharmacy,"601 Main St, City 37",Active,2020-01-01,McKesson
DSH210037,Regional Medical Center 37,210037,Walgreens,"215 Main St, City 37",Active,2020-01-01,Cardinal Health
DSH210037,Regional Medical Center 37,210037,Rite Aid,"821 Main St, City 37",Active,2020-01-01,McKesson
DSH210037,Regional Medical Center 37,210037,Rite Aid,"581 Main St, City 37",Active,2020-01-01,McKesson
DSH210037,Regional Medical Center 37,210037,Walmart Pharmacy,"876 Main St, City 37",Active,2020-01-01,McKesson
DSH210037,Regional Medical Center 37,210037,Rite Aid,"983 Main St, City 37",Active,2020-01-01,McKesson
DSH210037,Regional Medical Center 37,210037,Walgreens,"154 Main St, City 37",Active,2020-01-01,Cardinal Health
DSH210037,Regional Medical Center 37,210037,CVS Pharmacy,"887 Main St, City 37",Active,2020-01-01,McKesson
DSH210037,Regional Medical Center 37,210037,CVS Pharmacy,"465 Main St, City 37",Active,2020-01-01,McKesson
DSH210037,Regional Medical Center 37,210037,Walgreens,"404 Main St, City 37",Active,2020-01-01,Cardinal Health
DSH210037,Regional Medical Center 37,210037,CVS Pharmacy,"383 Main St, City 37",Active,2020-01-01,McKesson
DSH210037,Regional Medical Center 37,210037,Walgreens,"189 Main St, City 37",Active,2020-01-01,Cardinal Health
DSH210037,Regional Medical Center 37,210037,Walmart Pharmacy,"351 Main St, City 37",Active,2020-01-01,McKesson
DSH210037,Regional Medical Center 37,210037,CVS Pharmacy,"982 Main St, City 37",Active,2020-01-01,McKesson
DSH210037,Regional Medical Center 37,210037,CVS Pharmacy,"999 Main St, City 37",Active,2020-01-01,McKesson
DSH210037,Regional Medical Center 37,210037,Rite Aid,"622 Main St, City 37",Active,2020-01-01,McKesson
DSH210037,Regional Medical Center 37,210037,Rite Aid,"630 Main St, City 37",Active,2020-01-01,McKesson
DSH210037,Regional Medical Center 37,210037,CVS Pharmacy,"425 Main St, City 37",Active,2020-01-01,McKesson
DSH210037,Regional Medical Center 37,210037,Walgreens,"190 Main St, City 37",Active,2020-01-01,Cardinal Health
DSH210037,Regional Medical Center 37,210037,Walgreens,"244 Main St, City 37",Active,2020-01-01,Cardinal Health
DSH210037,Regional Medical Center 37,210037,Walgreens,"309 Main St, City 37",Active,2020-01-01,Cardinal Health
DSH210037,Regional Medical Center 37,210037,Walgreens,"986 Main St, City 37",Active,2020-01-01,Cardinal Health
DSH210037,Regional Medical Center 37,210037,CVS Pharmacy,"522 Main St, City 37",Active,2020-01-01,McKesson
DSH210037,Regional Medical Center 37,210037,Walmart Pharmacy,"204 Main St, City 37",Active,2020-01-01,McKesson
DSH210037,Regional Medical Center 37,210037,Walmart Pharmacy,"120 Main St, City 37",Active,2020-01-01,McKesson
DSH210037,Regional Medical Center 37,210037,Rite Aid,"956 Main St, City 37",Active,2020-01-01,McKesson
DSH210037,Regional Medical Center 37,210037,Rite Aid,"384 Main St, City 37",Active,2020-01-01,McKesson
DSH210037,Regional Medical Center 37,210037,Walmart Pharmacy,"649 Main St, City 37",Active,2020-01-01,McKesson
DSH210037,Regional Medical Center 37,210037,CVS Pharmacy,"127 Main St, City 37",Active,2020-01-01,McKesson
DSH210037,Regional Medical Center 37,210037,Walgreens,"963 Main St, City 37",Active,2020-01-01,Cardinal Health
DSH210037,Regional Medical Center 37,210037,Walmart Pharmacy,"796 Main St, City 37",Active,2020-01-01,McKesson
DSH210037,Regional Medical Center 37,210037,Rite Aid,"830 Main St, City 37",Active,2020-01-01,McKesson
DSH210037,Regional Medical Center 37,210037,Rite Aid,"451 Main St, City 37",Active,2020-01-01,McKesson
DSH210037,Regional Medical Center 37,210037,Walmart Pharmacy,"334 Main St, City 37",Active,2020-01-01,McKesson
DSH210037,Regional Medical Center 37,210037,Walmart Pharmacy,"869 Main St, City 37",Active,2020-01-01,McKesson
DSH210037,Regional Medical Center 37,210037,Walgreens,"884 Main St, City 37",Active,2020-01-01,Cardinal Health
DSH210037,Regional Medical Center 37,210037,CVS Pharmacy,"833 Main St, City 37",Active,2020-01-01,McKesson
DSH210037,Regional Medical Center 37,210037,CVS Pharmacy,"580 Main St, City 37",Active,2020-01-01,McKesson
DSH210037,Regional Medical Center 37,210037,Walmart Pharmacy,"897 Main St, City 37",Active,2020-01-01,McKesson
DSH210037,Regional Medical Center 37,210037,Walgreens,"145 Main St, City 37",Active,2020-01-01,Cardinal Health
DSH210037,Regional Medical Center 37,210037,Walmart Pharmacy,"978 Main St, City 37",Active,2020-01-01,McKesson
DSH210037,Regional Medical Center 37,210037,Rite Aid,"119 Main St, City 37",Active,2020-01-01,McKesson
DSH210038,Hospital Center 38 - North,210038,Rite Aid,"583 Main St, City 38",Active,2020-01-01,McKesson
DSH210038,Hospital Center 38 - North,210038,Rite Aid,"701 Main St, City 38",Active,2020-01-01,McKesson
DSH210038,Hospital Center 38 - North,210038,Rite Aid,"431 Main St, City 38",Active,2020-01-01,McKesson
DSH210038,Hospital Center 38 - North,210038,Walgreens,"376 Main St, City 38",Active,2020-01-01,Cardinal Health
DSH210038,Hospital Center 38 - North,210038,Walmart Pharmacy,"742 Main St, City 38",Active,2020-01-01,McKesson
DSH210038,Hospital Center 38 - North,210038,Walmart Pharmacy,"552 Main St, City 38",Active,2020-01-01,McKesson
DSH210038,Hospital Center 38 - North,210038,Walgreens,"741 Main St, City 38",Active,2020-01-01,Cardinal Health
DSH210038,Hospital Center 38 - North,210038,Walmart Pharmacy,"897 Main St, City 38",Active,2020-01-01,McKesson
DSH210038,Hospital Center 38 - North,210038,Walmart Pharmacy,"111 Main St, City 38",Active,2020-01-01,McKesson
DSH210038,Hospital Center 38 - North,210038,Walmart Pharmacy,"844 Main St, City 38",Active,2020-01-01,McKesson
DSH210038,Hospital Center 38 - North,210038,Walgreens,"684 Main St, City 38",Active,2020-01-01,Cardinal Health
DSH210038,Hospital Center 38 - North,210038,Walgreens,"210 Main St, City 38",Active,2020-01-01,Cardinal Health
DSH210038,Hospital Center 38 - North,210038,Rite Aid,"481 Main St, City 38",Active,2020-01-01,McKesson
DSH210038,Hospital Center 38 - North,210038,Walgreens,"572 Main St, City 38",Active,2020-01-01,Cardinal Health
DSH210038,Hospital Center 38 - North,210038,Rite Aid,"599 Main St, City 38",Active,2020-01-01,McKesson
DSH210038,Hospital Center 38 - North,210038,Walmart Pharmacy,"514 Main St, City 38",Active,2020-01-01,McKesson
DSH210038,Hospital Center 38 - North,210038,CVS Pharmacy,"935 Main St, City 38",Active,2020-01-01,McKesson
DSH210038,Hospital Center 38 - North,210038,Rite Aid,"773 Main St, City 38",Active,2020-01-01,McKesson
DSH210038,Hospital Center 38 - North,210038,CVS Pharmacy,"253 Main St, City 38",Active,2020-01-01,McKesson
DSH210038,Hospital Center 38 - North,210038,CVS Pharmacy,"528 Main St, City 38",Active,2020-01-01,McKesson
DSH210038,Hospital Center 38 - North,210038,Walmart Pharmacy,"314 Main St, City 38",Active,2020-01-01,McKesson
DSH210038,Hospital Center 38 - North,210038,Walgreens,"139 Main St, City 38",Active,2020-01-01,Cardinal Health
DSH210038,Hospital Center 38 - North,210038,Walgreens,"653 Main St, City 38",Active,2020-01-01,Cardinal Health
DSH210038,Hospital Center 38 - North,210038,Walgreens,"717 Main St, City 38",Active,2020-01-01,Cardinal Health
DSH210038,Hospital Center 38 - North,210038,Walgreens,"967 Main St, City 38",Active,2020-01-01,Cardinal Health
DSH210038,Hospital Center 38 - North,210038,Walgreens,"340 Main St, City 38",Active,2020-01-01,Cardinal Health
DSH210038,Hospital Center 38 - North,210038,CVS Pharmacy,"358 Main St, City 38",Active,2020-01-01,McKesson
DSH210038,Hospital Center 38 - North,210038,CVS Pharmacy,"361 Main St, City 38",Active,2020-01-01,McKesson
DSH210038,Hospital Center 38 - North,210038,Walgreens,"829 Main St, City 38",Active,2020-01-01,Cardinal Health
DSH210038,Hospital Center 38 - North,210038,Rite Aid,"756 Main St, City 38",Active,2020-01-01,McKesson
DSH210038,Hospital Center 38 - North,210038,Walmart Pharmacy,"148 Main St, City 38",Active,2020-01-01,McKesson
DSH210038,Hospital Center 38 - North,210038,CVS Pharmacy,"413 Main St, City 38",Active,2020-01-01,McKesson
DSH210038,Hospital Center 38 - North,210038,Rite Aid,"156 Main St, City 38",Active,2020-01-01,McKesson
DSH210038,Hospital Center 38 - North,210038,Rite Aid,"662 Main St, City 38",Active,2020-01-01,McKesson
DSH210038,Hospital Center 38 - North,210038,CVS Pharmacy,"277 Main St, City 38",Active,2020-01-01,McKesson
DSH210038,Hospital Center 38 - North,210038,Walmart Pharmacy,"368 Main St, City 38",Active,2020-01-01,McKesson
DSH210038,Hospital Center 38 - North,210038,Rite Aid,"953 Main St, City 38",Active,2020-01-01,McKesson
DSH210038,Hospital Center 38 - North,210038,Walmart Pharmacy,"160 Main St, City 38",Active,2020-01-01,McKesson
DSH210038,Hospital Center 38 - North,210038,Rite Aid,"528 Main St, City 38",Active,2020-01-01,McKesson
DSH210038,Hospital Center 38 - North,210038,CVS Pharmacy,"861 Main St, City 38",Active,2020-01-01,McKesson
DSH210038,Hospital Center 38 - North,210038,Walmart Pharmacy,"566 Main St, City 38",Active,2020-01-01,McKesson
DSH210038,Hospital Center 38 - North,210038,CVS Pharmacy,"843 Main St, City 38",Active,2020-01-01,McKesson
DSH210038,Hospital Center 38 - North,210038,Rite Aid,"526 Main St, City 38",Active,2020-01-01,McKesson
DSH210038,Hospital Center 38 - North,210038,Walgreens,"505 Main St, City 38",Active,2020-01-01,Cardinal Health
DSH210038,Hospital Center 38 - North,210038,Walmart Pharmacy,"519 Main St, City 38",Active,2020-01-01,McKesson
DSH210038,Hospital Center 38 - North,210038,CVS Pharmacy,"815 Main St, City 38",Active,2020-01-01,McKesson
DSH210038,Hospital Center 38 - North,210038,Walgreens,"136 Main St, City 38",Active,2020-01-01,Cardinal Health
DSH210038,Hospital Center 38 - North,210038,CVS Pharmacy,"690 Main St, City 38",Active,2020-01-01,McKesson
DSH210038,Hospital Center 38 - North,210038,Rite Aid,"973 Main St, City 38",Active,2020-01-01,McKesson
DSH210038,Hospital Center 38 - North,210038,Rite Aid,"521 Main St, City 38",Active,2020-01-01,McKesson
DSH210038,Hospital Center 38 - North,210038,CVS Pharmacy,"551 Main St, City 38",Active,2020-01-01,McKesson
DSH210038,Hospital Center 38 - North,210038,Walmart Pharmacy,"403 Main St, City 38",Active,2020-01-01,McKesson
DSH210038,Hospital Center 38 - North,210038,Walmart Pharmacy,"895 Main St, City 38",Active,2020-01-01,McKesson
DSH210038,Hospital Center 38 - North,210038,CVS Pharmacy,"497 Main St, City 38",Active,2020-01-01,McKesson
DSH210038,Hospital Center 38 - North,210038,CVS Pharmacy,"467 Main St, City 38",Active,2020-01-01,McKesson
DSH210038,Hospital Center 38 - North,210038,Walgreens,"707 Main St, City 38",Active,2020-01-01,Cardinal Health
DSH210038,Hospital Center 38 - North,210038,Walmart Pharmacy,"827 Main St, City 38",Active,2020-01-01,McKesson
DSH210038,Hospital Center 38 - North,210038,Walmart Pharmacy,"635 Main St, City 38",Active,2020-01-01,McKesson
DSH210038,Hospital Center 38 - North,210038,Walmart Pharmacy,"457 Main St, City 38",Active,2020-01-01,McKesson
DSH210038,Hospital Center 38 - North,210038,Rite Aid,"699 Main St, City 38",Active,2020-01-01,McKesson
DSH210038,Hospital Center 38 - North,210038,Rite Aid,"903 Main St, City 38",Active,2020-01-01,McKesson
DSH210038,Hospital Center 38 - North,210038,CVS Pharmacy,"544 Main St, City 38",Active,2020-01-01,McKesson
DSH210038,Hospital Center 38 - North,210038,CVS Pharmacy,"412 Main St, City 38",Active,2020-01-01,McKesson
DSH210038,Hospital Center 38 - North,210038,Walmart Pharmacy,"965 Main St, City 38",Active,2020-01-01,McKesson
DSH210038,Hospital Center 38 - North,210038,Walgreens,"643 Main St, City 38",Active,2020-01-01,Cardinal Health
DSH210038,Hospital Center 38 - North,210038,Walgreens,"297 Main St, City 38",Active,2020-01-01,Cardinal Health
DSH210038,Hospital Center 38 - North,210038,Walmart Pharmacy,"227 Main St, City 38",Active,2020-01-01,McKesson
DSH210038,Hospital Center 38 - North,210038,Rite Aid,"611 Main St, City 38",Active,2020-01-01,McKesson
DSH210038,Hospital Center 38 - North,210038,Walmart Pharmacy,"509 Main St, City 38",Active,2020-01-01,McKesson
DSH210038,Hospital Center 38 - North,210038,Walgreens,"210 Main St, City 38",Active,2020-01-01,Cardinal Health
DSH210038,Hospital Center 38 - North,210038,Rite Aid,"126 Main St, City 38",Active,2020-01-01,McKesson
DSH210038,Hospital Center 38 - North,210038,CVS Pharmacy,"840 Main St, City 38",Active,2020-01-01,McKesson
DSH210038,Hospital Center 38 - North,210038,CVS Pharmacy,"821 Main St, City 38",Active,2020-01-01,McKesson
DSH210038,Hospital Center 38 - North,210038,Rite Aid,"217 Main St, City 38",Active,2020-01-01,McKesson
DSH210038,Hospital Center 38 - North,210038,CVS Pharmacy,"246 Main St, City 38",Active,2020-01-01,McKesson
DSH210038,Hospital Center 38 - North,210038,Walgreens,"901 Main St, City 38",Active,2020-01-01,Cardinal Health
DSH210038,Hospital Center 38 - North,210038,Walgreens,"445 Main St, City 38",Active,2020-01-01,Cardinal Health
DSH210038,Hospital Center 38 - North,210038,Rite Aid,"874 Main St, City 38",Active,2020-01-01,McKesson
DSH210038,Hospital Center 38 - North,210038,CVS Pharmacy,"957 Main St, City 38",Active,2020-01-01,McKesson
DSH210038,Hospital Center 38 - North,210038,CVS Pharmacy,"950 Main St, City 38",Active,2020-01-01,McKesson
DSH210038,Hospital Center 38 - North,210038,Walmart Pharmacy,"635 Main St, City 38",Active,2020-01-01,McKesson
DSH210038,Hospital Center 38 - North,210038,CVS Pharmacy,"273 Main St, City 38",Active,2020-01-01,McKesson
DSH210038,Hospital Center 38 - North,210038,Walmart Pharmacy,"633 Main St, City 38",Active,2020-01-01,McKesson
DSH210038,Hospital Center 38 - North,210038,Walmart Pharmacy,"678 Main St, City 38",Active,2020-01-01,McKesson
DSH210038,Hospital Center 38 - North,210038,CVS Pharmacy,"727 Main St, City 38",Active,2020-01-01,McKesson
DSH210038,Hospital Center 38 - North,210038,Walmart Pharmacy,"178 Main St, City 38",Active,2020-01-01,McKesson
DSH210038,Hospital Center 38 - North,210038,Walmart Pharmacy,"144 Main St, City 38",Active,2020-01-01,McKesson
DSH210039,Regional Medical Center 39,210039,CVS Pharmacy,"845 Main St, City 39",Active,2020-01-01,McKesson
DSH210039,Regional Medical Center 39,210039,Walgreens,"764 Main St, City 39",Active,2020-01-01,Cardinal Health
DSH210039,Regional Medical Center 39,210039,Walmart Pharmacy,"610 Main St, City 39",Active,2020-01-01,McKesson
DSH210039,Regional Medical Center 39,210039,Walgreens,"568 Main St, City 39",Active,2020-01-01,Cardinal Health
DSH210039,Regional Medical Center 39,210039,Rite Aid,"423 Main St, City 39",Active,2020-01-01,McKesson
DSH210039,Regional Medical Center 39,210039,Walmart Pharmacy,"147 Main St, City 39",Active,2020-01-01,McKesson
DSH210039,Regional Medical Center 39,210039,Rite Aid,"388 Main St, City 39",Active,2020-01-01,McKesson
DSH210039,Regional Medical Center 39,210039,Walgreens,"458 Main St, City 39",Active,2020-01-01,Cardinal Health
DSH210039,Regional Medical Center 39,210039,Rite Aid,"592 Main St, City 39",Active,2020-01-01,McKesson
DSH210039,Regional Medical Center 39,210039,Walmart Pharmacy,"890 Main St, City 39",Active,2020-01-01,McKesson
DSH210039,Regional Medical Center 39,210039,Walmart Pharmacy,"677 Main St, City 39",Active,2020-01-01,McKesson
DSH210039,Regional Medical Center 39,210039,Walmart Pharmacy,"908 Main St, City 39",Active,2020-01-01,McKesson
DSH210039,Regional Medical Center 39,210039,Rite Aid,"369 Main St, City 39",Active,2020-01-01,McKesson
DSH210039,Regional Medical Center 39,210039,CVS Pharmacy,"853 Main St, City 39",Active,2020-01-01,McKesson
DSH210039,Regional Medical Center 39,210039,Rite Aid,"666 Main St, City 39",Active,2020-01-01,McKesson
DSH210039,Regional Medical Center 39,210039,Walgreens,"990 Main St, City 39",Active,2020-01-01,Cardinal Health
DSH210039,Regional Medical Center 39,210039,CVS Pharmacy,"900 Main St, City 39",Active,2020-01-01,McKesson
DSH210039,Regional Medical Center 39,210039,Rite Aid,"317 Main St, City 39",Active,2020-01-01,McKesson
DSH210039,Regional Medical Center 39,210039,CVS Pharmacy,"101 Main St, City 39",Active,2020-01-01,McKesson
DSH210039,Regional Medical Center 39,210039,Walgreens,"926 Main St, City 39",Active,2020-01-01,Cardinal Health
DSH210039,Regional Medical Center 39,210039,CVS Pharmacy,"987 Main St, City 39",Active,2020-01-01,McKesson
DSH210039,Regional Medical Center 39,210039,Rite Aid,"100 Main St, City 39",Active,2020-01-01,McKesson
DSH210039,Regional Medical Center 39,210039,Walmart Pharmacy,"871 Main St, City 39",Active,2020-01-01,McKesson
DSH210039,Regional Medical Center 39,210039,Rite Aid,"599 Main St, City 39",Active,2020-01-01,McKesson
DSH210039,Regional Medical Center 39,210039,Rite Aid,"330 Main St, City 39",Active,2020-01-01,McKesson
DSH210039,Regional Medical Center 39,210039,CVS Pharmacy,"916 Main St, City 39",Active,2020-01-01,McKesson
DSH210039,Regional Medical Center 39,210039,Rite Aid,"737 Main St, City 39",Active,2020-01-01,McKesson
DSH210039,Regional Medical Center 39,210039,Walmart Pharmacy,"793 Main St, City 39",Active,2020-01-01,McKesson
DSH210039,Regional Medical Center 39,210039,Walgreens,"870 Main St, City 39",Active,2020-01-01,Cardinal Health
DSH210039,Regional Medical Center 39,210039,Walmart Pharmacy,"607 Main St, City 39",Active,2020-01-01,McKesson
DSH210039,Regional Medical Center 39,210039,CVS Pharmacy,"767 Main St, City 39",Active,2020-01-01,McKesson
DSH210039,Regional Medical Center 39,210039,CVS Pharmacy,"817 Main St, City 39",Active,2020-01-01,McKesson
DSH210039,Regional Medical Center 39,210039,Rite Aid,"524 Main St, City 39",Active,2020-01-01,McKesson
DSH210039,Regional Medical Center 39,210039,Rite Aid,"595 Main St, City 39",Active,2020-01-01,McKesson
DSH210039,Regional Medical Center 39,210039,CVS Pharmacy,"810 Main St, City 39",Active,2020-01-01,McKesson
DSH210039,Regional Medical Center 39,210039,CVS Pharmacy,"577 Main St, City 39",Active,2020-01-01,McKesson
DSH210039,Regional Medical Center 39,210039,Rite Aid,"861 Main St, City 39",Active,2020-01-01,McKesson
DSH210039,Regional Medical Center 39,210039,Walmart Pharmacy,"118 Main St, City 39",Active,2020-01-01,McKesson
DSH210039,Regional Medical Center 39,210039,Walgreens,"658 Main St, City 39",Active,2020-01-01,Cardinal Health
DSH210039,Regional Medical Center 39,210039,Walmart Pharmacy,"785 Main St, City 39",Active,2020-01-01,McKesson
DSH210039,Regional Medical Center 39,210039,CVS Pharmacy,"995 Main St, City 39",Active,2020-01-01,McKesson
DSH210039,Regional Medical Center 39,210039,Rite Aid,"670 Main St, City 39",Active,2020-01-01,McKesson
DSH210039,Regional Medical Center 39,210039,Rite Aid,"879 Main St, City 39",Active,2020-01-01,McKesson
DSH210039,Regional Medical Center 39,210039,Walmart Pharmacy,"517 Main St, City 39",Active,2020-01-01,McKesson
DSH210039,Regional Medical Center 39,210039,Walmart Pharmacy,"303 Main St, City 39",Active,2020-01-01,McKesson
DSH210039,Regional Medical Center 39,210039,Rite Aid,"900 Main St, City 39",Active,2020-01-01,McKesson
DSH210039,Regional Medical Center 39,210039,Walmart Pharmacy,"467 Main St, City 39",Active,2020-01-01,McKesson
DSH210039,Regional Medical Center 39,210039,Rite Aid,"560 Main St, City 39",Active,2020-01-01,McKesson
DSH210039,Regional Medical Center 39,210039,CVS Pharmacy,"151 Main St, City 39",Active,2020-01-01,McKesson
DSH210039,Regional Medical Center 39,210039,Walgreens,"859 Main St, City 39",Active,2020-01-01,Cardinal Health
DSH210039,Regional Medical Center 39,210039,CVS Pharmacy,"321 Main St, City 39",Active,2020-01-01,McKesson
DSH210039,Regional Medical Center 39,210039,Rite Aid,"562 Main St, City 39",Active,2020-01-01,McKesson
DSH210039,Regional Medical Center 39,210039,Walmart Pharmacy,"771 Main St, City 39",Active,2020-01-01,McKesson
DSH210039,Regional Medical Center 39,210039,Rite Aid,"589 Main St, City 39",Active,2020-01-01,McKesson
DSH210039,Regional Medical Center 39,210039,Walgreens,"765 Main St, City 39",Active,2020-01-01,Cardinal Health
DSH210040,Hospital Center 40 - North,210040,Walmart Pharmacy,"676 Main St, City 40",Active,2020-01-01,McKesson
DSH210040,Hospital Center 40 - North,210040,Walmart Pharmacy,"740 Main St, City 40",Active,2020-01-01,McKesson
DSH210040,Hospital Center 40 - North,210040,Rite Aid,"186 Main St, City 40",Active,2020-01-01,McKesson
DSH210040,Hospital Center 40 - North,210040,CVS Pharmacy,"664 Main St, City 40",Active,2020-01-01,McKesson
DSH210040,Hospital Center 40 - North,210040,Walmart Pharmacy,"454 Main St, City 40",Active,2020-01-01,McKesson
DSH210040,Hospital Center 40 - North,210040,Walmart Pharmacy,"719 Main St, City 40",Active,2020-01-01,McKesson
DSH210040,Hospital Center 40 - North,210040,Walgreens,"517 Main St, City 40",Active,2020-01-01,Cardinal Health
DSH210040,Hospital Center 40 - North,210040,Walmart Pharmacy,"880 Main St, City 40",Active,2020-01-01,McKesson
DSH210040,Hospital Center 40 - North,210040,Walgreens,"515 Main St, City 40",Active,2020-01-01,Cardinal Health
DSH210040,Hospital Center 40 - North,210040,Walmart Pharmacy,"182 Main St, City 40",Active,2020-01-01,McKesson
DSH210040,Hospital Center 40 - North,210040,Rite Aid,"397 Main St, City 40",Active,2020-01-01,McKesson
DSH210040,Hospital Center 40 - North,210040,Walmart Pharmacy,"522 Main St, City 40",Active,2020-01-01,McKesson
DSH210040,Hospital Center 40 - North,210040,Rite Aid,"819 Main St, City 40",Active,2020-01-01,McKesson
DSH210040,Hospital Center 40 - North,210040,Walgreens,"151 Main St, City 40",Active,2020-01-01,Cardinal Health
DSH210040,Hospital Center 40 - North,210040,Rite Aid,"693 Main St, City 40",Active,2020-01-01,McKesson
DSH210040,Hospital Center 40 - North,210040,CVS Pharmacy,"974 Main St, City 40",Active,2020-01-01,McKesson
DSH210040,Hospital Center 40 - North,210040,Rite Aid,"235 Main St, City 40",Active,2020-01-01,McKesson
DSH210040,Hospital Center 40 - North,210040,CVS Pharmacy,"405 Main St, City 40",Active,2020-01-01,McKesson
DSH210040,Hospital Center 40 - North,210040,Rite Aid,"117 Main St, City 40",Active,2020-01-01,McKesson
DSH210040,Hospital Center 40 - North,210040,CVS Pharmacy,"789 Main St, City 40",Active,2020-01-01,McKesson
DSH210040,Hospital Center 40 - North,210040,Walmart Pharmacy,"506 Main St, City 40",Active,2020-01-01,McKesson
DSH210040,Hospital Center 40 - North,210040,CVS Pharmacy,"230 Main St, City 40",Active,2020-01-01,McKesson
DSH210040,Hospital Center 40 - North,210040,CVS Pharmacy,"732 Main St, City 40",Active,2020-01-01,McKesson
DSH210040,Hospital Center 40 - North,210040,Walmart Pharmacy,"385 Main St, City 40",Active,2020-01-01,McKesson
DSH210040,Hospital Center 40 - North,210040,Rite Aid,"823 Main St, City 40",Active,2020-01-01,McKesson
DSH210040,Hospital Center 40 - North,210040,Rite Aid,"840 Main St, City 40",Active,2020-01-01,McKesson
DSH210040,Hospital Center 40 - North,210040,Rite Aid,"127 Main St, City 40",Active,2020-01-01,McKesson
DSH210040,Hospital Center 40 - North,210040,Walmart Pharmacy,"430 Main St, City 40",Active,2020-01-01,McKesson
DSH210040,Hospital Center 40 - North,210040,Walgreens,"999 Main St, City 40",Active,2020-01-01,Cardinal Health
DSH210040,Hospital Center 40 - North,210040,Walmart Pharmacy,"198 Main St, City 40",Active,2020-01-01,McKesson
DSH210040,Hospital Center 40 - North,210040,Walmart Pharmacy,"830 Main St, City 40",Active,2020-01-01,McKesson
DSH210040,Hospital Center 40 - North,210040,Rite Aid,"997 Main St, City 40",Active,2020-01-01,McKesson
DSH210040,Hospital Center 40 - North,210040,CVS Pharmacy,"899 Main St, City 40",Active,2020-01-01,McKesson
DSH210040,Hospital Center 40 - North,210040,Rite Aid,"816 Main St, City 40",Active,2020-01-01,McKesson
DSH210040,Hospital Center 40 - North,210040,CVS Pharmacy,"689 Main St, City 40",Active,2020-01-01,McKesson
DSH210040,Hospital Center 40 - North,210040,Rite Aid,"761 Main St, City 40",Active,2020-01-01,McKesson
DSH210040,Hospital Center 40 - North,210040,Walmart Pharmacy,"230 Main St, City 40",Active,2020-01-01,McKesson
DSH210040,Hospital Center 40 - North,210040,CVS Pharmacy,"142 Main St, City 40",Active,2020-01-01,McKesson
DSH210040,Hospital Center 40 - North,210040,CVS Pharmacy,"489 Main St, City 40",Active,2020-01-01,McKesson
DSH210040,Hospital Center 40 - North,210040,Walgreens,"732 Main St, City 40",Active,2020-01-01,Cardinal Health
DSH210040,Hospital Center 40 - North,210040,CVS Pharmacy,"962 Main St, City 40",Active,2020-01-01,McKesson
DSH210040,Hospital Center 40 - North,210040,Walgreens,"518 Main St, City 40",Active,2020-01-01,Cardinal Health
DSH210040,Hospital Center 40 - North,210040,Walgreens,"928 Main St, City 40",Active,2020-01-01,Cardinal Health
DSH210040,Hospital Center 40 - North,210040,Walgreens,"364 Main St, City 40",Active,2020-01-01,Cardinal Health
DSH210040,Hospital Center 40 - North,210040,CVS Pharmacy,"365 Main St, City 40",Active,2020-01-01,McKesson
DSH210040,Hospital Center 40 - North,210040,CVS Pharmacy,"604 Main St, City 40",Active,2020-01-01,McKesson
DSH210040,Hospital Center 40 - North,210040,CVS Pharmacy,"797 Main St, City 40",Active,2020-01-01,McKesson
DSH210040,Hospital Center 40 - North,210040,Walgreens,"509 Main St, City 40",Active,2020-01-01,Cardinal Health
DSH210040,Hospital Center 40 - North,210040,Walgreens,"736 Main St, City 40",Active,2020-01-01,Cardinal Health
DSH210041,Regional Medical Center 41,210041,Walgreens,"580 Main St, City 41",Active,2020-01-01,Cardinal Health
DSH210041,Regional Medical Center 41,210041,Walgreens,"506 Main St, City 41",Active,2020-01-01,Cardinal Health
DSH210041,Regional Medical Center 41,210041,CVS Pharmacy,"387 Main St, City 41",Active,2020-01-01,McKesson
DSH210041,Regional Medical Center 41,210041,CVS Pharmacy,"549 Main St, City 41",Active,2020-01-01,McKesson
DSH210041,Regional Medical Center 41,210041,Rite Aid,"930 Main St, City 41",Active,2020-01-01,McKesson
DSH210041,Regional Medical Center 41,210041,CVS Pharmacy,"852 Main St, City 41",Active,2020-01-01,McKesson
DSH210041,Regional Medical Center 41,210041,Walmart Pharmacy,"129 Main St, City 41",Active,2020-01-01,McKesson
DSH210041,Regional Medical Center 41,210041,CVS Pharmacy,"143 Main St, City 41",Active,2020-01-01,McKesson
DSH210041,Regional Medical Center 41,210041,Walmart Pharmacy,"119 Main St, City 41",Active,2020-01-01,McKesson
DSH210041,Regional Medical Center 41,210041,Walmart Pharmacy,"306 Main St, City 41",Active,2020-01-01,McKesson
DSH210041,Regional Medical Center 41,210041,Walgreens,"810 Main St, City 41",Active,2020-01-01,Cardinal Health
DSH210041,Regional Medical Center 41,210041,Walgreens,"866 Main St, City 41",Active,2020-01-01,Cardinal Health
DSH210041,Regional Medical Center 41,210041,CVS Pharmacy,"878 Main St, City 41",Active,2020-01-01,McKesson
DSH210041,Regional Medical Center 41,210041,Walgreens,"126 Main St, City 41",Active,2020-01-01,Cardinal Health
DSH210041,Regional Medical Center 41,210041,Walmart Pharmacy,"808 Main St, City 41",Active,2020-01-01,McKesson
DSH210041,Regional Medical Center 41,210041,Walmart Pharmacy,"476 Main St, City 41",Active,2020-01-01,McKesson
DSH210041,Regional Medical Center 41,210041,Rite Aid,"444 Main St, City 41",Active,2020-01-01,McKesson
DSH210041,Regional Medical Center 41,210041,CVS Pharmacy,"584 Main St, City 41",Active,2020-01-01,McKesson
DSH210041,Regional Medical Center 41,210041,Walmart Pharmacy,"342 Main St, City 41",Active,2020-01-01,McKesson
DSH210041,Regional Medical Center 41,210041,CVS Pharmacy,"852 Main St, City 41",Active,2020-01-01,McKesson
DSH210041,Regional Medical Center 41,210041,Rite Aid,"821 Main St, City 41",Active,2020-01-01,McKesson
DSH210041,Regional Medical Center 41,210041,Walmart Pharmacy,"823 Main St, City 41",Active,2020-01-01,McKesson
DSH210041,Regional Medical Center 41,210041,Rite Aid,"139 Main St, City 41",Active,2020-01-01,McKesson
DSH210041,Regional Medical Center 41,210041,CVS Pharmacy,"671 Main St, City 41",Active,2020-01-01,McKesson
DSH210041,Regional Medical Center 41,210041,CVS Pharmacy,"905 Main St, City 41",Active,2020-01-01,McKesson
DSH210041,Regional Medical Center 41,210041,Walgreens,"895 Main St, City 41",Active,2020-01-01,Cardinal Health
DSH210041,Regional Medical Center 41,210041,CVS Pharmacy,"517 Main St, City 41",Active,2020-01-01,McKesson
DSH210042,Hospital Center 42 - North,210042,Walgreens,"442 Main St, City 42",Active,2020-01-01,Cardinal Health
DSH210042,Hospital Center 42 - North,210042,Walmart Pharmacy,"969 Main St, City 42",Active,2020-01-01,McKesson
DSH210042,Hospital Center 42 - North,210042,CVS Pharmacy,"131 Main St, City 42",Active,2020-01-01,McKesson
DSH210042,Hospital Center 42 - North,210042,Rite Aid,"824 Main St, City 42",Active,2020-01-01,McKesson
DSH210042,Hospital Center 42 - North,210042,Rite Aid,"281 Main St, City 42",Active,2020-01-01,McKesson
DSH210042,Hospital Center 42 - North,210042,CVS Pharmacy,"150 Main St, City 42",Active,2020-01-01,McKesson
DSH210042,Hospital Center 42 - North,210042,Walmart Pharmacy,"799 Main St, City 42",Active,2020-01-01,McKesson
DSH210042,Hospital Center 42 - North,210042,Walmart Pharmacy,"613 Main St, City 42",Active,2020-01-01,McKesson
DSH210042,Hospital Center 42 - North,210042,Rite Aid,"186 Main St, City 42",Active,2020-01-01,McKesson
DSH210042,Hospital Center 42 - North,210042,CVS Pharmacy,"995 Main St, City 42",Active,2020-01-01,McKesson
DSH210042,Hospital Center 42 - North,210042,Walmart Pharmacy,"522 Main St, City 42",Active,2020-01-01,McKesson
DSH210042,Hospital Center 42 - North,210042,Walgreens,"864 Main St, City 42",Active,2020-01-01,Cardinal Health
DSH210042,Hospital Center 42 - North,210042,Walmart Pharmacy,"192 Main St, City 42",Active,2020-01-01,McKesson
DSH210042,Hospital Center 42 - North,210042,Rite Aid,"948 Main St, City 42",Active,2020-01-01,McKesson
DSH210042,Hospital Center 42 - North,210042,Walgreens,"846 Main St, City 42",Active,2020-01-01,Cardinal Health
DSH210042,Hospital Center 42 - North,210042,CVS Pharmacy,"761 Main St, City 42",Active,2020-01-01,McKesson
DSH210042,Hospital Center 42 - North,210042,Rite Aid,"988 Main St, City 42",Active,2020-01-01,McKesson
DSH210042,Hospital Center 42 - North,210042,Rite Aid,"468 Main St, City 42",Active,2020-01-01,McKesson
DSH210042,Hospital Center 42 - North,210042,Walmart Pharmacy,"452 Main St, City 42",Active,2020-01-01,McKesson
DSH210042,Hospital Center 42 - North,210042,Rite Aid,"144 Main St, City 42",Active,2020-01-01,McKesson
DSH210042,Hospital Center 42 - North,210042,Walgreens,"717 Main St, City 42",Active,2020-01-01,Cardinal Health
DSH210042,Hospital Center 42 - North,210042,CVS Pharmacy,"932 Main St, City 42",Active,2020-01-01,McKesson
DSH210042,Hospital Center 42 - North,210042,Walmart Pharmacy,"881 Main St, City 42",Active,2020-01-01,McKesson
DSH210042,Hospital Center 42 - North,210042,Rite Aid,"145 Main St, City 42",Active,2020-01-01,McKesson
DSH210042,Hospital Center 42 - North,210042,CVS Pharmacy,"897 Main St, City 42",Active,2020-01-01,McKesson
DSH210042,Hospital Center 42 - North,210042,Rite Aid,"471 Main St, City 42",Active,2020-01-01,McKesson
DSH210042,Hospital Center 42 - North,210042,Walgreens,"435 Main St, City 42",Active,2020-01-01,Cardinal Health
DSH210042,Hospital Center 42 - North,210042,Walgreens,"263 Main St, City 42",Active,2020-01-01,Cardinal Health
DSH210042,Hospital Center 42 - North,210042,Walmart Pharmacy,"316 Main St, City 42",Active,2020-01-01,McKesson
DSH210042,Hospital Center 42 - North,210042,Rite Aid,"599 Main St, City 42",Active,2020-01-01,McKesson
DSH210042,Hospital Center 42 - North,210042,Rite Aid,"351 Main St, City 42",Active,2020-01-01,McKesson
DSH210042,Hospital Center 42 - North,210042,CVS Pharmacy,"187 Main St, City 42",Active,2020-01-01,McKesson
DSH210042,Hospital Center 42 - North,210042,Walgreens,"595 Main St, City 42",Active,2020-01-01,Cardinal Health
DSH210042,Hospital Center 42 - North,210042,CVS Pharmacy,"734 Main St, City 42",Active,2020-01-01,McKesson
DSH210042,Hospital Center 42 - North,210042,Rite Aid,"616 Main St, City 42",Active,2020-01-01,McKesson
DSH210042,Hospital Center 42 - North,210042,Walmart Pharmacy,"901 Main St, City 42",Active,2020-01-01,McKesson
DSH210042,Hospital Center 42 - North,210042,CVS Pharmacy,"886 Main St, City 42",Active,2020-01-01,McKesson
DSH210042,Hospital Center 42 - North,210042,Rite Aid,"924 Main St, City 42",Active,2020-01-01,McKesson
DSH210042,Hospital Center 42 - North,210042,Walmart Pharmacy,"682 Main St, City 42",Active,2020-01-01,McKesson
DSH210042,Hospital Center 42 - North,210042,Walmart Pharmacy,"945 Main St, City 42",Active,2020-01-01,McKesson
DSH210042,Hospital Center 42 - North,210042,Rite Aid,"941 Main St, City 42",Active,2020-01-01,McKesson
DSH210042,Hospital Center 42 - North,210042,CVS Pharmacy,"127 Main St, City 42",Active,2020-01-01,McKesson
DSH210042,Hospital Center 42 - North,210042,CVS Pharmacy,"675 Main St, City 42",Active,2020-01-01,McKesson
DSH210042,Hospital Center 42 - North,210042,Walmart Pharmacy,"567 Main St, City 42",Active,2020-01-01,McKesson
DSH210042,Hospital Center 42 - North,210042,Walmart Pharmacy,"112 Main St, City 42",Active,2020-01-01,McKesson
DSH210042,Hospital Center 42 - North,210042,Rite Aid,"604 Main St, City 42",Active,2020-01-01,McKesson
DSH210042,Hospital Center 42 - North,210042,Walmart Pharmacy,"694 Main St, City 42",Active,2020-01-01,McKesson
DSH210042,Hospital Center 42 - North,210042,CVS Pharmacy,"448 Main St, City 42",Active,2020-01-01,McKesson
DSH210042,Hospital Center 42 - North,210042,Walgreens,"182 Main St, City 42",Active,2020-01-01,Cardinal Health
DSH210042,Hospital Center 42 - North,210042,Walmart Pharmacy,"439 Main St, City 42",Active,2020-01-01,McKesson
DSH210042,Hospital Center 42 - North,210042,Walgreens,"910 Main St, City 42",Active,2020-01-01,Cardinal Health
DSH210042,Hospital Center 42 - North,210042,Rite Aid,"564 Main St, City 42",Active,2020-01-01,McKesson
DSH210042,Hospital Center 42 - North,210042,Walgreens,"940 Main St, City 42",Active,2020-01-01,Cardinal Health
DSH210042,Hospital Center 42 - North,210042,Rite Aid,"533 Main St, City 42",Active,2020-01-01,McKesson
DSH210042,Hospital Center 42 - North,210042,Rite Aid,"304 Main St, City 42",Active,2020-01-01,McKesson
DSH210042,Hospital Center 42 - North,210042,Walmart Pharmacy,"962 Main St, City 42",Active,2020-01-01,McKesson
DSH210042,Hospital Center 42 - North,210042,Walmart Pharmacy,"645 Main St, City 42",Active,2020-01-01,McKesson
DSH210042,Hospital Center 42 - North,210042,CVS Pharmacy,"370 Main St, City 42",Active,2020-01-01,McKesson
DSH210042,Hospital Center 42 - North,210042,CVS Pharmacy,"102 Main St, City 42",Active,2020-01-01,McKesson
DSH210042,Hospital Center 42 - North,210042,Walgreens,"782 Main St, City 42",Active,2020-01-01,Cardinal Health
DSH210042,Hospital Center 42 - North,210042,Walmart Pharmacy,"463 Main St, City 42",Active,2020-01-01,McKesson
DSH210042,Hospital Center 42 - North,210042,Rite Aid,"153 Main St, City 42",Active,2020-01-01,McKesson
DSH210042,Hospital Center 42 - North,210042,CVS Pharmacy,"793 Main St, City 42",Active,2020-01-01,McKesson
DSH210042,Hospital Center 42 - North,210042,Rite Aid,"674 Main St, City 42",Active,2020-01-01,McKesson
DSH210042,Hospital Center 42 - North,210042,Walgreens,"128 Main St, City 42",Active,2020-01-01,Cardinal Health
DSH210042,Hospital Center 42 - North,210042,Rite Aid,"695 Main St, City 42",Active,2020-01-01,McKesson
DSH210042,Hospital Center 42 - North,210042,CVS Pharmacy,"573 Main St, City 42",Active,2020-01-01,McKesson
DSH210042,Hospital Center 42 - North,210042,Walgreens,"746 Main St, City 42",Active,2020-01-01,Cardinal Health
DSH210042,Hospital Center 42 - North,210042,Walgreens,"642 Main St, City 42",Active,2020-01-01,Cardinal Health
DSH210042,Hospital Center 42 - North,210042,Walmart Pharmacy,"955 Main St, City 42",Active,2020-01-01,McKesson
DSH210042,Hospital Center 42 - North,210042,Walmart Pharmacy,"978 Main St, City 42",Active,2020-01-01,McKesson
DSH210042,Hospital Center 42 - North,210042,Rite Aid,"350 Main St, City 42",Active,2020-01-01,McKesson
DSH210042,Hospital Center 42 - North,210042,Walmart Pharmacy,"621 Main St, City 42",Active,2020-01-01,McKesson
DSH210042,Hospital Center 42 - North,210042,Rite Aid,"834 Main St, City 42",Active,2020-01-01,McKesson
DSH210042,Hospital Center 42 - North,210042,Walmart Pharmacy,"944 Main St, City 42",Active,2020-01-01,McKesson
DSH210042,Hospital Center 42 - North,210042,Walgreens,"468 Main St, City 42",Active,2020-01-01,Cardinal Health
DSH210042,Hospital Center 42 - North,210042,CVS Pharmacy,"402 Main St, City 42",Active,2020-01-01,McKesson
DSH210042,Hospital Center 42 - North,210042,Rite Aid,"827 Main St, City 42",Active,2020-01-01,McKesson
DSH210042,Hospital Center 42 - North,210042,CVS Pharmacy,"764 Main St, City 42",Active,2020-01-01,McKesson
DSH210042,Hospital Center 42 - North,210042,Walmart Pharmacy,"817 Main St, City 42",Active,2020-01-01,McKesson
DSH210042,Hospital Center 42 - North,210042,Walmart Pharmacy,"641 Main St, City 42",Active,2020-01-01,McKesson
DSH210042,Hospital Center 42 - North,210042,Walmart Pharmacy,"740 Main St, City 42",Active,2020-01-01,McKesson
DSH210042,Hospital Center 42 - North,210042,Walgreens,"290 Main St, City 42",Active,2020-01-01,Cardinal Health
DSH210042,Hospital Center 42 - North,210042,CVS Pharmacy,"231 Main St, City 42",Active,2020-01-01,McKesson
DSH210042,Hospital Center 42 - North,210042,Walgreens,"207 Main St, City 42",Active,2020-01-01,Cardinal Health
DSH210042,Hospital Center 42 - North,210042,CVS Pharmacy,"322 Main St, City 42",Active,2020-01-01,McKesson
DSH210042,Hospital Center 42 - North,210042,CVS Pharmacy,"127 Main St, City 42",Active,2020-01-01,McKesson
DSH210042,Hospital Center 42 - North,210042,Walmart Pharmacy,"179 Main St, City 42",Active,2020-01-01,McKesson
DSH210042,Hospital Center 42 - North,210042,Rite Aid,"433 Main St, City 42",Active,2020-01-01,McKesson
DSH210042,Hospital Center 42 - North,210042,Rite Aid,"564 Main St, City 42",Active,2020-01-01,McKesson
DSH210042,Hospital Center 42 - North,210042,Walgreens,"883 Main St, City 42",Active,2020-01-01,Cardinal Health
DSH210042,Hospital Center 42 - North,210042,CVS Pharmacy,"344 Main St, City 42",Active,2020-01-01,McKesson
DSH210042,Hospital Center 42 - North,210042,CVS Pharmacy,"504 Main St, City 42",Active,2020-01-01,McKesson
DSH210042,Hospital Center 42 - North,210042,Walgreens,"543 Main St, City 42",Active,2020-01-01,Cardinal Health
DSH210042,Hospital Center 42 - North,210042,Walgreens,"835 Main St, City 42",Active,2020-01-01,Cardinal Health
DSH210043,Regional Medical Center 43,210043,Walmart Pharmacy,"114 Main St, City 43",Active,2020-01-01,McKesson
DSH210043,Regional Medical Center 43,210043,Walmart Pharmacy,"278 Main St, City 43",Active,2020-01-01,McKesson
DSH210043,Regional Medical Center 43,210043,Rite Aid,"342 Main St, City 43",Active,2020-01-01,McKesson
DSH210043,Regional Medical Center 43,210043,Walgreens,"330 Main St, City 43",Active,2020-01-01,Cardinal Health
DSH210043,Regional Medical Center 43,210043,CVS Pharmacy,"912 Main St, City 43",Active,2020-01-01,McKesson
DSH210043,Regional Medical Center 43,210043,Walgreens,"192 Main St, City 43",Active,2020-01-01,Cardinal Health
DSH210043,Regional Medical Center 43,210043,Rite Aid,"732 Main St, City 43",Active,2020-01-01,McKesson
DSH210043,Regional Medical Center 43,210043,Walmart Pharmacy,"165 Main St, City 43",Active,2020-01-01,McKesson
DSH210043,Regional Medical Center 43,210043,Walgreens,"629 Main St, City 43",Active,2020-01-01,Cardinal Health
DSH210043,Regional Medical Center 43,210043,Walmart Pharmacy,"806 Main St, City 43",Active,2020-01-01,McKesson
DSH210043,Regional Medical Center 43,210043,Walgreens,"651 Main St, City 43",Active,2020-01-01,Cardinal Health
DSH210043,Regional Medical Center 43,210043,Rite Aid,"915 Main St, City 43",Active,2020-01-01,McKesson
DSH210043,Regional Medical Center 43,210043,Walmart Pharmacy,"562 Main St, City 43",Active,2020-01-01,McKesson
DSH210043,Regional Medical Center 43,210043,Walmart Pharmacy,"421 Main St, City 43",Active,2020-01-01,McKesson
DSH210043,Regional Medical Center 43,210043,Walgreens,"271 Main St, City 43",Active,2020-01-01,Cardinal Health
DSH210043,Regional Medical Center 43,210043,Rite Aid,"289 Main St, City 43",Active,2020-01-01,McKesson
DSH210043,Regional Medical Center 43,210043,Walmart Pharmacy,"869 Main St, City 43",Active,2020-01-01,McKesson
DSH210043,Regional Medical Center 43,210043,Rite Aid,"837 Main St, City 43",Active,2020-01-01,McKesson
DSH210043,Regional Medical Center 43,210043,Walgreens,"754 Main St, City 43",Active,2020-01-01,Cardinal Health
DSH210043,Regional Medical Center 43,210043,Walgreens,"137 Main St, City 43",Active,2020-01-01,Cardinal Health
DSH210043,Regional Medical Center 43,210043,CVS Pharmacy,"978 Main St, City 43",Active,2020-01-01,McKesson
DSH210043,Regional Medical Center 43,210043,CVS Pharmacy,"971 Main St, City 43",Active,2020-01-01,McKesson
DSH210043,Regional Medical Center 43,210043,Walgreens,"539 Main St, City 43",Active,2020-01-01,Cardinal Health
DSH210043,Regional Medical Center 43,210043,Walgreens,"813 Main St, City 43",Active,2020-01-01,Cardinal Health
DSH210043,Regional Medical Center 43,210043,Walgreens,"487 Main St, City 43",Active,2020-01-01,Cardinal Health
DSH210043,Regional Medical Center 43,210043,Rite Aid,"348 Main St, City 43",Active,2020-01-01,McKesson
DSH210043,Regional Medical Center 43,210043,CVS Pharmacy,"806 Main St, City 43",Active,2020-01-01,McKesson
DSH210043,Regional Medical Center 43,210043,Walgreens,"514 Main St, City 43",Active,2020-01-01,Cardinal Health
DSH210043,Regional Medical Center 43,210043,Rite Aid,"451 Main St, City 43",Active,2020-01-01,McKesson
DSH210043,Regional Medical Center 43,210043,CVS Pharmacy,"938 Main St, City 43",Active,2020-01-01,McKesson
DSH210043,Regional Medical Center 43,210043,Rite Aid,"711 Main St, City 43",Active,2020-01-01,McKesson
DSH210043,Regional Medical Center 43,210043,CVS Pharmacy,"430 Main St, City 43",Active,2020-01-01,McKesson
DSH210043,Regional Medical Center 43,210043,Walgreens,"367 Main St, City 43",Active,2020-01-01,Cardinal Health
DSH210043,Regional Medical Center 43,210043,Walmart Pharmacy,"283 Main St, City 43",Active,2020-01-01,McKesson
DSH210043,Regional Medical Center 43,210043,Rite Aid,"444 Main St, City 43",Active,2020-01-01,McKesson
DSH210043,Regional Medical Center 43,210043,Rite Aid,"692 Main St, City 43",Active,2020-01-01,McKesson
DSH210043,Regional Medical Center 43,210043,Walgreens,"383 Main St, City 43",Active,2020-01-01,Cardinal Health
DSH210043,Regional Medical Center 43,210043,Walmart Pharmacy,"893 Main St, City 43",Active,2020-01-01,McKesson
DSH210043,Regional Medical Center 43,210043,Walgreens,"770 Main St, City 43",Active,2020-01-01,Cardinal Health
DSH210043,Regional Medical Center 43,210043,Walgreens,"994 Main St, City 43",Active,2020-01-01,Cardinal Health
DSH210043,Regional Medical Center 43,210043,Walgreens,"316 Main St, City 43",Active,2020-01-01,Cardinal Health
DSH210043,Regional Medical Center 43,210043,Walmart Pharmacy,"367 Main St, City 43",Active,2020-01-01,McKesson
DSH210043,Regional Medical Center 43,210043,CVS Pharmacy,"875 Main St, City 43",Active,2020-01-01,McKesson
DSH210043,Regional Medical Center 43,210043,Walgreens,"816 Main St, City 43",Active,2020-01-01,Cardinal Health
DSH210043,Regional Medical Center 43,210043,Walgreens,"213 Main St, City 43",Active,2020-01-01,Cardinal Health
DSH210043,Regional Medical Center 43,210043,Rite Aid,"566 Main St, City 43",Active,2020-01-01,McKesson
DSH210043,Regional Medical Center 43,210043,Rite Aid,"957 Main St, City 43",Active,2020-01-01,McKesson
DSH210043,Regional Medical Center 43,210043,Walmart Pharmacy,"573 Main St, City 43",Active,2020-01-01,McKesson
DSH210043,Regional Medical Center 43,210043,Walgreens,"674 Main St, City 43",Active,2020-01-01,Cardinal Health
DSH210043,Regional Medical Center 43,210043,Rite Aid,"504 Main St, City 43",Active,2020-01-01,McKesson
DSH210043,Regional Medical Center 43,210043,Walmart Pharmacy,"576 Main St, City 43",Active,2020-01-01,McKesson
DSH210043,Regional Medical Center 43,210043,Walmart Pharmacy,"629 Main St, City 43",Active,2020-01-01,McKesson
DSH210043,Regional Medical Center 43,210043,Walgreens,"734 Main St, City 43",Active,2020-01-01,Cardinal Health
DSH210043,Regional Medical Center 43,210043,Walmart Pharmacy,"978 Main St, City 43",Active,2020-01-01,McKesson
DSH210043,Regional Medical Center 43,210043,Walgreens,"943 Main St, City 43",Active,2020-01-01,Cardinal Health
DSH210043,Regional Medical Center 43,210043,Walmart Pharmacy,"354 Main St, City 43",Active,2020-01-01,McKesson
DSH210043,Regional Medical Center 43,210043,Rite Aid,"591 Main St, City 43",Active,2020-01-01,McKesson
DSH210043,Regional Medical Center 43,210043,Walgreens,"235 Main St, City 43",Active,2020-01-01,Cardinal Health
DSH210043,Regional Medical Center 43,210043,Walmart Pharmacy,"869 Main St, City 43",Active,2020-01-01,McKesson
DSH210043,Regional Medical Center 43,210043,Walmart Pharmacy,"886 Main St, City 43",Active,2020-01-01,McKesson
DSH210043,Regional Medical Center 43,210043,Walmart Pharmacy,"683 Main St, City 43",Active,2020-01-01,McKesson
DSH210043,Regional Medical Center 43,210043,Walmart Pharmacy,"829 Main St, City 43",Active,2020-01-01,McKesson
DSH210043,Regional Medical Center 43,210043,Rite Aid,"960 Main St, City 43",Active,2020-01-01,McKesson
DSH210043,Regional Medical Center 43,210043,Walgreens,"856 Main St, City 43",Active,2020-01-01,Cardinal Health
DSH210043,Regional Medical Center 43,210043,Walmart Pharmacy,"302 Main St, City 43",Active,2020-01-01,McKesson
DSH210043,Regional Medical Center 43,210043,CVS Pharmacy,"470 Main St, City 43",Active,2020-01-01,McKesson
DSH210043,Regional Medical Center 43,210043,Rite Aid,"860 Main St, City 43",Active,2020-01-01,McKesson
DSH210043,Regional Medical Center 43,210043,Walgreens,"886 Main St, City 43",Active,2020-01-01,Cardinal Health
DSH210043,Regional Medical Center 43,210043,Walmart Pharmacy,"258 Main St, City 43",Active,2020-01-01,McKesson
DSH210043,Regional Medical Center 43,210043,CVS Pharmacy,"270 Main St, City 43",Active,2020-01-01,McKesson
DSH210043,Regional Medical Center 43,210043,Walmart Pharmacy,"143 Main St, City 43",Active,2020-01-01,McKesson
DSH210043,Regional Medical Center 43,210043,CVS Pharmacy,"283 Main St, City 43",Active,2020-01-01,McKesson
DSH210043,Regional Medical Center 43,210043,Walgreens,"826 Main St, City 43",Active,2020-01-01,Cardinal Health
DSH210043,Regional Medical Center 43,210043,Walmart Pharmacy,"398 Main St, City 43",Active,2020-01-01,McKesson
DSH210043,Regional Medical Center 43,210043,Rite Aid,"253 Main St, City 43",Active,2020-01-01,McKesson
DSH210043,Regional Medical Center 43,210043,CVS Pharmacy,"113 Main St, City 43",Active,2020-01-01,McKesson
DSH210043,Regional Medical Center 43,210043,Rite Aid,"967 Main St, City 43",Active,2020-01-01,McKesson
DSH210043,Regional Medical Center 43,210043,Walmart Pharmacy,"926 Main St, City 43",Active,2020-01-01,McKesson
DSH210043,Regional Medical Center 43,210043,Walgreens,"999 Main St, City 43",Active,2020-01-01,Cardinal Health
DSH210043,Regional Medical Center 43,210043,Walgreens,"471 Main St, City 43",Active,2020-01-01,Cardinal Health
DSH210043,Regional Medical Center 43,210043,CVS Pharmacy,"925 Main St, City 43",Active,2020-01-01,McKesson
DSH210044,Hospital Center 44 - North,210044,Walgreens,"457 Main St, City 44",Active,2020-01-01,Cardinal Health
DSH210044,Hospital Center 44 - North,210044,Walgreens,"568 Main St, City 44",Active,2020-01-01,Cardinal Health
DSH210044,Hospital Center 44 - North,210044,Rite Aid,"154 Main St, City 44",Active,2020-01-01,McKesson
DSH210044,Hospital Center 44 - North,210044,Rite Aid,"840 Main St, City 44",Active,2020-01-01,McKesson
DSH210044,Hospital Center 44 - North,210044,Walmart Pharmacy,"193 Main St, City 44",Active,2020-01-01,McKesson
DSH210044,Hospital Center 44 - North,210044,Walgreens,"494 Main St, City 44",Active,2020-01-01,Cardinal Health
DSH210044,Hospital Center 44 - North,210044,Rite Aid,"321 Main St, City 44",Active,2020-01-01,McKesson
DSH210044,Hospital Center 44 - North,210044,Walmart Pharmacy,"370 Main St, City 44",Active,2020-01-01,McKesson
DSH210044,Hospital Center 44 - North,210044,Walmart Pharmacy,"588 Main St, City 44",Active,2020-01-01,McKesson
DSH210044,Hospital Center 44 - North,210044,Walmart Pharmacy,"392 Main St, City 44",Active,2020-01-01,McKesson
DSH210044,Hospital Center 44 - North,210044,Rite Aid,"137 Main St, City 44",Active,2020-01-01,McKesson
DSH210044,Hospital Center 44 - North,210044,Rite Aid,"795 Main St, City 44",Active,2020-01-01,McKesson
DSH210044,Hospital Center 44 - North,210044,Walgreens,"315 Main St, City 44",Active,2020-01-01,Cardinal Health
DSH210044,Hospital Center 44 - North,210044,CVS Pharmacy,"450 Main St, City 44",Active,2020-01-01,McKesson
DSH210044,Hospital Center 44 - North,210044,Walmart Pharmacy,"272 Main St, City 44",Active,2020-01-01,McKesson
DSH210044,Hospital Center 44 - North,210044,Walgreens,"262 Main St, City 44",Active,2020-01-01,Cardinal Health
DSH210045,Regional Medical Center 45,210045,Rite Aid,"520 Main St, City 45",Active,2020-01-01,McKesson
DSH210045,Regional Medical Center 45,210045,Walmart Pharmacy,"660 Main St, City 45",Active,2020-01-01,McKesson
DSH210045,Regional Medical Center 45,210045,CVS Pharmacy,"843 Main St, City 45",Active,2020-01-01,McKesson
DSH210045,Regional Medical Center 45,210045,Walgreens,"527 Main St, City 45",Active,2020-01-01,Cardinal Health
DSH210045,Regional Medical Center 45,210045,CVS Pharmacy,"675 Main St, City 45",Active,2020-01-01,McKesson
DSH210045,Regional Medical Center 45,210045,Walmart Pharmacy,"630 Main St, City 45",Active,2020-01-01,McKesson
DSH210045,Regional Medical Center 45,210045,Rite Aid,"518 Main St, City 45",Active,2020-01-01,McKesson
DSH210045,Regional Medical Center 45,210045,CVS Pharmacy,"134 Main St, City 45",Active,2020-01-01,McKesson
DSH210045,Regional Medical Center 45,210045,Walmart Pharmacy,"783 Main St, City 45",Active,2020-01-01,McKesson
DSH210045,Regional Medical Center 45,210045,Rite Aid,"619 Main St, City 45",Active,2020-01-01,McKesson
DSH210045,Regional Medical Center 45,210045,CVS Pharmacy,"936 Main St, City 45",Active,2020-01-01,McKesson
DSH210045,Regional Medical Center 45,210045,CVS Pharmacy,"364 Main St, City 45",Active,2020-01-01,McKesson
DSH210045,Regional Medical Center 45,210045,Walmart Pharmacy,"131 Main St, City 45",Active,2020-01-01,McKesson
DSH210045,Regional Medical Center 45,210045,CVS Pharmacy,"925 Main St, City 45",Active,2020-01-01,McKesson
DSH210045,Regional Medical Center 45,210045,Walmart Pharmacy,"632 Main St, City 45",Active,2020-01-01,McKesson
DSH210045,Regional Medical Center 45,210045,Walmart Pharmacy,"631 Main St, City 45",Active,2020-01-01,McKesson
DSH210045,Regional Medical Center 45,210045,Walgreens,"314 Main St, City 45",Active,2020-01-01,Cardinal Health
DSH210045,Regional Medical Center 45,210045,CVS Pharmacy,"851 Main St, City 45",Active,2020-01-01,McKesson
DSH210045,Regional Medical Center 45,210045,Rite Aid,"868 Main St, City 45",Active,2020-01-01,McKesson
DSH210045,Regional Medical Center 45,210045,Walmart Pharmacy,"423 Main St, City 45",Active,2020-01-01,McKesson
DSH210045,Regional Medical Center 45,210045,Walgreens,"972 Main St, City 45",Active,2020-01-01,Cardinal Health
DSH210045,Regional Medical Center 45,210045,Walmart Pharmacy,"618 Main St, City 45",Active,2020-01-01,McKesson
DSH210045,Regional Medical Center 45,210045,Walmart Pharmacy,"946 Main St, City 45",Active,2020-01-01,McKesson
DSH210045,Regional Medical Center 45,210045,Walgreens,"661 Main St, City 45",Active,2020-01-01,Cardinal Health
DSH210045,Regional Medical Center 45,210045,Walgreens,"855 Main St, City 45",Active,2020-01-01,Cardinal Health
DSH210045,Regional Medical Center 45,210045,Walmart Pharmacy,"123 Main St, City 45",Active,2020-01-01,McKesson
DSH210045,Regional Medical Center 45,210045,Rite Aid,"709 Main St, City 45",Active,2020-01-01,McKesson
DSH210045,Regional Medical Center 45,210045,Rite Aid,"315 Main St, City 45",Active,2020-01-01,McKesson
DSH210045,Regional Medical Center 45,210045,Rite Aid,"897 Main St, City 45",Active,2020-01-01,McKesson
DSH210045,Regional Medical Center 45,210045,CVS Pharmacy,"953 Main St, City 45",Active,2020-01-01,McKesson
DSH210045,Regional Medical Center 45,210045,CVS Pharmacy,"788 Main St, City 45",Active,2020-01-01,McKesson
DSH210045,Regional Medical Center 45,210045,Rite Aid,"891 Main St, City 45",Active,2020-01-01,McKesson
DSH210045,Regional Medical Center 45,210045,Walgreens,"376 Main St, City 45",Active,2020-01-01,Cardinal Health
DSH210045,Regional Medical Center 45,210045,Walgreens,"103 Main St, City 45",Active,2020-01-01,Cardinal Health
DSH210045,Regional Medical Center 45,210045,Walgreens,"458 Main St, City 45",Active,2020-01-01,Cardinal Health
DSH210045,Regional Medical Center 45,210045,Walgreens,"153 Main St, City 45",Active,2020-01-01,Cardinal Health
DSH210045,Regional Medical Center 45,210045,Walgreens,"199 Main St, City 45",Active,2020-01-01,Cardinal Health
DSH210045,Regional Medical Center 45,210045,CVS Pharmacy,"738 Main St, City 45",Active,2020-01-01,McKesson
DSH210045,Regional Medical Center 45,210045,Rite Aid,"832 Main St, City 45",Active,2020-01-01,McKesson
DSH210045,Regional Medical Center 45,210045,CVS Pharmacy,"856 Main St, City 45",Active,2020-01-01,McKesson
DSH210045,Regional Medical Center 45,210045,Walmart Pharmacy,"974 Main St, City 45",Active,2020-01-01,McKesson
DSH210045,Regional Medical Center 45,210045,Walmart Pharmacy,"451 Main St, City 45",Active,2020-01-01,McKesson
DSH210045,Regional Medical Center 45,210045,Rite Aid,"547 Main St, City 45",Active,2020-01-01,McKesson
DSH210045,Regional Medical Center 45,210045,Rite Aid,"459 Main St, City 45",Active,2020-01-01,McKesson
DSH210045,Regional Medical Center 45,210045,CVS Pharmacy,"945 Main St, City 45",Active,2020-01-01,McKesson
DSH210045,Regional Medical Center 45,210045,Walgreens,"447 Main St, City 45",Active,2020-01-01,Cardinal Health
DSH210045,Regional Medical Center 45,210045,CVS Pharmacy,"557 Main St, City 45",Active,2020-01-01,McKesson
DSH210045,Regional Medical Center 45,210045,Rite Aid,"393 Main St, City 45",Active,2020-01-01,McKesson
DSH210045,Regional Medical Center 45,210045,Rite Aid,"609 Main St, City 45",Active,2020-01-01,McKesson
DSH210045,Regional Medical Center 45,210045,Rite Aid,"861 Main St, City 45",Active,2020-01-01,McKesson
DSH210045,Regional Medical Center 45,210045,Rite Aid,"571 Main St, City 45",Active,2020-01-01,McKesson
DSH210045,Regional Medical Center 45,210045,Rite Aid,"115 Main St, City 45",Active,2020-01-01,McKesson
DSH210045,Regional Medical Center 45,210045,Walgreens,"470 Main St, City 45",Active,2020-01-01,Cardinal Health
DSH210045,Regional Medical Center 45,210045,Walgreens,"308 Main St, City 45",Active,2020-01-01,Cardinal Health
DSH210045,Regional Medical Center 45,210045,Walgreens,"433 Main St, City 45",Active,2020-01-01,Cardinal Health
DSH210045,Regional Medical Center 45,210045,Walmart Pharmacy,"561 Main St, City 45",Active,2020-01-01,McKesson
DSH210045,Regional Medical Center 45,210045,CVS Pharmacy,"571 Main St, City 45",Active,2020-01-01,McKesson
DSH210045,Regional Medical Center 45,210045,Walmart Pharmacy,"971 Main St, City 45",Active,2020-01-01,McKesson
DSH210045,Regional Medical Center 45,210045,Walmart Pharmacy,"187 Main St, City 45",Active,2020-01-01,McKesson
DSH210045,Regional Medical Center 45,210045,CVS Pharmacy,"600 Main St, City 45",Active,2020-01-01,McKesson
DSH210045,Regional Medical Center 45,210045,Rite Aid,"743 Main St, City 45",Active,2020-01-01,McKesson
DSH210045,Regional Medical Center 45,210045,Walmart Pharmacy,"993 Main St, City 45",Active,2020-01-01,McKesson
DSH210045,Regional Medical Center 45,210045,CVS Pharmacy,"576 Main St, City 45",Active,2020-01-01,McKesson
DSH210045,Regional Medical Center 45,210045,CVS Pharmacy,"593 Main St, City 45",Active,2020-01-01,McKesson
DSH210045,Regional Medical Center 45,210045,Walgreens,"891 Main St, City 45",Active,2020-01-01,Cardinal Health
DSH210045,Regional Medical Center 45,210045,Walgreens,"282 Main St, City 45",Active,2020-01-01,Cardinal Health
DSH210045,Regional Medical Center 45,210045,CVS Pharmacy,"417 Main St, City 45",Active,2020-01-01,McKesson
DSH210045,Regional Medical Center 45,210045,CVS Pharmacy,"795 Main St, City 45",Active,2020-01-01,McKesson
DSH210045,Regional Medical Center 45,210045,Walgreens,"413 Main St, City 45",Active,2020-01-01,Cardinal Health
DSH210045,Regional Medical Center 45,210045,Rite Aid,"120 Main St, City 45",Active,2020-01-01,McKesson
DSH210045,Regional Medical Center 45,210045,Rite Aid,"623 Main St, City 45",Active,2020-01-01,McKesson
DSH210045,Regional Medical Center 45,210045,Rite Aid,"103 Main St, City 45",Active,2020-01-01,McKesson
DSH210045,Regional Medical Center 45,210045,Rite Aid,"351 Main St, City 45",Active,2020-01-01,McKesson
DSH210045,Regional Medical Center 45,210045,CVS Pharmacy,"912 Main St, City 45",Active,2020-01-01,McKesson
DSH210045,Regional Medical Center 45,210045,Rite Aid,"626 Main St, City 45",Active,2020-01-01,McKesson
DSH210045,Regional Medical Center 45,210045,Rite Aid,"658 Main St, City 45",Active,2020-01-01,McKesson
DSH210045,Regional Medical Center 45,210045,Rite Aid,"628 Main St, City 45",Active,2020-01-01,McKesson
DSH210045,Regional Medical Center 45,210045,Walgreens,"756 Main St, City 45",Active,2020-01-01,Cardinal Health
DSH210045,Regional Medical Center 45,210045,CVS Pharmacy,"641 Main St, City 45",Active,2020-01-01,McKesson
DSH210045,Regional Medical Center 45,210045,Walgreens,"418 Main St, City 45",Active,2020-01-01,Cardinal Health
DSH210045,Regional Medical Center 45,210045,Walgreens,"360 Main St, City 45",Active,2020-01-01,Cardinal Health
DSH210045,Regional Medical Center 45,210045,Rite Aid,"208 Main St, City 45",Active,2020-01-01,McKesson
DSH210045,Regional Medical Center 45,210045,Walgreens,"597 Main St, City 45",Active,2020-01-01,Cardinal Health
DSH210045,Regional Medical Center 45,210045,Rite Aid,"752 Main St, City 45",Active,2020-01-01,McKesson
DSH210045,Regional Medical Center 45,210045,Walmart Pharmacy,"197 Main St, City 45",Active,2020-01-01,McKesson
DSH210045,Regional Medical Center 45,210045,Walgreens,"899 Main St, City 45",Active,2020-01-01,Cardinal Health
DSH210045,Regional Medical Center 45,210045,Walgreens,"661 Main St, City 45",Active,2020-01-01,Cardinal Health
DSH210045,Regional Medical Center 45,210045,Rite Aid,"964 Main St, City 45",Active,2020-01-01,McKesson
DSH210045,Regional Medical Center 45,210045,Rite Aid,"430 Main St, City 45",Active,2020-01-01,McKesson
DSH210046,Hospital Center 46 - North,210046,Rite Aid,"307 Main St, City 46",Active,2020-01-01,McKesson
DSH210046,Hospital Center 46 - North,210046,CVS Pharmacy,"770 Main St, City 46",Active,2020-01-01,McKesson
DSH210046,Hospital Center 46 - North,210046,Walgreens,"401 Main St, City 46",Active,2020-01-01,Cardinal Health
DSH210046,Hospital Center 46 - North,210046,Walgreens,"235 Main St, City 46",Active,2020-01-01,Cardinal Health
DSH210046,Hospital Center 46 - North,210046,CVS Pharmacy,"631 Main St, City 46",Active,2020-01-01,McKesson
DSH210046,Hospital Center 46 - North,210046,CVS Pharmacy,"227 Main St, City 46",Active,2020-01-01,McKesson
DSH210046,Hospital Center 46 - North,210046,Walmart Pharmacy,"947 Main St, City 46",Active,2020-01-01,McKesson
DSH210046,Hospital Center 46 - North,210046,Rite Aid,"149 Main St, City 46",Active,2020-01-01,McKesson
DSH210046,Hospital Center 46 - North,210046,Rite Aid,"908 Main St, City 46",Active,2020-01-01,McKesson
DSH210046,Hospital Center 46 - North,210046,Walgreens,"979 Main St, City 46",Active,2020-01-01,Cardinal Health
DSH210046,Hospital Center 46 - North,210046,CVS Pharmacy,"116 Main St, City 46",Active,2020-01-01,McKesson
DSH210046,Hospital Center 46 - North,210046,Walmart Pharmacy,"804 Main St, City 46",Active,2020-01-01,McKesson
DSH210046,Hospital Center 46 - North,210046,Rite Aid,"355 Main St, City 46",Active,2020-01-01,McKesson
DSH210046,Hospital Center 46 - North,210046,Walgreens,"430 Main St, City 46",Active,2020-01-01,Cardinal Health
DSH210046,Hospital Center 46 - North,210046,Walgreens,"626 Main St, City 46",Active,2020-01-01,Cardinal Health
DSH210046,Hospital Center 46 - North,210046,Walgreens,"252 Main St, City 46",Active,2020-01-01,Cardinal Health
DSH210046,Hospital Center 46 - North,210046,Walgreens,"833 Main St, City 46",Active,2020-01-01,Cardinal Health
DSH210046,Hospital Center 46 - North,210046,Walgreens,"575 Main St, City 46",Active,2020-01-01,Cardinal Health
DSH210046,Hospital Center 46 - North,210046,Walgreens,"393 Main St, City 46",Active,2020-01-01,Cardinal Health
DSH210046,Hospital Center 46 - North,210046,Walmart Pharmacy,"132 Main St, City 46",Active,2020-01-01,McKesson
DSH210046,Hospital Center 46 - North,210046,Walgreens,"997 Main St, City 46",Active,2020-01-01,Cardinal Health
DSH210046,Hospital Center 46 - North,210046,CVS Pharmacy,"433 Main St, City 46",Active,2020-01-01,McKesson
DSH210046,Hospital Center 46 - North,210046,Rite Aid,"473 Main St, City 46",Active,2020-01-01,McKesson
DSH210046,Hospital Center 46 - North,210046,Walmart Pharmacy,"387 Main St, City 46",Active,2020-01-01,McKesson
DSH210046,Hospital Center 46 - North,210046,Walmart Pharmacy,"541 Main St, City 46",Active,2020-01-01,McKesson
DSH210046,Hospital Center 46 - North,210046,Rite Aid,"742 Main St, City 46",Active,2020-01-01,McKesson
DSH210046,Hospital Center 46 - North,210046,Walgreens,"119 Main St, City 46",Active,2020-01-01,Cardinal Health
DSH210046,Hospital Center 46 - North,210046,Walmart Pharmacy,"758 Main St, City 46",Active,2020-01-01,McKesson
DSH210046,Hospital Center 46 - North,210046,Walgreens,"963 Main St, City 46",Active,2020-01-01,Cardinal Health
DSH210046,Hospital Center 46 - North,210046,Rite Aid,"745 Main St, City 46",Active,2020-01-01,McKesson
DSH210046,Hospital Center 46 - North,210046,Walgreens,"678 Main St, City 46",Active,2020-01-01,Cardinal Health
DSH210046,Hospital Center 46 - North,210046,Walgreens,"466 Main St, City 46",Active,2020-01-01,Cardinal Health
DSH210046,Hospital Center 46 - North,210046,Walgreens,"908 Main St, City 46",Active,2020-01-01,Cardinal Health
DSH210046,Hospital Center 46 - North,210046,Rite Aid,"138 Main St, City 46",Active,2020-01-01,McKesson
DSH210046,Hospital Center 46 - North,210046,Rite Aid,"749 Main St, City 46",Active,2020-01-01,McKesson
DSH210046,Hospital Center 46 - North,210046,CVS Pharmacy,"848 Main St, City 46",Active,2020-01-01,McKesson
DSH210046,Hospital Center 46 - North,210046,CVS Pharmacy,"176 Main St, City 46",Active,2020-01-01,McKesson
DSH210046,Hospital Center 46 - North,210046,Walgreens,"898 Main St, City 46",Active,2020-01-01,Cardinal Health
DSH210046,Hospital Center 46 - North,210046,Walgreens,"417 Main St, City 46",Active,2020-01-01,Cardinal Health
DSH210046,Hospital Center 46 - North,210046,Walgreens,"975 Main St, City 46",Active,2020-01-01,Cardinal Health
DSH210046,Hospital Center 46 - North,210046,CVS Pharmacy,"614 Main St, City 46",Active,2020-01-01,McKesson
DSH210046,Hospital Center 46 - North,210046,Walgreens,"443 Main St, City 46",Active,2020-01-01,Cardinal Health
DSH210046,Hospital Center 46 - North,210046,CVS Pharmacy,"433 Main St, City 46",Active,2020-01-01,McKesson
DSH210046,Hospital Center 46 - North,210046,Walgreens,"673 Main St, City 46",Active,2020-01-01,Cardinal Health
DSH210046,Hospital Center 46 - North,210046,CVS Pharmacy,"135 Main St, City 46",Active,2020-01-01,McKesson
DSH210046,Hospital Center 46 - North,210046,Walgreens,"771 Main St, City 46",Active,2020-01-01,Cardinal Health
DSH210046,Hospital Center 46 - North,210046,Walmart Pharmacy,"681 Main St, City 46",Active,2020-01-01,McKesson
DSH210046,Hospital Center 46 - North,210046,Walgreens,"197 Main St, City 46",Active,2020-01-01,Cardinal Health
DSH210046,Hospital Center 46 - North,210046,CVS Pharmacy,"134 Main St, City 46",Active,2020-01-01,McKesson
DSH210046,Hospital Center 46 - North,210046,Rite Aid,"874 Main St, City 46",Active,2020-01-01,McKesson
DSH210046,Hospital Center 46 - North,210046,Walgreens,"959 Main St, City 46",Active,2020-01-01,Cardinal Health
DSH210046,Hospital Center 46 - North,210046,Rite Aid,"137 Main St, City 46",Active,2020-01-01,McKesson
DSH210046,Hospital Center 46 - North,210046,Walmart Pharmacy,"926 Main St, City 46",Active,2020-01-01,McKesson
DSH210046,Hospital Center 46 - North,210046,Walgreens,"165 Main St, City 46",Active,2020-01-01,Cardinal Health
DSH210046,Hospital Center 46 - North,210046,Walmart Pharmacy,"222 Main St, City 46",Active,2020-01-01,McKesson
DSH210046,Hospital Center 46 - North,210046,Rite Aid,"178 Main St, City 46",Active,2020-01-01,McKesson
DSH210046,Hospital Center 46 - North,210046,CVS Pharmacy,"251 Main St, City 46",Active,2020-01-01,McKesson
DSH210046,Hospital Center 46 - North,210046,Walmart Pharmacy,"316 Main St, City 46",Active,2020-01-01,McKesson
DSH210046,Hospital Center 46 - North,210046,Walmart Pharmacy,"677 Main St, City 46",Active,2020-01-01,McKesson
DSH210046,Hospital Center 46 - North,210046,Walgreens,"945 Main St, City 46",Active,2020-01-01,Cardinal Health
DSH210046,Hospital Center 46 - North,210046,Walgreens,"287 Main St, City 46",Active,2020-01-01,Cardinal Health
DSH210046,Hospital Center 46 - North,210046,Walgreens,"119 Main St, City 46",Active,2020-01-01,Cardinal Health
DSH210046,Hospital Center 46 - North,210046,Walmart Pharmacy,"714 Main St, City 46",Active,2020-01-01,McKesson
DSH210046,Hospital Center 46 - North,210046,Walgreens,"825 Main St, City 46",Active,2020-01-01,Cardinal Health
DSH210046,Hospital Center 46 - North,210046,Rite Aid,"434 Main St, City 46",Active,2020-01-01,McKesson
DSH210046,Hospital Center 46 - North,210046,Walgreens,"586 Main St, City 46",Active,2020-01-01,Cardinal Health
DSH210046,Hospital Center 46 - North,210046,Rite Aid,"839 Main St, City 46",Active,2020-01-01,McKesson
DSH210046,Hospital Center 46 - North,210046,Walgreens,"134 Main St, City 46",Active,2020-01-01,Cardinal Health
DSH210046,Hospital Center 46 - North,210046,Rite Aid,"461 Main St, City 46",Active,2020-01-01,McKesson
DSH210046,Hospital Center 46 - North,210046,Rite Aid,"405 Main St, City 46",Active,2020-01-01,McKesson
DSH210046,Hospital Center 46 - North,210046,Walmart Pharmacy,"105 Main St, City 46",Active,2020-01-01,McKesson
DSH210046,Hospital Center 46 - North,210046,Rite Aid,"788 Main St, City 46",Active,2020-01-01,McKesson
DSH210046,Hospital Center 46 - North,210046,Rite Aid,"648 Main St, City 46",Active,2020-01-01,McKesson
DSH210046,Hospital Center 46 - North,210046,Walgreens,"903 Main St, City 46",Active,2020-01-01,Cardinal Health
DSH210046,Hospital Center 46 - North,210046,Walgreens,"673 Main St, City 46",Active,2020-01-01,Cardinal Health
DSH210046,Hospital Center 46 - North,210046,Walmart Pharmacy,"700 Main St, City 46",Active,2020-01-01,McKesson
DSH210046,Hospital Center 46 - North,210046,Walmart Pharmacy,"569 Main St, City 46",Active,2020-01-01,McKesson
DSH210046,Hospital Center 46 - North,210046,CVS Pharmacy,"387 Main St, City 46",Active,2020-01-01,McKesson
DSH210046,Hospital Center 46 - North,210046,Walmart Pharmacy,"554 Main St, City 46",Active,2020-01-01,McKesson
DSH210046,Hospital Center 46 - North,210046,Walgreens,"397 Main St, City 46",Active,2020-01-01,Cardinal Health
DSH210046,Hospital Center 46 - North,210046,Walgreens,"199 Main St, City 46",Active,2020-01-01,Cardinal Health
DSH210046,Hospital Center 46 - North,210046,Walmart Pharmacy,"801 Main St, City 46",Active,2020-01-01,McKesson
DSH210046,Hospital Center 46 - North,210046,Rite Aid,"778 Main St, City 46",Active,2020-01-01,McKesson
DSH210046,Hospital Center 46 - North,210046,CVS Pharmacy,"247 Main St, City 46",Active,2020-01-01,McKesson
DSH210046,Hospital Center 46 - North,210046,Walmart Pharmacy,"363 Main St, City 46",Active,2020-01-01,McKesson
DSH210046,Hospital Center 46 - North,210046,Walgreens,"937 Main St, City 46",Active,2020-01-01,Cardinal Health
DSH210046,Hospital Center 46 - North,210046,Rite Aid,"486 Main St, City 46",Active,2020-01-01,McKesson
DSH210046,Hospital Center 46 - North,210046,Rite Aid,"253 Main St, City 46",Active,2020-01-01,McKesson
DSH210046,Hospital Center 46 - North,210046,CVS Pharmacy,"725 Main St, City 46",Active,2020-01-01,McKesson
DSH210046,Hospital Center 46 - North,210046,Walmart Pharmacy,"710 Main St, City 46",Active,2020-01-01,McKesson
DSH210046,Hospital Center 46 - North,210046,Walmart Pharmacy,"766 Main St, City 46",Active,2020-01-01,McKesson
DSH210047,Regional Medical Center 47,210047,Walmart Pharmacy,"347 Main St, City 47",Active,2020-01-01,McKesson
DSH210047,Regional Medical Center 47,210047,Walmart Pharmacy,"291 Main St, City 47",Active,2020-01-01,McKesson
DSH210047,Regional Medical Center 47,210047,CVS Pharmacy,"283 Main St, City 47",Active,2020-01-01,McKesson
DSH210047,Regional Medical Center 47,210047,CVS Pharmacy,"958 Main St, City 47",Active,2020-01-01,McKesson
DSH210047,Regional Medical Center 47,210047,Walgreens,"802 Main St, City 47",Active,2020-01-01,Cardinal Health
DSH210047,Regional Medical Center 47,210047,CVS Pharmacy,"536 Main St, City 47",Active,2020-01-01,McKesson
DSH210047,Regional Medical Center 47,210047,Walmart Pharmacy,"880 Main St, City 47",Active,2020-01-01,McKesson
DSH210047,Regional Medical Center 47,210047,Rite Aid,"427 Main St, City 47",Active,2020-01-01,McKesson
DSH210047,Regional Medical Center 47,210047,Walmart Pharmacy,"383 Main St, City 47",Active,2020-01-01,McKesson
DSH210047,Regional Medical Center 47,210047,Walgreens,"448 Main St, City 47",Active,2020-01-01,Cardinal Health
DSH210047,Regional Medical Center 47,210047,Walmart Pharmacy,"820 Main St, City 47",Active,2020-01-01,McKesson
DSH210047,Regional Medical Center 47,210047,CVS Pharmacy,"302 Main St, City 47",Active,2020-01-01,McKesson
DSH210047,Regional Medical Center 47,210047,CVS Pharmacy,"856 Main St, City 47",Active,2020-01-01,McKesson
DSH210047,Regional Medical Center 47,210047,Walmart Pharmacy,"787 Main St, City 47",Active,2020-01-01,McKesson
DSH210047,Regional Medical Center 47,210047,Walmart Pharmacy,"630 Main St, City 47",Active,2020-01-01,McKesson
DSH210047,Regional Medical Center 47,210047,Walgreens,"658 Main St, City 47",Active,2020-01-01,Cardinal Health
DSH210047,Regional Medical Center 47,210047,Rite Aid,"452 Main St, City 47",Active,2020-01-01,McKesson
DSH210047,Regional Medical Center 47,210047,Walmart Pharmacy,"597 Main St, City 47",Active,2020-01-01,McKesson
DSH210047,Regional Medical Center 47,210047,CVS Pharmacy,"264 Main St, City 47",Active,2020-01-01,McKesson
DSH210047,Regional Medical Center 47,210047,Walgreens,"513 Main St, City 47",Active,2020-01-01,Cardinal Health
DSH210047,Regional Medical Center 47,210047,Walmart Pharmacy,"313 Main St, City 47",Active,2020-01-01,McKesson
DSH210047,Regional Medical Center 47,210047,Rite Aid,"818 Main St, City 47",Active,2020-01-01,McKesson
DSH210047,Regional Medical Center 47,210047,Walmart Pharmacy,"389 Main St, City 47",Active,2020-01-01,McKesson
DSH210047,Regional Medical Center 47,210047,Walgreens,"775 Main St, City 47",Active,2020-01-01,Cardinal Health
DSH210047,Regional Medical Center 47,210047,Walgreens,"648 Main St, City 47",Active,2020-01-01,Cardinal Health
DSH210047,Regional Medical Center 47,210047,Walgreens,"813 Main St, City 47",Active,2020-01-01,Cardinal Health
DSH210047,Regional Medical Center 47,210047,Walmart Pharmacy,"318 Main St, City 47",Active,2020-01-01,McKesson
DSH210047,Regional Medical Center 47,210047,Rite Aid,"668 Main St, City 47",Active,2020-01-01,McKesson
DSH210047,Regional Medical Center 47,210047,CVS Pharmacy,"608 Main St, City 47",Active,2020-01-01,McKesson
DSH210047,Regional Medical Center 47,210047,Rite Aid,"751 Main St, City 47",Active,2020-01-01,McKesson
DSH210047,Regional Medical Center 47,210047,Walmart Pharmacy,"140 Main St, City 47",Active,2020-01-01,McKesson
DSH210047,Regional Medical Center 47,210047,Rite Aid,"890 Main St, City 47",Active,2020-01-01,McKesson
DSH210047,Regional Medical Center 47,210047,Walmart Pharmacy,"748 Main St, City 47",Active,2020-01-01,McKesson
DSH210047,Regional Medical Center 47,210047,Walmart Pharmacy,"372 Main St, City 47",Active,2020-01-01,McKesson
DSH210047,Regional Medical Center 47,210047,CVS Pharmacy,"592 Main St, City 47",Active,2020-01-01,McKesson
DSH210047,Regional Medical Center 47,210047,Walgreens,"828 Main St, City 47",Active,2020-01-01,Cardinal Health
DSH210047,Regional Medical Center 47,210047,Rite Aid,"818 Main St, City 47",Active,2020-01-01,McKesson
DSH210047,Regional Medical Center 47,210047,CVS Pharmacy,"104 Main St, City 47",Active,2020-01-01,McKesson
DSH210047,Regional Medical Center 47,210047,Walgreens,"617 Main St, City 47",Active,2020-01-01,Cardinal Health
DSH210047,Regional Medical Center 47,210047,Walgreens,"343 Main St, City 47",Active,2020-01-01,Cardinal Health
DSH210047,Regional Medical Center 47,210047,CVS Pharmacy,"671 Main St, City 47",Active,2020-01-01,McKesson
DSH210047,Regional Medical Center 47,210047,Walmart Pharmacy,"772 Main St, City 47",Active,2020-01-01,McKesson
DSH210047,Regional Medical Center 47,210047,CVS Pharmacy,"961 Main St, City 47",Active,2020-01-01,McKesson
DSH210047,Regional Medical Center 47,210047,Walmart Pharmacy,"817 Main St, City 47",Active,2020-01-01,McKesson
DSH210047,Regional Medical Center 47,210047,Walgreens,"913 Main St, City 47",Active,2020-01-01,Cardinal Health
DSH210047,Regional Medical Center 47,210047,CVS Pharmacy,"274 Main St, City 47",Active,2020-01-01,McKesson
DSH210047,Regional Medical Center 47,210047,Rite Aid,"184 Main St, City 47",Active,2020-01-01,McKesson
DSH210047,Regional Medical Center 47,210047,Walmart Pharmacy,"776 Main St, City 47",Active,2020-01-01,McKesson
DSH210047,Regional Medical Center 47,210047,CVS Pharmacy,"105 Main St, City 47",Active,2020-01-01,McKesson
DSH210047,Regional Medical Center 47,210047,Walgreens,"555 Main St, City 47",Active,2020-01-01,Cardinal Health
DSH210047,Regional Medical Center 47,210047,Walmart Pharmacy,"425 Main St, City 47",Active,2020-01-01,McKesson
DSH210047,Regional Medical Center 47,210047,Rite Aid,"678 Main St, City 47",Active,2020-01-01,McKesson
DSH210047,Regional Medical Center 47,210047,Walgreens,"186 Main St, City 47",Active,2020-01-01,Cardinal Health
DSH210047,Regional Medical Center 47,210047,Walgreens,"203 Main St, City 47",Active,2020-01-01,Cardinal Health
DSH210047,Regional Medical Center 47,210047,Rite Aid,"994 Main St, City 47",Active,2020-01-01,McKesson
DSH210047,Regional Medical Center 47,210047,CVS Pharmacy,"373 Main St, City 47",Active,2020-01-01,McKesson
DSH210047,Regional Medical Center 47,210047,Rite Aid,"481 Main St, City 47",Active,2020-01-01,McKesson
DSH210047,Regional Medical Center 47,210047,Rite Aid,"790 Main St, City 47",Active,2020-01-01,McKesson
DSH210048,Hospital Center 48 - North,210048,CVS Pharmacy,"129 Main St, City 48",Active,2020-01-01,McKesson
DSH210048,Hospital Center 48 - North,210048,Walmart Pharmacy,"495 Main St, City 48",Active,2020-01-01,McKesson
DSH210048,Hospital Center 48 - North,210048,Walgreens,"572 Main St, City 48",Active,2020-01-01,Cardinal Health
DSH210048,Hospital Center 48 - North,210048,Rite Aid,"971 Main St, City 48",Active,2020-01-01,McKesson
DSH210048,Hospital Center 48 - North,210048,Rite Aid,"100 Main St, City 48",Active,2020-01-01,McKesson
DSH210048,Hospital Center 48 - North,210048,CVS Pharmacy,"710 Main St, City 48",Active,2020-01-01,McKesson
DSH210048,Hospital Center 48 - North,210048,Rite Aid,"872 Main St, City 48",Active,2020-01-01,McKesson
DSH210048,Hospital Center 48 - North,210048,Walmart Pharmacy,"802 Main St, City 48",Active,2020-01-01,McKesson
DSH210048,Hospital Center 48 - North,210048,Walgreens,"428 Main St, City 48",Active,2020-01-01,Cardinal Health
DSH210048,Hospital Center 48 - North,210048,Walmart Pharmacy,"368 Main St, City 48",Active,2020-01-01,McKesson
DSH210048,Hospital Center 48 - North,210048,Walmart Pharmacy,"398 Main St, City 48",Active,2020-01-01,McKesson
DSH210048,Hospital Center 48 - North,210048,CVS Pharmacy,"661 Main St, City 48",Active,2020-01-01,McKesson
DSH210048,Hospital Center 48 - North,210048,Walmart Pharmacy,"396 Main St, City 48",Active,2020-01-01,McKesson
DSH210048,Hospital Center 48 - North,210048,CVS Pharmacy,"889 Main St, City 48",Active,2020-01-01,McKesson
DSH210048,Hospital Center 48 - North,210048,CVS Pharmacy,"252 Main St, City 48",Active,2020-01-01,McKesson
DSH210048,Hospital Center 48 - North,210048,Walgreens,"810 Main St, City 48",Active,2020-01-01,Cardinal Health
DSH210048,Hospital Center 48 - North,210048,Walmart Pharmacy,"665 Main St, City 48",Active,2020-01-01,McKesson
DSH210048,Hospital Center 48 - North,210048,Walmart Pharmacy,"618 Main St, City 48",Active,2020-01-01,McKesson
DSH210048,Hospital Center 48 - North,210048,CVS Pharmacy,"172 Main St, City 48",Active,2020-01-01,McKesson
DSH210048,Hospital Center 48 - North,210048,Walgreens,"336 Main St, City 48",Active,2020-01-01,Cardinal Health
DSH210048,Hospital Center 48 - North,210048,Walgreens,"702 Main St, City 48",Active,2020-01-01,Cardinal Health
DSH210048,Hospital Center 48 - North,210048,Walgreens,"707 Main St, City 48",Active,2020-01-01,Cardinal Health
DSH210048,Hospital Center 48 - North,210048,Walgreens,"593 Main St, City 48",Active,2020-01-01,Cardinal Health
DSH210048,Hospital Center 48 - North,210048,Walgreens,"680 Main St, City 48",Active,2020-01-01,Cardinal Health
DSH210048,Hospital Center 48 - North,210048,Rite Aid,"815 Main St, City 48",Active,2020-01-01,McKesson
DSH210048,Hospital Center 48 - North,210048,Walmart Pharmacy,"462 Main St, City 48",Active,2020-01-01,McKesson
DSH210048,Hospital Center 48 - North,210048,CVS Pharmacy,"222 Main St, City 48",Active,2020-01-01,McKesson
DSH210048,Hospital Center 48 - North,210048,Walmart Pharmacy,"232 Main St, City 48",Active,2020-01-01,McKesson
DSH210048,Hospital Center 48 - North,210048,Rite Aid,"238 Main St, City 48",Active,2020-01-01,McKesson
DSH210048,Hospital Center 48 - North,210048,Rite Aid,"218 Main St, City 48",Active,2020-01-01,McKesson
DSH210048,Hospital Center 48 - North,210048,CVS Pharmacy,"769 Main St, City 48",Active,2020-01-01,McKesson
DSH210048,Hospital Center 48 - North,210048,Walmart Pharmacy,"905 Main St, City 48",Active,2020-01-01,McKesson
DSH210048,Hospital Center 48 - North,210048,Rite Aid,"874 Main St, City 48",Active,2020-01-01,McKesson
DSH210048,Hospital Center 48 - North,210048,Walmart Pharmacy,"204 Main St, City 48",Active,2020-01-01,McKesson
DSH210048,Hospital Center 48 - North,210048,Walmart Pharmacy,"847 Main St, City 48",Active,2020-01-01,McKesson
DSH210048,Hospital Center 48 - North,210048,Walmart Pharmacy,"212 Main St, City 48",Active,2020-01-01,McKesson
DSH210048,Hospital Center 48 - North,210048,Rite Aid,"889 Main St, City 48",Active,2020-01-01,McKesson
DSH210048,Hospital Center 48 - North,210048,Rite Aid,"151 Main St, City 48",Active,2020-01-01,McKesson
DSH210048,Hospital Center 48 - North,210048,Rite Aid,"236 Main St, City 48",Active,2020-01-01,McKesson
DSH210048,Hospital Center 48 - North,210048,Walgreens,"224 Main St, City 48",Active,2020-01-01,Cardinal Health
DSH210048,Hospital Center 48 - North,210048,Walmart Pharmacy,"951 Main St, City 48",Active,2020-01-01,McKesson
DSH210048,Hospital Center 48 - North,210048,CVS Pharmacy,"940 Main St, City 48",Active,2020-01-01,McKesson
DSH210048,Hospital Center 48 - North,210048,Walmart Pharmacy,"816 Main St, City 48",Active,2020-01-01,McKesson
DSH210048,Hospital Center 48 - North,210048,Rite Aid,"583 Main St, City 48",Active,2020-01-01,McKesson
DSH210048,Hospital Center 48 - North,210048,Walgreens,"318 Main St, City 48",Active,2020-01-01,Cardinal Health
DSH210048,Hospital Center 48 - North,210048,Rite Aid,"986 Main St, City 48",Active,2020-01-01,McKesson
DSH210048,Hospital Center 48 - North,210048,CVS Pharmacy,"183 Main St, City 48",Active,2020-01-01,McKesson
DSH210048,Hospital Center 48 - North,210048,Rite Aid,"741 Main St, City 48",Active,2020-01-01,McKesson
DSH210048,Hospital Center 48 - North,210048,Rite Aid,"927 Main St, City 48",Active,2020-01-01,McKesson
DSH210048,Hospital Center 48 - North,210048,CVS Pharmacy,"843 Main St, City 48",Active,2020-01-01,McKesson
DSH210048,Hospital Center 48 - North,210048,CVS Pharmacy,"511 Main St, City 48",Active,2020-01-01,McKesson
DSH210048,Hospital Center 48 - North,210048,CVS Pharmacy,"598 Main St, City 48",Active,2020-01-01,McKesson
DSH210048,Hospital Center 48 - North,210048,CVS Pharmacy,"119 Main St, City 48",Active,2020-01-01,McKesson
DSH210048,Hospital Center 48 - North,210048,Rite Aid,"693 Main St, City 48",Active,2020-01-01,McKesson
DSH210048,Hospital Center 48 - North,210048,CVS Pharmacy,"846 Main St, City 48",Active,2020-01-01,McKesson
DSH210048,Hospital Center 48 - North,210048,Rite Aid,"967 Main St, City 48",Active,2020-01-01,McKesson
DSH210048,Hospital Center 48 - North,210048,Walmart Pharmacy,"592 Main St, City 48",Active,2020-01-01,McKesson
DSH210048,Hospital Center 48 - North,210048,Walmart Pharmacy,"158 Main St, City 48",Active,2020-01-01,McKesson
DSH210048,Hospital Center 48 - North,210048,CVS Pharmacy,"936 Main St, City 48",Active,2020-01-01,McKesson
DSH210048,Hospital Center 48 - North,210048,Rite Aid,"248 Main St, City 48",Active,2020-01-01,McKesson
DSH210048,Hospital Center 48 - North,210048,Walgreens,"153 Main St, City 48",Active,2020-01-01,Cardinal Health
DSH210048,Hospital Center 48 - North,210048,Walgreens,"562 Main St, City 48",Active,2020-01-01,Cardinal Health
DSH210048,Hospital Center 48 - North,210048,Walgreens,"378 Main St, City 48",Active,2020-01-01,Cardinal Health
DSH210048,Hospital Center 48 - North,210048,Walgreens,"462 Main St, City 48",Active,2020-01-01,Cardinal Health
DSH210048,Hospital Center 48 - North,210048,Walgreens,"871 Main St, City 48",Active,2020-01-01,Cardinal Health
DSH210048,Hospital Center 48 - North,210048,Rite Aid,"753 Main St, City 48",Active,2020-01-01,McKesson
DSH210048,Hospital Center 48 - North,210048,Rite Aid,"424 Main St, City 48",Active,2020-01-01,McKesson
DSH210048,Hospital Center 48 - North,210048,CVS Pharmacy,"953 Main St, City 48",Active,2020-01-01,McKesson
DSH210049,Regional Medical Center 49,210049,CVS Pharmacy,"150 Main St, City 49",Active,2020-01-01,McKesson
DSH210049,Regional Medical Center 49,210049,Walgreens,"503 Main St, City 49",Active,2020-01-01,Cardinal Health
DSH210049,Regional Medical Center 49,210049,Rite Aid,"195 Main St, City 49",Active,2020-01-01,McKesson
DSH210049,Regional Medical Center 49,210049,Walgreens,"807 Main St, City 49",Active,2020-01-01,Cardinal Health
DSH210049,Regional Medical Center 49,210049,Walmart Pharmacy,"801 Main St, City 49",Active,2020-01-01,McKesson
DSH210049,Regional Medical Center 49,210049,Rite Aid,"698 Main St, City 49",Active,2020-01-01,McKesson
DSH210049,Regional Medical Center 49,210049,Walmart Pharmacy,"162 Main St, City 49",Active,2020-01-01,McKesson
DSH210049,Regional Medical Center 49,210049,Walmart Pharmacy,"594 Main St, City 49",Active,2020-01-01,McKesson
DSH210049,Regional Medical Center 49,210049,Walmart Pharmacy,"516 Main St, City 49",Active,2020-01-01,McKesson
DSH210049,Regional Medical Center 49,210049,Walgreens,"411 Main St, City 49",Active,2020-01-01,Cardinal Health
DSH210049,Regional Medical Center 49,210049,Walgreens,"132 Main St, City 49",Active,2020-01-01,Cardinal Health
DSH210049,Regional Medical Center 49,210049,Walgreens,"807 Main St, City 49",Active,2020-01-01,Cardinal Health
DSH210049,Regional Medical Center 49,210049,Walgreens,"732 Main St, City 49",Active,2020-01-01,Cardinal Health
DSH210049,Regional Medical Center 49,210049,Walgreens,"253 Main St, City 49",Active,2020-01-01,Cardinal Health
DSH210049,Regional Medical Center 49,210049,CVS Pharmacy,"353 Main St, City 49",Active,2020-01-01,McKesson
DSH210049,Regional Medical Center 49,210049,Walmart Pharmacy,"103 Main St, City 49",Active,2020-01-01,McKesson
DSH210049,Regional Medical Center 49,210049,CVS Pharmacy,"300 Main St, City 49",Active,2020-01-01,McKesson
DSH210049,Regional Medical Center 49,210049,CVS Pharmacy,"954 Main St, City 49",Active,2020-01-01,McKesson
DSH210049,Regional Medical Center 49,210049,CVS Pharmacy,"182 Main St, City 49",Active,2020-01-01,McKesson
DSH210049,Regional Medical Center 49,210049,Walgreens,"722 Main St, City 49",Active,2020-01-01,Cardinal Health
DSH210049,Regional Medical Center 49,210049,Walgreens,"194 Main St, City 49",Active,2020-01-01,Cardinal Health
DSH210049,Regional Medical Center 49,210049,Rite Aid,"533 Main St, City 49",Active,2020-01-01,McKesson
DSH210049,Regional Medical Center 49,210049,Rite Aid,"484 Main St, City 49",Active,2020-01-01,McKesson
DSH210049,Regional Medical Center 49,210049,Walmart Pharmacy,"810 Main St, City 49",Active,2020-01-01,McKesson
DSH210049,Regional Medical Center 49,210049,CVS Pharmacy,"578 Main St, City 49",Active,2020-01-01,McKesson
DSH210049,Regional Medical Center 49,210049,Walmart Pharmacy,"562 Main St, City 49",Active,2020-01-01,McKesson
DSH210049,Regional Medical Center 49,210049,Walgreens,"362 Main St, City 49",Active,2020-01-01,Cardinal Health
DSH210049,Regional Medical Center 49,210049,Walgreens,"396 Main St, City 49",Active,2020-01-01,Cardinal Health
DSH210049,Regional Medical Center 49,210049,Rite Aid,"855 Main St, City 49",Active,2020-01-01,McKesson
DSH210049,Regional Medical Center 49,210049,CVS Pharmacy,"226 Main St, City 49",Active,2020-01-01,McKesson
DSH210049,Regional Medical Center 49,210049,CVS Pharmacy,"457 Main St, City 49",Active,2020-01-01,McKesson
DSH210049,Regional Medical Center 49,210049,Walgreens,"720 Main St, City 49",Active,2020-01-01,Cardinal Health
DSH210049,Regional Medical Center 49,210049,Rite Aid,"698 Main St, City 49",Active,2020-01-01,McKesson
DSH210049,Regional Medical Center 49,210049,Walgreens,"195 Main St, City 49",Active,2020-01-01,Cardinal Health
DSH210049,Regional Medical Center 49,210049,Walmart Pharmacy,"667 Main St, City 49",Active,2020-01-01,McKesson
DSH210049,Regional Medical Center 49,210049,Walgreens,"301 Main St, City 49",Active,2020-01-01,Cardinal Health
DSH210049,Regional Medical Center 49,210049,Walmart Pharmacy,"986 Main St, City 49",Active,2020-01-01,McKesson
DSH210049,Regional Medical Center 49,210049,Walmart Pharmacy,"878 Main St, City 49",Active,2020-01-01,McKesson
DSH210049,Regional Medical Center 49,210049,Rite Aid,"369 Main St, City 49",Active,2020-01-01,McKesson
DSH210049,Regional Medical Center 49,210049,Walgreens,"149 Main St, City 49",Active,2020-01-01,Cardinal Health
DSH210049,Regional Medical Center 49,210049,Rite Aid,"610 Main St, City 49",Active,2020-01-01,McKesson
DSH210049,Regional Medical Center 49,210049,Rite Aid,"959 Main St, City 49",Active,2020-01-01,McKesson
DSH210049,Regional Medical Center 49,210049,Walmart Pharmacy,"904 Main St, City 49",Active,2020-01-01,McKesson
DSH210049,Regional Medical Center 49,210049,Walmart Pharmacy,"690 Main St, City 49",Active,2020-01-01,McKesson
DSH210049,Regional Medical Center 49,210049,Walgreens,"464 Main St, City 49",Active,2020-01-01,Cardinal Health
DSH210049,Regional Medical Center 49,210049,Walmart Pharmacy,"765 Main St, City 49",Active,2020-01-01,McKesson
DSH210049,Regional Medical Center 49,210049,CVS Pharmacy,"586 Main St, City 49",Active,2020-01-01,McKesson
DSH210049,Regional Medical Center 49,210049,Rite Aid,"806 Main St, City 49",Active,2020-01-01,McKesson
DSH210049,Regional Medical Center 49,210049,Walgreens,"420 Main St, City 49",Active,2020-01-01,Cardinal Health
DSH210049,Regional Medical Center 49,210049,Walgreens,"316 Main St, City 49",Active,2020-01-01,Cardinal Health
DSH210049,Regional Medical Center 49,210049,Walgreens,"359 Main St, City 49",Active,2020-01-01,Cardinal Health
DSH210049,Regional Medical Center 49,210049,Rite Aid,"417 Main St, City 49",Active,2020-01-01,McKesson
DSH210049,Regional Medical Center 49,210049,Rite Aid,"774 Main St, City 49",Active,2020-01-01,McKesson
DSH210049,Regional Medical Center 49,210049,Rite Aid,"111 Main St, City 49",Active,2020-01-01,McKesson
DSH210049,Regional Medical Center 49,210049,Walgreens,"888 Main St, City 49",Active,2020-01-01,Cardinal Health
DSH210049,Regional Medical Center 49,210049,Walmart Pharmacy,"895 Main St, City 49",Active,2020-01-01,McKesson
DSH210049,Regional Medical Center 49,210049,CVS Pharmacy,"757 Main St, City 49",Active,2020-01-01,McKesson
DSH210050,Hospital Center 50 - North,210050,Rite Aid,"689 Main St, City 50",Active,2020-01-01,McKesson
DSH210050,Hospital Center 50 - North,210050,CVS Pharmacy,"586 Main St, City 50",Active,2020-01-01,McKesson
DSH210050,Hospital Center 50 - North,210050,Walgreens,"296 Main St, City 50",Active,2020-01-01,Cardinal Health
DSH210050,Hospital Center 50 - North,210050,Walgreens,"610 Main St, City 50",Active,2020-01-01,Cardinal Health
DSH210050,Hospital Center 50 - North,210050,Walmart Pharmacy,"446 Main St, City 50",Active,2020-01-01,McKesson
DSH210050,Hospital Center 50 - North,210050,Walgreens,"910 Main St, City 50",Active,2020-01-01,Cardinal Health
DSH210050,Hospital Center 50 - North,210050,Walgreens,"125 Main St, City 50",Active,2020-01-01,Cardinal Health
DSH210050,Hospital Center 50 - North,210050,Walgreens,"211 Main St, City 50",Active,2020-01-01,Cardinal Health
DSH210050,Hospital Center 50 - North,210050,Walgreens,"179 Main St, City 50",Active,2020-01-01,Cardinal Health
DSH210050,Hospital Center 50 - North,210050,Walmart Pharmacy,"190 Main St, City 50",Active,2020-01-01,McKesson
DSH210050,Hospital Center 50 - North,210050,Rite Aid,"363 Main St, City 50",Active,2020-01-01,McKesson
DSH210050,Hospital Center 50 - North,210050,Walmart Pharmacy,"961 Main St, City 50",Active,2020-01-01,McKesson
DSH210050,Hospital Center 50 - North,210050,Rite Aid,"610 Main St, City 50",Active,2020-01-01,McKesson
DSH210050,Hospital Center 50 - North,210050,Walgreens,"605 Main St, City 50",Active,2020-01-01,Cardinal Health
DSH210050,Hospital Center 50 - North,210050,Walgreens,"218 Main St, City 50",Active,2020-01-01,Cardinal Health
DSH210050,Hospital Center 50 - North,210050,Rite Aid,"833 Main St, City 50",Active,2020-01-01,McKesson
DSH210050,Hospital Center 50 - North,210050,Walmart Pharmacy,"105 Main St, City 50",Active,2020-01-01,McKesson
DSH210050,Hospital Center 50 - North,210050,CVS Pharmacy,"903 Main St, City 50",Active,2020-01-01,McKesson
DSH210050,Hospital Center 50 - North,210050,Walmart Pharmacy,"488 Main St, City 50",Active,2020-01-01,McKesson
DSH210050,Hospital Center 50 - North,210050,Walmart Pharmacy,"236 Main St, City 50",Active,2020-01-01,McKesson
DSH210050,Hospital Center 50 - North,210050,CVS Pharmacy,"112 Main St, City 50",Active,2020-01-01,McKesson
DSH210050,Hospital Center 50 - North,210050,Rite Aid,"402 Main St, City 50",Active,2020-01-01,McKesson
DSH210050,Hospital Center 50 - North,210050,Walmart Pharmacy,"612 Main St, City 50",Active,2020-01-01,McKesson
DSH210050,Hospital Center 50 - North,210050,Rite Aid,"240 Main St, City 50",Active,2020-01-01,McKesson
DSH210050,Hospital Center 50 - North,210050,Walmart Pharmacy,"180 Main St, City 50",Active,2020-01-01,McKesson
DSH210050,Hospital Center 50 - North,210050,Rite Aid,"338 Main St, City 50",Active,2020-01-01,McKesson
DSH210050,Hospital Center 50 - North,210050,Walgreens,"762 Main St, City 50",Active,2020-01-01,Cardinal Health
DSH210050,Hospital Center 50 - North,210050,CVS Pharmacy,"997 Main St, City 50",Active,2020-01-01,McKesson
DSH210050,Hospital Center 50 - North,210050,CVS Pharmacy,"843 Main St, City 50",Active,2020-01-01,McKesson
DSH210050,Hospital Center 50 - North,210050,Rite Aid,"343 Main St, City 50",Active,2020-01-01,McKesson
DSH210050,Hospital Center 50 - North,210050,Walgreens,"514 Main St, City 50",Active,2020-01-01,Cardinal Health
DSH210050,Hospital Center 50 - North,210050,Walmart Pharmacy,"892 Main St, City 50",Active,2020-01-01,McKesson
DSH210050,Hospital Center 50 - North,210050,Walmart Pharmacy,"927 Main St, City 50",Active,2020-01-01,McKesson
DSH210050,Hospital Center 50 - North,210050,Rite Aid,"784 Main St, City 50",Active,2020-01-01,McKesson
DSH210050,Hospital Center 50 - North,210050,Walmart Pharmacy,"852 Main St, City 50",Active,2020-01-01,McKesson
DSH210050,Hospital Center 50 - North,210050,Rite Aid,"930 Main St, City 50",Active,2020-01-01,McKesson
DSH210050,Hospital Center 50 - North,210050,Rite Aid,"330 Main St, City 50",Active,2020-01-01,McKesson
DSH210050,Hospital Center 50 - North,210050,Walgreens,"757 Main St, City 50",Active,2020-01-01,Cardinal Health
DSH210050,Hospital Center 50 - North,210050,Rite Aid,"875 Main St, City 50",Active,2020-01-01,McKesson
DSH210050,Hospital Center 50 - North,210050,Walgreens,"741 Main St, City 50",Active,2020-01-01,Cardinal Health
DSH210050,Hospital Center 50 - North,210050,Rite Aid,"663 Main St, City 50",Active,2020-01-01,McKesson
DSH210050,Hospital Center 50 - North,210050,CVS Pharmacy,"757 Main St, City 50",Active,2020-01-01,McKesson
DSH210050,Hospital Center 50 - North,210050,CVS Pharmacy,"972 Main St, City 50",Active,2020-01-01,McKesson
DSH210050,Hospital Center 50 - North,210050,CVS Pharmacy,"527 Main St, City 50",Active,2020-01-01,McKesson
DSH210050,Hospital Center 50 - North,210050,CVS Pharmacy,"709 Main St, City 50",Active,2020-01-01,McKesson
DSH210050,Hospital Center 50 - North,210050,Walmart Pharmacy,"768 Main St, City 50",Active,2020-01-01,McKesson
DSH210050,Hospital Center 50 - North,210050,CVS Pharmacy,"890 Main St, City 50",Active,2020-01-01,McKesson
DSH210050,Hospital Center 50 - North,210050,CVS Pharmacy,"368 Main St, City 50",Active,2020-01-01,McKesson
