hospital_name_raw,normalized_hospital_name,idn_name_raw,normalized_idn_name,organization_type,city,state,relationship_type,relationship_description,source_name,source_url,source_publish_date,source_access_date,evidence_text_short,confidence_score,is_confirmed_idn_member,extraction_method,notes
"USA HEALTH HCA PROVIDENCE HOSPITAL, LLC","USA HEALTH HCA PROVIDENCE HOSPITAL, LLC",HCA Healthcare,HCA HEALTHCARE,hospital,MOBILE,AL,health_system_owned,Facility name contains 'HCA ',CMS Hospital General Information,https://data.cms.gov/provider-data/dataset/xubh-q36u,2026-02-25,2026-04-19,"Name match in CMS Hospital General Information: USA HEALTH HCA PROVIDENCE HOSPITAL, LLC associated with HCA Healthcare",0.9,False,html,Dataset: CMS Hospital General Information
OCHSNER CHOCTAW GENERAL,OCHSNER CHOCTAW GENERAL,Ochsner Health,OCHSNER HEALTH,hospital,BUTLER,AL,inferred_idn_relationship,Facility name contains 'OCHSNER',CMS Hospital General Information,https://data.cms.gov/provider-data/dataset/xubh-q36u,2026-02-25,2026-04-19,Name match in CMS Hospital General Information: OCHSNER CHOCTAW GENERAL associated with Ochsner Health,0.8,False,html,Dataset: CMS Hospital General Information
PROVIDENCE ALASKA MEDICAL CENTER,PROVIDENCE ALASKA MEDICAL CENTER,Providence,PROVIDENCE,hospital,ANCHORAGE,AK,inferred_idn_relationship,Facility name contains 'PROVIDENCE ',CMS Hospital General Information,https://data.cms.gov/provider-data/dataset/xubh-q36u,2026-02-25,2026-04-19,Name match in CMS Hospital General Information: PROVIDENCE ALASKA MEDICAL CENTER associated with Providence,0.8,False,html,Dataset: CMS Hospital General Information
PROVIDENCE VALDEZ MEDICAL CENTER,PROVIDENCE VALDEZ MEDICAL CENTER,Providence,PROVIDENCE,hospital,VALDEZ,AK,inferred_idn_relationship,Facility name contains 'PROVIDENCE ',CMS Hospital General Information,https://data.cms.gov/provider-data/dataset/xubh-q36u,2026-02-25,2026-04-19,Name match in CMS Hospital General Information: PROVIDENCE VALDEZ MEDICAL CENTER associated with Providence,0.8,False,html,Dataset: CMS Hospital General Information
PROVIDENCE SEWARD HOSPITAL,PROVIDENCE SEWARD HOSPITAL,Providence,PROVIDENCE,hospital,SEWARD,AK,inferred_idn_relationship,Facility name contains 'PROVIDENCE ',CMS Hospital General Information,https://data.cms.gov/provider-data/dataset/xubh-q36u,2026-02-25,2026-04-19,Name match in CMS Hospital General Information: PROVIDENCE SEWARD HOSPITAL associated with Providence,0.8,False,html,Dataset: CMS Hospital General Information
PROVIDENCE KODIAK ISLAND MEDICAL CTR,PROVIDENCE KODIAK ISLAND MEDICAL CTR,Providence,PROVIDENCE,hospital,KODIAK,AK,inferred_idn_relationship,Facility name contains 'PROVIDENCE ',CMS Hospital General Information,https://data.cms.gov/provider-data/dataset/xubh-q36u,2026-02-25,2026-04-19,Name match in CMS Hospital General Information: PROVIDENCE KODIAK ISLAND MEDICAL CTR associated with Providence,0.8,False,html,Dataset: CMS Hospital General Information
MAYO CLINIC HOSPITAL,MAYO CLINIC HOSPITAL,Mayo Clinic,MAYO CLINIC,hospital,PHOENIX,AZ,inferred_idn_relationship,Facility name contains 'MAYO CLINIC',CMS Hospital General Information,https://data.cms.gov/provider-data/dataset/xubh-q36u,2026-02-25,2026-04-19,Name match in CMS Hospital General Information: MAYO CLINIC HOSPITAL associated with Mayo Clinic,0.8,False,html,Dataset: CMS Hospital General Information
MERCY GILBERT MEDICAL CENTER,MERCY GILBERT MEDICAL CENTER,Mercy,MERCY,hospital,GILBERT,AZ,inferred_idn_relationship,Facility name contains 'MERCY ',CMS Hospital General Information,https://data.cms.gov/provider-data/dataset/xubh-q36u,2026-02-25,2026-04-19,Name match in CMS Hospital General Information: MERCY GILBERT MEDICAL CENTER associated with Mercy,0.8,False,html,Dataset: CMS Hospital General Information
MERCY HOSPITAL NORTHWEST ARKANSAS,MERCY HOSPITAL NORTHWEST ARKANSAS,Mercy,MERCY,hospital,ROGERS,AR,inferred_idn_relationship,Facility name contains 'MERCY ',CMS Hospital General Information,https://data.cms.gov/provider-data/dataset/xubh-q36u,2026-02-25,2026-04-19,Name match in CMS Hospital General Information: MERCY HOSPITAL NORTHWEST ARKANSAS associated with Mercy,0.8,False,html,Dataset: CMS Hospital General Information
BAPTIST HEALTH - VAN BUREN,BAPTIST HEALTH - VAN BUREN,Baptist Health,BAPTIST HEALTH,hospital,VAN BUREN,AR,inferred_idn_relationship,Facility name contains 'BAPTIST HEALTH',CMS Hospital General Information,https://data.cms.gov/provider-data/dataset/xubh-q36u,2026-02-25,2026-04-19,Name match in CMS Hospital General Information: BAPTIST HEALTH - VAN BUREN associated with Baptist Health,0.8,False,html,Dataset: CMS Hospital General Information
BAPTIST HEALTH MEDICAL CENTER NORTH LITTLE ROCK,BAPTIST HEALTH MEDICAL CENTER NORTH LITTLE ROCK,Baptist Health,BAPTIST HEALTH,hospital,NORTH LITTLE ROCK,AR,inferred_idn_relationship,Facility name contains 'BAPTIST HEALTH',CMS Hospital General Information,https://data.cms.gov/provider-data/dataset/xubh-q36u,2026-02-25,2026-04-19,Name match in CMS Hospital General Information: BAPTIST HEALTH MEDICAL CENTER NORTH LITTLE ROCK associated with Baptist Health,0.8,False,html,Dataset: CMS Hospital General Information
ARKANSAS METHODIST MEDICAL CENTER,ARKANSAS METHODIST MEDICAL CENTER,Methodist Health System,METHODIST HEALTH SYSTEM,hospital,PARAGOULD,AR,inferred_idn_relationship,Facility name contains 'METHODIST ',CMS Hospital General Information,https://data.cms.gov/provider-data/dataset/xubh-q36u,2026-02-25,2026-04-19,Name match in CMS Hospital General Information: ARKANSAS METHODIST MEDICAL CENTER associated with Methodist Health System,0.8,False,html,Dataset: CMS Hospital General Information
BAPTIST HEALTH MEDICAL CENTER-DREW COUNTY,BAPTIST HEALTH MEDICAL CENTER-DREW COUNTY,Baptist Health,BAPTIST HEALTH,hospital,MONTICELLO,AR,inferred_idn_relationship,Facility name contains 'BAPTIST HEALTH',CMS Hospital General Information,https://data.cms.gov/provider-data/dataset/xubh-q36u,2026-02-25,2026-04-19,Name match in CMS Hospital General Information: BAPTIST HEALTH MEDICAL CENTER-DREW COUNTY associated with Baptist Health,0.8,False,html,Dataset: CMS Hospital General Information
BAPTIST HEALTH - FORT SMITH,BAPTIST HEALTH - FORT SMITH,Baptist Health,BAPTIST HEALTH,hospital,FORT SMITH,AR,inferred_idn_relationship,Facility name contains 'BAPTIST HEALTH',CMS Hospital General Information,https://data.cms.gov/provider-data/dataset/xubh-q36u,2026-02-25,2026-04-19,Name match in CMS Hospital General Information: BAPTIST HEALTH - FORT SMITH associated with Baptist Health,0.8,False,html,Dataset: CMS Hospital General Information
MERCY HOSPITAL FORT SMITH,MERCY HOSPITAL FORT SMITH,Mercy,MERCY,hospital,FORT SMITH,AR,inferred_idn_relationship,Facility name contains 'MERCY ',CMS Hospital General Information,https://data.cms.gov/provider-data/dataset/xubh-q36u,2026-02-25,2026-04-19,Name match in CMS Hospital General Information: MERCY HOSPITAL FORT SMITH associated with Mercy,0.8,False,html,Dataset: CMS Hospital General Information
BAPTIST HEALTH MEDICAL CENTER-STUTTGART,BAPTIST HEALTH MEDICAL CENTER-STUTTGART,Baptist Health,BAPTIST HEALTH,hospital,STUTTGART,AR,inferred_idn_relationship,Facility name contains 'BAPTIST HEALTH',CMS Hospital General Information,https://data.cms.gov/provider-data/dataset/xubh-q36u,2026-02-25,2026-04-19,Name match in CMS Hospital General Information: BAPTIST HEALTH MEDICAL CENTER-STUTTGART associated with Baptist Health,0.8,False,html,Dataset: CMS Hospital General Information
BAPTIST HEALTH MEDICAL CENTER-HOT SPRINGS COUNTY,BAPTIST HEALTH MEDICAL CENTER-HOT SPRINGS COUNTY,Baptist Health,BAPTIST HEALTH,hospital,MALVERN,AR,inferred_idn_relationship,Facility name contains 'BAPTIST HEALTH',CMS Hospital General Information,https://data.cms.gov/provider-data/dataset/xubh-q36u,2026-02-25,2026-04-19,Name match in CMS Hospital General Information: BAPTIST HEALTH MEDICAL CENTER-HOT SPRINGS COUNTY associated with Baptist Health,0.8,False,html,Dataset: CMS Hospital General Information
BAPTIST HEALTH MEDICAL CENTER-LITTLE ROCK,BAPTIST HEALTH MEDICAL CENTER-LITTLE ROCK,Baptist Health,BAPTIST HEALTH,hospital,LITTLE ROCK,AR,inferred_idn_relationship,Facility name contains 'BAPTIST HEALTH',CMS Hospital General Information,https://data.cms.gov/provider-data/dataset/xubh-q36u,2026-02-25,2026-04-19,Name match in CMS Hospital General Information: BAPTIST HEALTH MEDICAL CENTER-LITTLE ROCK associated with Baptist Health,0.8,False,html,Dataset: CMS Hospital General Information
BAPTIST HEALTH MEDICAL CENTER- CONWAY,BAPTIST HEALTH MEDICAL CENTER- CONWAY,Baptist Health,BAPTIST HEALTH,hospital,CONWAY,AR,inferred_idn_relationship,Facility name contains 'BAPTIST HEALTH',CMS Hospital General Information,https://data.cms.gov/provider-data/dataset/xubh-q36u,2026-02-25,2026-04-19,Name match in CMS Hospital General Information: BAPTIST HEALTH MEDICAL CENTER- CONWAY associated with Baptist Health,0.8,False,html,Dataset: CMS Hospital General Information
MERCY HOSPITAL PARIS,MERCY HOSPITAL PARIS,Mercy,MERCY,hospital,PARIS,AR,inferred_idn_relationship,Facility name contains 'MERCY ',CMS Hospital General Information,https://data.cms.gov/provider-data/dataset/xubh-q36u,2026-02-25,2026-04-19,Name match in CMS Hospital General Information: MERCY HOSPITAL PARIS associated with Mercy,0.8,False,html,Dataset: CMS Hospital General Information
MERCY HOSPITAL OZARK,MERCY HOSPITAL OZARK,Mercy,MERCY,hospital,OZARK,AR,inferred_idn_relationship,Facility name contains 'MERCY ',CMS Hospital General Information,https://data.cms.gov/provider-data/dataset/xubh-q36u,2026-02-25,2026-04-19,Name match in CMS Hospital General Information: MERCY HOSPITAL OZARK associated with Mercy,0.8,False,html,Dataset: CMS Hospital General Information
MERCY HOSPITAL WALDRON,MERCY HOSPITAL WALDRON,Mercy,MERCY,hospital,WALDRON,AR,inferred_idn_relationship,Facility name contains 'MERCY ',CMS Hospital General Information,https://data.cms.gov/provider-data/dataset/xubh-q36u,2026-02-25,2026-04-19,Name match in CMS Hospital General Information: MERCY HOSPITAL WALDRON associated with Mercy,0.8,False,html,Dataset: CMS Hospital General Information
BAPTIST HEALTH MEDICAL CENTER HEBER SPRINGS,BAPTIST HEALTH MEDICAL CENTER HEBER SPRINGS,Baptist Health,BAPTIST HEALTH,hospital,HEBER SPRINGS,AR,inferred_idn_relationship,Facility name contains 'BAPTIST HEALTH',CMS Hospital General Information,https://data.cms.gov/provider-data/dataset/xubh-q36u,2026-02-25,2026-04-19,Name match in CMS Hospital General Information: BAPTIST HEALTH MEDICAL CENTER HEBER SPRINGS associated with Baptist Health,0.8,False,html,Dataset: CMS Hospital General Information
MERCY HOSPITAL BOONEVILLE,MERCY HOSPITAL BOONEVILLE,Mercy,MERCY,hospital,BOONEVILLE,AR,inferred_idn_relationship,Facility name contains 'MERCY ',CMS Hospital General Information,https://data.cms.gov/provider-data/dataset/xubh-q36u,2026-02-25,2026-04-19,Name match in CMS Hospital General Information: MERCY HOSPITAL BOONEVILLE associated with Mercy,0.8,False,html,Dataset: CMS Hospital General Information
BAPTIST HEALTH MEDICAL CENTER-ARKADELPHIA,BAPTIST HEALTH MEDICAL CENTER-ARKADELPHIA,Baptist Health,BAPTIST HEALTH,hospital,ARKADELPHIA,AR,inferred_idn_relationship,Facility name contains 'BAPTIST HEALTH',CMS Hospital General Information,https://data.cms.gov/provider-data/dataset/xubh-q36u,2026-02-25,2026-04-19,Name match in CMS Hospital General Information: BAPTIST HEALTH MEDICAL CENTER-ARKADELPHIA associated with Baptist Health,0.8,False,html,Dataset: CMS Hospital General Information
MERCY HOSPITAL BERRYVILLE,MERCY HOSPITAL BERRYVILLE,Mercy,MERCY,hospital,BERRYVILLE,AR,inferred_idn_relationship,Facility name contains 'MERCY ',CMS Hospital General Information,https://data.cms.gov/provider-data/dataset/xubh-q36u,2026-02-25,2026-04-19,Name match in CMS Hospital General Information: MERCY HOSPITAL BERRYVILLE associated with Mercy,0.8,False,html,Dataset: CMS Hospital General Information
UNITED METHODIST BEHAVIORAL HOSPITAL,UNITED METHODIST BEHAVIORAL HOSPITAL,Methodist Health System,METHODIST HEALTH SYSTEM,hospital,MAUMELLE,AR,inferred_idn_relationship,Facility name contains 'METHODIST ',CMS Hospital General Information,https://data.cms.gov/provider-data/dataset/xubh-q36u,2026-02-25,2026-04-19,Name match in CMS Hospital General Information: UNITED METHODIST BEHAVIORAL HOSPITAL associated with Methodist Health System,0.8,False,html,Dataset: CMS Hospital General Information
PROVIDENCE ST JOSEPH HOSPITAL,PROVIDENCE ST JOSEPH HOSPITAL,Providence,PROVIDENCE,hospital,EUREKA,CA,inferred_idn_relationship,Facility name contains 'PROVIDENCE ',CMS Hospital General Information,https://data.cms.gov/provider-data/dataset/xubh-q36u,2026-02-25,2026-04-19,Name match in CMS Hospital General Information: PROVIDENCE ST JOSEPH HOSPITAL associated with Providence,0.8,False,html,Dataset: CMS Hospital General Information
PROVIDENCE QUEEN OF THE VALLEY MEDICAL CENTER,PROVIDENCE QUEEN OF THE VALLEY MEDICAL CENTER,Providence,PROVIDENCE,hospital,NAPA,CA,inferred_idn_relationship,Facility name contains 'PROVIDENCE ',CMS Hospital General Information,https://data.cms.gov/provider-data/dataset/xubh-q36u,2026-02-25,2026-04-19,Name match in CMS Hospital General Information: PROVIDENCE QUEEN OF THE VALLEY MEDICAL CENTER associated with Providence,0.8,False,html,Dataset: CMS Hospital General Information
MERCY GENERAL HOSPITAL,MERCY GENERAL HOSPITAL,Mercy,MERCY,hospital,SACRAMENTO,CA,inferred_idn_relationship,Facility name contains 'MERCY ',CMS Hospital General Information,https://data.cms.gov/provider-data/dataset/xubh-q36u,2026-02-25,2026-04-19,Name match in CMS Hospital General Information: MERCY GENERAL HOSPITAL associated with Mercy,0.8,False,html,Dataset: CMS Hospital General Information
HOLLYWOOD PRESBYTERIAN MEDICAL CENTER,HOLLYWOOD PRESBYTERIAN MEDICAL CENTER,Presbyterian Healthcare Services,PRESBYTERIAN HEALTHCARE SERVICES,hospital,LOS ANGELES,CA,inferred_idn_relationship,Facility name contains 'PRESBYTERIAN ',CMS Hospital General Information,https://data.cms.gov/provider-data/dataset/xubh-q36u,2026-02-25,2026-04-19,Name match in CMS Hospital General Information: HOLLYWOOD PRESBYTERIAN MEDICAL CENTER associated with Presbyterian Healthcare Services,0.8,False,html,Dataset: CMS Hospital General Information
PROVIDENCE ST. JOSEPH HOSPITAL,PROVIDENCE ST. JOSEPH HOSPITAL,Providence,PROVIDENCE,hospital,ORANGE,CA,inferred_idn_relationship,Facility name contains 'PROVIDENCE ',CMS Hospital General Information,https://data.cms.gov/provider-data/dataset/xubh-q36u,2026-02-25,2026-04-19,Name match in CMS Hospital General Information: PROVIDENCE ST. JOSEPH HOSPITAL associated with Providence,0.8,False,html,Dataset: CMS Hospital General Information
KAISER FOUNDATION HOSPITAL - SOUTH SAN FRANCISCO,KAISER FOUNDATION HOSPITAL - SOUTH SAN FRANCISCO,Kaiser Permanente,KAISER PERMANENTE,hospital,SOUTH SAN FRANCISCO,CA,inferred_idn_relationship,Facility name contains 'KAISER ',CMS Hospital General Information,https://data.cms.gov/provider-data/dataset/xubh-q36u,2026-02-25,2026-04-19,Name match in CMS Hospital General Information: KAISER FOUNDATION HOSPITAL - SOUTH SAN FRANCISCO associated with Kaiser Permanente,0.8,False,html,Dataset: CMS Hospital General Information
KAISER FOUNDATION HOSPITAL-SANTA CLARA,KAISER FOUNDATION HOSPITAL-SANTA CLARA,Kaiser Permanente,KAISER PERMANENTE,hospital,SANTA CLARA,CA,inferred_idn_relationship,Facility name contains 'KAISER ',CMS Hospital General Information,https://data.cms.gov/provider-data/dataset/xubh-q36u,2026-02-25,2026-04-19,Name match in CMS Hospital General Information: KAISER FOUNDATION HOSPITAL-SANTA CLARA associated with Kaiser Permanente,0.8,False,html,Dataset: CMS Hospital General Information
KAISER FOUNDATION HOSPITAL - WALNUT CREEK,KAISER FOUNDATION HOSPITAL - WALNUT CREEK,Kaiser Permanente,KAISER PERMANENTE,hospital,WALNUT CREEK,CA,inferred_idn_relationship,Facility name contains 'KAISER ',CMS Hospital General Information,https://data.cms.gov/provider-data/dataset/xubh-q36u,2026-02-25,2026-04-19,Name match in CMS Hospital General Information: KAISER FOUNDATION HOSPITAL - WALNUT CREEK associated with Kaiser Permanente,0.8,False,html,Dataset: CMS Hospital General Information
KAISER FOUNDATION HOSPITAL AND REHAB CENTER,KAISER FOUNDATION HOSPITAL AND REHAB CENTER,Kaiser Permanente,KAISER PERMANENTE,hospital,VALLEJO,CA,inferred_idn_relationship,Facility name contains 'KAISER ',CMS Hospital General Information,https://data.cms.gov/provider-data/dataset/xubh-q36u,2026-02-25,2026-04-19,Name match in CMS Hospital General Information: KAISER FOUNDATION HOSPITAL AND REHAB CENTER associated with Kaiser Permanente,0.8,False,html,Dataset: CMS Hospital General Information
KAISER FOUNDATION HOSPITAL - OAKLAND/RICHMOND,KAISER FOUNDATION HOSPITAL - OAKLAND/RICHMOND,Kaiser Permanente,KAISER PERMANENTE,hospital,OAKLAND,CA,inferred_idn_relationship,Facility name contains 'KAISER ',CMS Hospital General Information,https://data.cms.gov/provider-data/dataset/xubh-q36u,2026-02-25,2026-04-19,Name match in CMS Hospital General Information: KAISER FOUNDATION HOSPITAL - OAKLAND/RICHMOND associated with Kaiser Permanente,0.8,False,html,Dataset: CMS Hospital General Information
KAISER FOUNDATION HOSPITAL - SAN FRANCISCO,KAISER FOUNDATION HOSPITAL - SAN FRANCISCO,Kaiser Permanente,KAISER PERMANENTE,hospital,SAN FRANCISCO,CA,inferred_idn_relationship,Facility name contains 'KAISER ',CMS Hospital General Information,https://data.cms.gov/provider-data/dataset/xubh-q36u,2026-02-25,2026-04-19,Name match in CMS Hospital General Information: KAISER FOUNDATION HOSPITAL - SAN FRANCISCO associated with Kaiser Permanente,0.8,False,html,Dataset: CMS Hospital General Information
SCRIPPS MERCY HOSPITAL,SCRIPPS MERCY HOSPITAL,Mercy,MERCY,hospital,SAN DIEGO,CA,inferred_idn_relationship,Facility name contains 'MERCY ',CMS Hospital General Information,https://data.cms.gov/provider-data/dataset/xubh-q36u,2026-02-25,2026-04-19,Name match in CMS Hospital General Information: SCRIPPS MERCY HOSPITAL associated with Mercy,0.8,False,html,Dataset: CMS Hospital General Information
PROVIDENCE LITTLE CO OF MARY MED CTR SAN PEDRO,PROVIDENCE LITTLE CO OF MARY MED CTR SAN PEDRO,Providence,PROVIDENCE,hospital,SAN PEDRO,CA,inferred_idn_relationship,Facility name contains 'PROVIDENCE ',CMS Hospital General Information,https://data.cms.gov/provider-data/dataset/xubh-q36u,2026-02-25,2026-04-19,Name match in CMS Hospital General Information: PROVIDENCE LITTLE CO OF MARY MED CTR SAN PEDRO associated with Providence,0.8,False,html,Dataset: CMS Hospital General Information
VALLEY PRESBYTERIAN HOSPITAL,VALLEY PRESBYTERIAN HOSPITAL,Presbyterian Healthcare Services,PRESBYTERIAN HEALTHCARE SERVICES,hospital,VAN NUYS,CA,inferred_idn_relationship,Facility name contains 'PRESBYTERIAN ',CMS Hospital General Information,https://data.cms.gov/provider-data/dataset/xubh-q36u,2026-02-25,2026-04-19,Name match in CMS Hospital General Information: VALLEY PRESBYTERIAN HOSPITAL associated with Presbyterian Healthcare Services,0.8,False,html,Dataset: CMS Hospital General Information
KAISER FOUNDATION HOSPITAL - PANORAMA CITY,KAISER FOUNDATION HOSPITAL - PANORAMA CITY,Kaiser Permanente,KAISER PERMANENTE,hospital,PANORAMA CITY,CA,inferred_idn_relationship,Facility name contains 'KAISER ',CMS Hospital General Information,https://data.cms.gov/provider-data/dataset/xubh-q36u,2026-02-25,2026-04-19,Name match in CMS Hospital General Information: KAISER FOUNDATION HOSPITAL - PANORAMA CITY associated with Kaiser Permanente,0.8,False,html,Dataset: CMS Hospital General Information
KAISER FOUNDATION HOSPITAL - LOS ANGELES,KAISER FOUNDATION HOSPITAL - LOS ANGELES,Kaiser Permanente,KAISER PERMANENTE,hospital,LOS ANGELES,CA,inferred_idn_relationship,Facility name contains 'KAISER ',CMS Hospital General Information,https://data.cms.gov/provider-data/dataset/xubh-q36u,2026-02-25,2026-04-19,Name match in CMS Hospital General Information: KAISER FOUNDATION HOSPITAL - LOS ANGELES associated with Kaiser Permanente,0.8,False,html,Dataset: CMS Hospital General Information
KAISER FOUNDATION HOSPITAL - DOWNEY,KAISER FOUNDATION HOSPITAL - DOWNEY,Kaiser Permanente,KAISER PERMANENTE,hospital,DOWNEY,CA,inferred_idn_relationship,Facility name contains 'KAISER ',CMS Hospital General Information,https://data.cms.gov/provider-data/dataset/xubh-q36u,2026-02-25,2026-04-19,Name match in CMS Hospital General Information: KAISER FOUNDATION HOSPITAL - DOWNEY associated with Kaiser Permanente,0.8,False,html,Dataset: CMS Hospital General Information
KAISER FOUNDATION HOSPITAL FONTANA/ONTARIO,KAISER FOUNDATION HOSPITAL FONTANA/ONTARIO,Kaiser Permanente,KAISER PERMANENTE,hospital,FONTANA,CA,inferred_idn_relationship,Facility name contains 'KAISER ',CMS Hospital General Information,https://data.cms.gov/provider-data/dataset/xubh-q36u,2026-02-25,2026-04-19,Name match in CMS Hospital General Information: KAISER FOUNDATION HOSPITAL FONTANA/ONTARIO associated with Kaiser Permanente,0.8,False,html,Dataset: CMS Hospital General Information
UCSF HEALTH SAINT FRANCIS HOSPITAL,UCSF HEALTH SAINT FRANCIS HOSPITAL,UCSF Health,UCSF HEALTH,hospital,SAN FRANCISCO,CA,inferred_idn_relationship,Facility name contains 'UCSF HEALTH',CMS Hospital General Information,https://data.cms.gov/provider-data/dataset/xubh-q36u,2026-02-25,2026-04-19,Name match in CMS Hospital General Information: UCSF HEALTH SAINT FRANCIS HOSPITAL associated with UCSF Health,0.8,False,html,Dataset: CMS Hospital General Information
PROVIDENCE ST. JUDE MEDICAL CENTER,PROVIDENCE ST. JUDE MEDICAL CENTER,Providence,PROVIDENCE,hospital,FULLERTON,CA,inferred_idn_relationship,Facility name contains 'PROVIDENCE ',CMS Hospital General Information,https://data.cms.gov/provider-data/dataset/xubh-q36u,2026-02-25,2026-04-19,Name match in CMS Hospital General Information: PROVIDENCE ST. JUDE MEDICAL CENTER associated with Providence,0.8,False,html,Dataset: CMS Hospital General Information
PROVIDENCE SANTA ROSA MEMORIAL HOSPITAL,PROVIDENCE SANTA ROSA MEMORIAL HOSPITAL,Providence,PROVIDENCE,hospital,SANTA ROSA,CA,inferred_idn_relationship,Facility name contains 'PROVIDENCE ',CMS Hospital General Information,https://data.cms.gov/provider-data/dataset/xubh-q36u,2026-02-25,2026-04-19,Name match in CMS Hospital General Information: PROVIDENCE SANTA ROSA MEMORIAL HOSPITAL associated with Providence,0.8,False,html,Dataset: CMS Hospital General Information
PROVIDENCE SAINT JOSEPH MEDICAL CTR,PROVIDENCE SAINT JOSEPH MEDICAL CTR,Providence,PROVIDENCE,hospital,BURBANK,CA,inferred_idn_relationship,Facility name contains 'PROVIDENCE ',CMS Hospital General Information,https://data.cms.gov/provider-data/dataset/xubh-q36u,2026-02-25,2026-04-19,Name match in CMS Hospital General Information: PROVIDENCE SAINT JOSEPH MEDICAL CTR associated with Providence,0.8,False,html,Dataset: CMS Hospital General Information
PROVIDENCE HOLY CROSS MEDICAL CENTER,PROVIDENCE HOLY CROSS MEDICAL CENTER,Providence,PROVIDENCE,hospital,MISSION HILLS,CA,inferred_idn_relationship,Facility name contains 'PROVIDENCE ',CMS Hospital General Information,https://data.cms.gov/provider-data/dataset/xubh-q36u,2026-02-25,2026-04-19,Name match in CMS Hospital General Information: PROVIDENCE HOLY CROSS MEDICAL CENTER associated with Providence,0.8,False,html,Dataset: CMS Hospital General Information
MERCY MEDICAL CENTER REDDING,MERCY MEDICAL CENTER REDDING,Mercy,MERCY,hospital,REDDING,CA,inferred_idn_relationship,Facility name contains 'MERCY ',CMS Hospital General Information,https://data.cms.gov/provider-data/dataset/xubh-q36u,2026-02-25,2026-04-19,Name match in CMS Hospital General Information: MERCY MEDICAL CENTER REDDING associated with Mercy,0.8,False,html,Dataset: CMS Hospital General Information
STANFORD HEALTH CARE TRI-VALLEY,STANFORD HEALTH CARE TRI-VALLEY,Stanford Health Care,STANFORD HEALTH CARE,hospital,PLEASANTON,CA,inferred_idn_relationship,Facility name contains 'STANFORD HEALTH',CMS Hospital General Information,https://data.cms.gov/provider-data/dataset/xubh-q36u,2026-02-25,2026-04-19,Name match in CMS Hospital General Information: STANFORD HEALTH CARE TRI-VALLEY associated with Stanford Health Care,0.8,False,html,Dataset: CMS Hospital General Information
MERCY HOSPITAL,MERCY HOSPITAL,Mercy,MERCY,hospital,BAKERSFIELD,CA,inferred_idn_relationship,Facility name contains 'MERCY ',CMS Hospital General Information,https://data.cms.gov/provider-data/dataset/xubh-q36u,2026-02-25,2026-04-19,Name match in CMS Hospital General Information: MERCY HOSPITAL associated with Mercy,0.8,False,html,Dataset: CMS Hospital General Information
PROVIDENCE ST MARY MEDICAL CENTER,PROVIDENCE ST MARY MEDICAL CENTER,Providence,PROVIDENCE,hospital,APPLE VALLEY,CA,inferred_idn_relationship,Facility name contains 'PROVIDENCE ',CMS Hospital General Information,https://data.cms.gov/provider-data/dataset/xubh-q36u,2026-02-25,2026-04-19,Name match in CMS Hospital General Information: PROVIDENCE ST MARY MEDICAL CENTER associated with Providence,0.8,False,html,Dataset: CMS Hospital General Information
SCRIPPS MEMORIAL HOSPITAL LA JOLLA,SCRIPPS MEMORIAL HOSPITAL LA JOLLA,Scripps Health,SCRIPPS HEALTH,hospital,LA JOLLA,CA,inferred_idn_relationship,Facility name contains 'SCRIPPS',CMS Hospital General Information,https://data.cms.gov/provider-data/dataset/xubh-q36u,2026-02-25,2026-04-19,Name match in CMS Hospital General Information: SCRIPPS MEMORIAL HOSPITAL LA JOLLA associated with Scripps Health,0.8,False,html,Dataset: CMS Hospital General Information
LOMA LINDA UNIVERSITY MEDICAL CENTER,LOMA LINDA UNIVERSITY MEDICAL CENTER,Loma Linda University Health,LOMA LINDA UNIVERSITY HEALTH,hospital,LOMA LINDA,CA,inferred_idn_relationship,Facility name contains 'LOMA LINDA',CMS Hospital General Information,https://data.cms.gov/provider-data/dataset/xubh-q36u,2026-02-25,2026-04-19,Name match in CMS Hospital General Information: LOMA LINDA UNIVERSITY MEDICAL CENTER associated with Loma Linda University Health,0.8,False,html,Dataset: CMS Hospital General Information
PROVIDENCE LITTLE COMPANY OF MARY MED CTR TORRANCE,PROVIDENCE LITTLE COMPANY OF MARY MED CTR TORRANCE,Providence,PROVIDENCE,hospital,TORRANCE,CA,inferred_idn_relationship,Facility name contains 'PROVIDENCE ',CMS Hospital General Information,https://data.cms.gov/provider-data/dataset/xubh-q36u,2026-02-25,2026-04-19,Name match in CMS Hospital General Information: PROVIDENCE LITTLE COMPANY OF MARY MED CTR TORRANCE associated with Providence,0.8,False,html,Dataset: CMS Hospital General Information
KAISER FOUNDATION HOSPITAL - SOUTH BAY,KAISER FOUNDATION HOSPITAL - SOUTH BAY,Kaiser Permanente,KAISER PERMANENTE,hospital,HARBOR CITY,CA,inferred_idn_relationship,Facility name contains 'KAISER ',CMS Hospital General Information,https://data.cms.gov/provider-data/dataset/xubh-q36u,2026-02-25,2026-04-19,Name match in CMS Hospital General Information: KAISER FOUNDATION HOSPITAL - SOUTH BAY associated with Kaiser Permanente,0.8,False,html,Dataset: CMS Hospital General Information
MERCY HOSPITAL OF FOLSOM,MERCY HOSPITAL OF FOLSOM,Mercy,MERCY,hospital,FOLSOM,CA,inferred_idn_relationship,Facility name contains 'MERCY ',CMS Hospital General Information,https://data.cms.gov/provider-data/dataset/xubh-q36u,2026-02-25,2026-04-19,Name match in CMS Hospital General Information: MERCY HOSPITAL OF FOLSOM associated with Mercy,0.8,False,html,Dataset: CMS Hospital General Information
SCRIPPS GREEN HOSPITAL,SCRIPPS GREEN HOSPITAL,Scripps Health,SCRIPPS HEALTH,hospital,LA JOLLA,CA,inferred_idn_relationship,Facility name contains 'SCRIPPS',CMS Hospital General Information,https://data.cms.gov/provider-data/dataset/xubh-q36u,2026-02-25,2026-04-19,Name match in CMS Hospital General Information: SCRIPPS GREEN HOSPITAL associated with Scripps Health,0.8,False,html,Dataset: CMS Hospital General Information
KAISER FOUNDATION HOSPITAL - SACRAMENTO,KAISER FOUNDATION HOSPITAL - SACRAMENTO,Kaiser Permanente,KAISER PERMANENTE,hospital,SACRAMENTO,CA,inferred_idn_relationship,Facility name contains 'KAISER ',CMS Hospital General Information,https://data.cms.gov/provider-data/dataset/xubh-q36u,2026-02-25,2026-04-19,Name match in CMS Hospital General Information: KAISER FOUNDATION HOSPITAL - SACRAMENTO associated with Kaiser Permanente,0.8,False,html,Dataset: CMS Hospital General Information
STANFORD HEALTH CARE,STANFORD HEALTH CARE,Stanford Health Care,STANFORD HEALTH CARE,hospital,STANFORD,CA,inferred_idn_relationship,Facility name contains 'STANFORD HEALTH',CMS Hospital General Information,https://data.cms.gov/provider-data/dataset/xubh-q36u,2026-02-25,2026-04-19,Name match in CMS Hospital General Information: STANFORD HEALTH CARE associated with Stanford Health Care,0.8,False,html,Dataset: CMS Hospital General Information
MERCY MEDICAL CENTER,MERCY MEDICAL CENTER,Mercy,MERCY,hospital,MERCED,CA,inferred_idn_relationship,Facility name contains 'MERCY ',CMS Hospital General Information,https://data.cms.gov/provider-data/dataset/xubh-q36u,2026-02-25,2026-04-19,Name match in CMS Hospital General Information: MERCY MEDICAL CENTER associated with Mercy,0.8,False,html,Dataset: CMS Hospital General Information
UCSF HEALTH ST. MARY'S HOSPITAL,UCSF HEALTH ST. MARY'S HOSPITAL,UCSF Health,UCSF HEALTH,hospital,SAN FRANCISCO,CA,inferred_idn_relationship,Facility name contains 'UCSF HEALTH',CMS Hospital General Information,https://data.cms.gov/provider-data/dataset/xubh-q36u,2026-02-25,2026-04-19,Name match in CMS Hospital General Information: UCSF HEALTH ST. MARY'S HOSPITAL associated with UCSF Health,0.8,False,html,Dataset: CMS Hospital General Information
SCRIPPS MEMORIAL HOSPITAL - ENCINITAS,SCRIPPS MEMORIAL HOSPITAL - ENCINITAS,Scripps Health,SCRIPPS HEALTH,hospital,ENCINITAS,CA,inferred_idn_relationship,Facility name contains 'SCRIPPS',CMS Hospital General Information,https://data.cms.gov/provider-data/dataset/xubh-q36u,2026-02-25,2026-04-19,Name match in CMS Hospital General Information: SCRIPPS MEMORIAL HOSPITAL - ENCINITAS associated with Scripps Health,0.8,False,html,Dataset: CMS Hospital General Information
KAISER FOUNDATION HOSPITAL,KAISER FOUNDATION HOSPITAL,Kaiser Permanente,KAISER PERMANENTE,hospital,SAN RAFAEL,CA,inferred_idn_relationship,Facility name contains 'KAISER ',CMS Hospital General Information,https://data.cms.gov/provider-data/dataset/xubh-q36u,2026-02-25,2026-04-19,Name match in CMS Hospital General Information: KAISER FOUNDATION HOSPITAL associated with Kaiser Permanente,0.8,False,html,Dataset: CMS Hospital General Information
KAISER FOUNDATION HOSPITAL - FREMONT,KAISER FOUNDATION HOSPITAL - FREMONT,Kaiser Permanente,KAISER PERMANENTE,hospital,FREMONT,CA,inferred_idn_relationship,Facility name contains 'KAISER ',CMS Hospital General Information,https://data.cms.gov/provider-data/dataset/xubh-q36u,2026-02-25,2026-04-19,Name match in CMS Hospital General Information: KAISER FOUNDATION HOSPITAL - FREMONT associated with Kaiser Permanente,0.8,False,html,Dataset: CMS Hospital General Information
KAISER FOUNDATION HOSPITAL - SAN DIEGO,KAISER FOUNDATION HOSPITAL - SAN DIEGO,Kaiser Permanente,KAISER PERMANENTE,hospital,SAN DIEGO,CA,inferred_idn_relationship,Facility name contains 'KAISER ',CMS Hospital General Information,https://data.cms.gov/provider-data/dataset/xubh-q36u,2026-02-25,2026-04-19,Name match in CMS Hospital General Information: KAISER FOUNDATION HOSPITAL - SAN DIEGO associated with Kaiser Permanente,0.8,False,html,Dataset: CMS Hospital General Information
MERCY SAN JUAN MEDICAL CENTER,MERCY SAN JUAN MEDICAL CENTER,Mercy,MERCY,hospital,CARMICHAEL,CA,inferred_idn_relationship,Facility name contains 'MERCY ',CMS Hospital General Information,https://data.cms.gov/provider-data/dataset/xubh-q36u,2026-02-25,2026-04-19,Name match in CMS Hospital General Information: MERCY SAN JUAN MEDICAL CENTER associated with Mercy,0.8,False,html,Dataset: CMS Hospital General Information
KAISER FOUNDATION HOSPITAL - REDWOOD CITY,KAISER FOUNDATION HOSPITAL - REDWOOD CITY,Kaiser Permanente,KAISER PERMANENTE,hospital,REDWOOD CITY,CA,inferred_idn_relationship,Facility name contains 'KAISER ',CMS Hospital General Information,https://data.cms.gov/provider-data/dataset/xubh-q36u,2026-02-25,2026-04-19,Name match in CMS Hospital General Information: KAISER FOUNDATION HOSPITAL - REDWOOD CITY associated with Kaiser Permanente,0.8,False,html,Dataset: CMS Hospital General Information
KAISER FOUNDATION HOSPITAL - WEST LA,KAISER FOUNDATION HOSPITAL - WEST LA,Kaiser Permanente,KAISER PERMANENTE,hospital,LOS ANGELES,CA,inferred_idn_relationship,Facility name contains 'KAISER ',CMS Hospital General Information,https://data.cms.gov/provider-data/dataset/xubh-q36u,2026-02-25,2026-04-19,Name match in CMS Hospital General Information: KAISER FOUNDATION HOSPITAL - WEST LA associated with Kaiser Permanente,0.8,False,html,Dataset: CMS Hospital General Information
PROVIDENCE MISSION HOSPITAL,PROVIDENCE MISSION HOSPITAL,Providence,PROVIDENCE,hospital,MISSION VIEJO,CA,inferred_idn_relationship,Facility name contains 'PROVIDENCE ',CMS Hospital General Information,https://data.cms.gov/provider-data/dataset/xubh-q36u,2026-02-25,2026-04-19,Name match in CMS Hospital General Information: PROVIDENCE MISSION HOSPITAL associated with Providence,0.8,False,html,Dataset: CMS Hospital General Information
METHODIST HOSPITAL OF SACRAMENTO,METHODIST HOSPITAL OF SACRAMENTO,Methodist Health System,METHODIST HEALTH SYSTEM,hospital,SACRAMENTO,CA,inferred_idn_relationship,Facility name contains 'METHODIST ',CMS Hospital General Information,https://data.cms.gov/provider-data/dataset/xubh-q36u,2026-02-25,2026-04-19,Name match in CMS Hospital General Information: METHODIST HOSPITAL OF SACRAMENTO associated with Methodist Health System,0.8,False,html,Dataset: CMS Hospital General Information
EMANATE HEALTH FOOTHILL PRESBYTERIAN HOSPITAL,EMANATE HEALTH FOOTHILL PRESBYTERIAN HOSPITAL,Presbyterian Healthcare Services,PRESBYTERIAN HEALTHCARE SERVICES,hospital,GLENDORA,CA,inferred_idn_relationship,Facility name contains 'PRESBYTERIAN ',CMS Hospital General Information,https://data.cms.gov/provider-data/dataset/xubh-q36u,2026-02-25,2026-04-19,Name match in CMS Hospital General Information: EMANATE HEALTH FOOTHILL PRESBYTERIAN HOSPITAL associated with Presbyterian Healthcare Services,0.8,False,html,Dataset: CMS Hospital General Information
KAISER FOUNDATION HOSPITAL-SAN JOSE,KAISER FOUNDATION HOSPITAL-SAN JOSE,Kaiser Permanente,KAISER PERMANENTE,hospital,SAN JOSE,CA,inferred_idn_relationship,Facility name contains 'KAISER ',CMS Hospital General Information,https://data.cms.gov/provider-data/dataset/xubh-q36u,2026-02-25,2026-04-19,Name match in CMS Hospital General Information: KAISER FOUNDATION HOSPITAL-SAN JOSE associated with Kaiser Permanente,0.8,False,html,Dataset: CMS Hospital General Information
KAISER FOUNDATION HOSPITAL - ORANGE COUNTY - ANAHEIM,KAISER FOUNDATION HOSPITAL - ORANGE COUNTY - ANAHEIM,Kaiser Permanente,KAISER PERMANENTE,hospital,ANAHEIM,CA,inferred_idn_relationship,Facility name contains 'KAISER ',CMS Hospital General Information,https://data.cms.gov/provider-data/dataset/xubh-q36u,2026-02-25,2026-04-19,Name match in CMS Hospital General Information: KAISER FOUNDATION HOSPITAL - ORANGE COUNTY - ANAHEIM associated with Kaiser Permanente,0.8,False,html,Dataset: CMS Hospital General Information
CEDARS-SINAI MEDICAL CENTER,CEDARS-SINAI MEDICAL CENTER,Cedars-Sinai,CEDARS-SINAI,hospital,LOS ANGELES,CA,inferred_idn_relationship,Facility name contains 'CEDARS-SINAI',CMS Hospital General Information,https://data.cms.gov/provider-data/dataset/xubh-q36u,2026-02-25,2026-04-19,Name match in CMS Hospital General Information: CEDARS-SINAI MEDICAL CENTER associated with Cedars-Sinai,0.8,False,html,Dataset: CMS Hospital General Information
KAISER FOUNDATION HOSP SO SACRAMENTO,KAISER FOUNDATION HOSP SO SACRAMENTO,Kaiser Permanente,KAISER PERMANENTE,hospital,SACRAMENTO,CA,inferred_idn_relationship,Facility name contains 'KAISER ',CMS Hospital General Information,https://data.cms.gov/provider-data/dataset/xubh-q36u,2026-02-25,2026-04-19,Name match in CMS Hospital General Information: KAISER FOUNDATION HOSP SO SACRAMENTO associated with Kaiser Permanente,0.8,False,html,Dataset: CMS Hospital General Information
KAISER FOUNDATION HOSPITAL - WOODLAND HILLS,KAISER FOUNDATION HOSPITAL - WOODLAND HILLS,Kaiser Permanente,KAISER PERMANENTE,hospital,WOODLAND HILLS,CA,inferred_idn_relationship,Facility name contains 'KAISER ',CMS Hospital General Information,https://data.cms.gov/provider-data/dataset/xubh-q36u,2026-02-25,2026-04-19,Name match in CMS Hospital General Information: KAISER FOUNDATION HOSPITAL - WOODLAND HILLS associated with Kaiser Permanente,0.8,False,html,Dataset: CMS Hospital General Information
"KAISER FOUNDATION HOSPITAL, RIVERSIDE","KAISER FOUNDATION HOSPITAL, RIVERSIDE",Kaiser Permanente,KAISER PERMANENTE,hospital,RIVERSIDE,CA,inferred_idn_relationship,Facility name contains 'KAISER ',CMS Hospital General Information,https://data.cms.gov/provider-data/dataset/xubh-q36u,2026-02-25,2026-04-19,"Name match in CMS Hospital General Information: KAISER FOUNDATION HOSPITAL, RIVERSIDE associated with Kaiser Permanente",0.8,False,html,Dataset: CMS Hospital General Information
KAISER FOUNDATION HOSPITAL-SANTA ROSA,KAISER FOUNDATION HOSPITAL-SANTA ROSA,Kaiser Permanente,KAISER PERMANENTE,hospital,SANTA ROSA,CA,inferred_idn_relationship,Facility name contains 'KAISER ',CMS Hospital General Information,https://data.cms.gov/provider-data/dataset/xubh-q36u,2026-02-25,2026-04-19,Name match in CMS Hospital General Information: KAISER FOUNDATION HOSPITAL-SANTA ROSA associated with Kaiser Permanente,0.8,False,html,Dataset: CMS Hospital General Information
KAISER FOUNDATION HOSPITAL - FRESNO,KAISER FOUNDATION HOSPITAL - FRESNO,Kaiser Permanente,KAISER PERMANENTE,hospital,FRESNO,CA,inferred_idn_relationship,Facility name contains 'KAISER ',CMS Hospital General Information,https://data.cms.gov/provider-data/dataset/xubh-q36u,2026-02-25,2026-04-19,Name match in CMS Hospital General Information: KAISER FOUNDATION HOSPITAL - FRESNO associated with Kaiser Permanente,0.8,False,html,Dataset: CMS Hospital General Information
KAISER FOUNDATION HOSPITAL - BALDWIN PARK,KAISER FOUNDATION HOSPITAL - BALDWIN PARK,Kaiser Permanente,KAISER PERMANENTE,hospital,BALDWIN PARK,CA,inferred_idn_relationship,Facility name contains 'KAISER ',CMS Hospital General Information,https://data.cms.gov/provider-data/dataset/xubh-q36u,2026-02-25,2026-04-19,Name match in CMS Hospital General Information: KAISER FOUNDATION HOSPITAL - BALDWIN PARK associated with Kaiser Permanente,0.8,False,html,Dataset: CMS Hospital General Information
KAISER FOUNDATION HOSPITAL MANTECA,KAISER FOUNDATION HOSPITAL MANTECA,Kaiser Permanente,KAISER PERMANENTE,hospital,MANTECA,CA,inferred_idn_relationship,Facility name contains 'KAISER ',CMS Hospital General Information,https://data.cms.gov/provider-data/dataset/xubh-q36u,2026-02-25,2026-04-19,Name match in CMS Hospital General Information: KAISER FOUNDATION HOSPITAL MANTECA associated with Kaiser Permanente,0.8,False,html,Dataset: CMS Hospital General Information
KAISER FOUNDATION HOSPITAL - ANTIOCH,KAISER FOUNDATION HOSPITAL - ANTIOCH,Kaiser Permanente,KAISER PERMANENTE,hospital,ANTIOCH,CA,inferred_idn_relationship,Facility name contains 'KAISER ',CMS Hospital General Information,https://data.cms.gov/provider-data/dataset/xubh-q36u,2026-02-25,2026-04-19,Name match in CMS Hospital General Information: KAISER FOUNDATION HOSPITAL - ANTIOCH associated with Kaiser Permanente,0.8,False,html,Dataset: CMS Hospital General Information
PROVIDENCE CEDARS SINAI TARZANA MEDICAL CENTER,PROVIDENCE CEDARS SINAI TARZANA MEDICAL CENTER,Providence,PROVIDENCE,hospital,TARZANA,CA,inferred_idn_relationship,Facility name contains 'PROVIDENCE ',CMS Hospital General Information,https://data.cms.gov/provider-data/dataset/xubh-q36u,2026-02-25,2026-04-19,Name match in CMS Hospital General Information: PROVIDENCE CEDARS SINAI TARZANA MEDICAL CENTER associated with Providence,0.8,False,html,Dataset: CMS Hospital General Information
KAISER FOUNDATION HOSPITAL-MORENO VALLEY,KAISER FOUNDATION HOSPITAL-MORENO VALLEY,Kaiser Permanente,KAISER PERMANENTE,hospital,MORENO VALLEY,CA,inferred_idn_relationship,Facility name contains 'KAISER ',CMS Hospital General Information,https://data.cms.gov/provider-data/dataset/xubh-q36u,2026-02-25,2026-04-19,Name match in CMS Hospital General Information: KAISER FOUNDATION HOSPITAL-MORENO VALLEY associated with Kaiser Permanente,0.8,False,html,Dataset: CMS Hospital General Information
KAISER FOUNDATION HOSPITAL - VACAVILLE,KAISER FOUNDATION HOSPITAL - VACAVILLE,Kaiser Permanente,KAISER PERMANENTE,hospital,VACAVILLE,CA,inferred_idn_relationship,Facility name contains 'KAISER ',CMS Hospital General Information,https://data.cms.gov/provider-data/dataset/xubh-q36u,2026-02-25,2026-04-19,Name match in CMS Hospital General Information: KAISER FOUNDATION HOSPITAL - VACAVILLE associated with Kaiser Permanente,0.8,False,html,Dataset: CMS Hospital General Information
LOMA LINDA UNIVERSITY MEDICAL CENTER-MURRIETA,LOMA LINDA UNIVERSITY MEDICAL CENTER-MURRIETA,Loma Linda University Health,LOMA LINDA UNIVERSITY HEALTH,hospital,MURRIETA,CA,inferred_idn_relationship,Facility name contains 'LOMA LINDA',CMS Hospital General Information,https://data.cms.gov/provider-data/dataset/xubh-q36u,2026-02-25,2026-04-19,Name match in CMS Hospital General Information: LOMA LINDA UNIVERSITY MEDICAL CENTER-MURRIETA associated with Loma Linda University Health,0.8,False,html,Dataset: CMS Hospital General Information
KAISER FOUNDATION HOSPITAL - ROSEVILLE,KAISER FOUNDATION HOSPITAL - ROSEVILLE,Kaiser Permanente,KAISER PERMANENTE,hospital,ROSEVILLE,CA,inferred_idn_relationship,Facility name contains 'KAISER ',CMS Hospital General Information,https://data.cms.gov/provider-data/dataset/xubh-q36u,2026-02-25,2026-04-19,Name match in CMS Hospital General Information: KAISER FOUNDATION HOSPITAL - ROSEVILLE associated with Kaiser Permanente,0.8,False,html,Dataset: CMS Hospital General Information
KAISER FOUNDATION HOSPITAL - SAN LEANDRO,KAISER FOUNDATION HOSPITAL - SAN LEANDRO,Kaiser Permanente,KAISER PERMANENTE,hospital,SAN LEANDRO,CA,inferred_idn_relationship,Facility name contains 'KAISER ',CMS Hospital General Information,https://data.cms.gov/provider-data/dataset/xubh-q36u,2026-02-25,2026-04-19,Name match in CMS Hospital General Information: KAISER FOUNDATION HOSPITAL - SAN LEANDRO associated with Kaiser Permanente,0.8,False,html,Dataset: CMS Hospital General Information
LOMA LINDA UNIVERSITY CHILDREN'S HOSPITAL,LOMA LINDA UNIVERSITY CHILDREN'S HOSPITAL,Loma Linda University Health,LOMA LINDA UNIVERSITY HEALTH,hospital,LOMA LINDA,CA,inferred_idn_relationship,Facility name contains 'LOMA LINDA',CMS Hospital General Information,https://data.cms.gov/provider-data/dataset/xubh-q36u,2026-02-25,2026-04-19,Name match in CMS Hospital General Information: LOMA LINDA UNIVERSITY CHILDREN'S HOSPITAL associated with Loma Linda University Health,0.8,False,html,Dataset: CMS Hospital General Information
KAISER FOUNDATION HOSPITAL - SAN MARCOS,KAISER FOUNDATION HOSPITAL - SAN MARCOS,Kaiser Permanente,KAISER PERMANENTE,hospital,SAN MARCOS,CA,inferred_idn_relationship,Facility name contains 'KAISER ',CMS Hospital General Information,https://data.cms.gov/provider-data/dataset/xubh-q36u,2026-02-25,2026-04-19,Name match in CMS Hospital General Information: KAISER FOUNDATION HOSPITAL - SAN MARCOS associated with Kaiser Permanente,0.8,False,html,Dataset: CMS Hospital General Information
LOMA LINDA VA MEDICAL CENTER,LOMA LINDA VA MEDICAL CENTER,Loma Linda University Health,LOMA LINDA UNIVERSITY HEALTH,hospital,LOMA LINDA,CA,inferred_idn_relationship,Facility name contains 'LOMA LINDA',CMS Hospital General Information,https://data.cms.gov/provider-data/dataset/xubh-q36u,2026-02-25,2026-04-19,Name match in CMS Hospital General Information: LOMA LINDA VA MEDICAL CENTER associated with Loma Linda University Health,0.8,False,html,Dataset: CMS Hospital General Information
PROVIDENCE REDWOOD MEMORIAL HOSPITAL,PROVIDENCE REDWOOD MEMORIAL HOSPITAL,Providence,PROVIDENCE,hospital,FORTUNA,CA,inferred_idn_relationship,Facility name contains 'PROVIDENCE ',CMS Hospital General Information,https://data.cms.gov/provider-data/dataset/xubh-q36u,2026-02-25,2026-04-19,Name match in CMS Hospital General Information: PROVIDENCE REDWOOD MEMORIAL HOSPITAL associated with Providence,0.8,False,html,Dataset: CMS Hospital General Information
MERCY MEDICAL CENTER OF MT SHASTA,MERCY MEDICAL CENTER OF MT SHASTA,Mercy,MERCY,hospital,MOUNT SHASTA,CA,inferred_idn_relationship,Facility name contains 'MERCY ',CMS Hospital General Information,https://data.cms.gov/provider-data/dataset/xubh-q36u,2026-02-25,2026-04-19,Name match in CMS Hospital General Information: MERCY MEDICAL CENTER OF MT SHASTA associated with Mercy,0.8,False,html,Dataset: CMS Hospital General Information
KAISER PERMANENTE PSYCHIATRIC HEALTH FACILITY-SANT,KAISER PERMANENTE PSYCHIATRIC HEALTH FACILITY-SANT,Kaiser Permanente,KAISER PERMANENTE,hospital,SANTA CLARA,CA,inferred_idn_relationship,Facility name contains 'KAISER ',CMS Hospital General Information,https://data.cms.gov/provider-data/dataset/xubh-q36u,2026-02-25,2026-04-19,Name match in CMS Hospital General Information: KAISER PERMANENTE PSYCHIATRIC HEALTH FACILITY-SANT associated with Kaiser Permanente,0.8,False,html,Dataset: CMS Hospital General Information
INTERMOUNTAIN HEALTH PLATTE VALLEY HOSPITAL,INTERMOUNTAIN HEALTH PLATTE VALLEY HOSPITAL,Intermountain Healthcare,INTERMOUNTAIN HEALTHCARE,hospital,BRIGHTON,CO,inferred_idn_relationship,Facility name contains 'INTERMOUNTAIN',CMS Hospital General Information,https://data.cms.gov/provider-data/dataset/xubh-q36u,2026-02-25,2026-04-19,Name match in CMS Hospital General Information: INTERMOUNTAIN HEALTH PLATTE VALLEY HOSPITAL associated with Intermountain Healthcare,0.8,False,html,Dataset: CMS Hospital General Information
MERCY REGIONAL MEDICAL CENTER,MERCY REGIONAL MEDICAL CENTER,Mercy,MERCY,hospital,DURANGO,CO,inferred_idn_relationship,Facility name contains 'MERCY ',CMS Hospital General Information,https://data.cms.gov/provider-data/dataset/xubh-q36u,2026-02-25,2026-04-19,Name match in CMS Hospital General Information: MERCY REGIONAL MEDICAL CENTER associated with Mercy,0.8,False,html,Dataset: CMS Hospital General Information
HCA HEALTHONE PRESBYTERIAN ST LUKES,HCA HEALTHONE PRESBYTERIAN ST LUKES,HCA Healthcare,HCA HEALTHCARE,hospital,DENVER,CO,health_system_owned,Facility name contains 'HCA ',CMS Hospital General Information,https://data.cms.gov/provider-data/dataset/xubh-q36u,2026-02-25,2026-04-19,Name match in CMS Hospital General Information: HCA HEALTHONE PRESBYTERIAN ST LUKES associated with HCA Healthcare,0.9,False,html,Dataset: CMS Hospital General Information
INTERMOUNTAIN HEALTH ST. MARY'S REGIONAL HOSPITAL,INTERMOUNTAIN HEALTH ST. MARY'S REGIONAL HOSPITAL,Intermountain Healthcare,INTERMOUNTAIN HEALTHCARE,hospital,GRAND JUNCTION,CO,inferred_idn_relationship,Facility name contains 'INTERMOUNTAIN',CMS Hospital General Information,https://data.cms.gov/provider-data/dataset/xubh-q36u,2026-02-25,2026-04-19,Name match in CMS Hospital General Information: INTERMOUNTAIN HEALTH ST. MARY'S REGIONAL HOSPITAL associated with Intermountain Healthcare,0.8,False,html,Dataset: CMS Hospital General Information
HCA HEALTHONE ROSE,HCA HEALTHONE ROSE,HCA Healthcare,HCA HEALTHCARE,hospital,DENVER,CO,health_system_owned,Facility name contains 'HCA ',CMS Hospital General Information,https://data.cms.gov/provider-data/dataset/xubh-q36u,2026-02-25,2026-04-19,Name match in CMS Hospital General Information: HCA HEALTHONE ROSE associated with HCA Healthcare,0.9,False,html,Dataset: CMS Hospital General Information
AdventHealth Porter,ADVENTHEALTH PORTER,AdventHealth,ADVENTHEALTH,hospital,DENVER,CO,inferred_idn_relationship,Facility name contains 'ADVENTHEALTH',CMS Hospital General Information,https://data.cms.gov/provider-data/dataset/xubh-q36u,2026-02-25,2026-04-19,Name match in CMS Hospital General Information: AdventHealth Porter associated with AdventHealth,0.8,False,html,Dataset: CMS Hospital General Information
HCA HEALTHONE MOUNTAIN RIDGE,HCA HEALTHONE MOUNTAIN RIDGE,HCA Healthcare,HCA HEALTHCARE,hospital,THORNTON,CO,health_system_owned,Facility name contains 'HCA ',CMS Hospital General Information,https://data.cms.gov/provider-data/dataset/xubh-q36u,2026-02-25,2026-04-19,Name match in CMS Hospital General Information: HCA HEALTHONE MOUNTAIN RIDGE associated with HCA Healthcare,0.9,False,html,Dataset: CMS Hospital General Information
ADVENTHEALTH AVISTA,ADVENTHEALTH AVISTA,AdventHealth,ADVENTHEALTH,hospital,LOUISVILLE,CO,inferred_idn_relationship,Facility name contains 'ADVENTHEALTH',CMS Hospital General Information,https://data.cms.gov/provider-data/dataset/xubh-q36u,2026-02-25,2026-04-19,Name match in CMS Hospital General Information: ADVENTHEALTH AVISTA associated with AdventHealth,0.8,False,html,Dataset: CMS Hospital General Information
AdventHealth Littleton,ADVENTHEALTH LITTLETON,AdventHealth,ADVENTHEALTH,hospital,LITTLETON,CO,inferred_idn_relationship,Facility name contains 'ADVENTHEALTH',CMS Hospital General Information,https://data.cms.gov/provider-data/dataset/xubh-q36u,2026-02-25,2026-04-19,Name match in CMS Hospital General Information: AdventHealth Littleton associated with AdventHealth,0.8,False,html,Dataset: CMS Hospital General Information
AdventHealth Parker,ADVENTHEALTH PARKER,AdventHealth,ADVENTHEALTH,hospital,PARKER,CO,inferred_idn_relationship,Facility name contains 'ADVENTHEALTH',CMS Hospital General Information,https://data.cms.gov/provider-data/dataset/xubh-q36u,2026-02-25,2026-04-19,Name match in CMS Hospital General Information: AdventHealth Parker associated with AdventHealth,0.8,False,html,Dataset: CMS Hospital General Information
ADVENTHEALTH CASTLE ROCK,ADVENTHEALTH CASTLE ROCK,AdventHealth,ADVENTHEALTH,hospital,CASTLE ROCK,CO,inferred_idn_relationship,Facility name contains 'ADVENTHEALTH',CMS Hospital General Information,https://data.cms.gov/provider-data/dataset/xubh-q36u,2026-02-25,2026-04-19,Name match in CMS Hospital General Information: ADVENTHEALTH CASTLE ROCK associated with AdventHealth,0.8,False,html,Dataset: CMS Hospital General Information
ORLANDO HEALTH,ORLANDO HEALTH,Orlando Health,ORLANDO HEALTH,hospital,ORLANDO,FL,inferred_idn_relationship,Facility name contains 'ORLANDO HEALTH',CMS Hospital General Information,https://data.cms.gov/provider-data/dataset/xubh-q36u,2026-02-25,2026-04-19,Name match in CMS Hospital General Information: ORLANDO HEALTH associated with Orlando Health,0.8,False,html,Dataset: CMS Hospital General Information
ADVENTHEALTH ORLANDO,ADVENTHEALTH ORLANDO,AdventHealth,ADVENTHEALTH,hospital,ORLANDO,FL,inferred_idn_relationship,Facility name contains 'ADVENTHEALTH',CMS Hospital General Information,https://data.cms.gov/provider-data/dataset/xubh-q36u,2026-02-25,2026-04-19,Name match in CMS Hospital General Information: ADVENTHEALTH ORLANDO associated with AdventHealth,0.8,False,html,Dataset: CMS Hospital General Information
ADVENTHEALTH NEW SMYRNA BEACH,ADVENTHEALTH NEW SMYRNA BEACH,AdventHealth,ADVENTHEALTH,hospital,NEW SMYRNA BEACH,FL,inferred_idn_relationship,Facility name contains 'ADVENTHEALTH',CMS Hospital General Information,https://data.cms.gov/provider-data/dataset/xubh-q36u,2026-02-25,2026-04-19,Name match in CMS Hospital General Information: ADVENTHEALTH NEW SMYRNA BEACH associated with AdventHealth,0.8,False,html,Dataset: CMS Hospital General Information
HCA FLORIDA CITRUS HOSPITAL,HCA FLORIDA CITRUS HOSPITAL,HCA Healthcare,HCA HEALTHCARE,hospital,INVERNESS,FL,health_system_owned,Facility name contains 'HCA ',CMS Hospital General Information,https://data.cms.gov/provider-data/dataset/xubh-q36u,2026-02-25,2026-04-19,Name match in CMS Hospital General Information: HCA FLORIDA CITRUS HOSPITAL associated with HCA Healthcare,0.9,False,html,Dataset: CMS Hospital General Information
ASCENSION SACRED HEART BAY,ASCENSION SACRED HEART BAY,Ascension,ASCENSION,hospital,PANAMA CITY,FL,inferred_idn_relationship,Facility name contains 'ASCENSION',CMS Hospital General Information,https://data.cms.gov/provider-data/dataset/xubh-q36u,2026-02-25,2026-04-19,Name match in CMS Hospital General Information: ASCENSION SACRED HEART BAY associated with Ascension,0.8,False,html,Dataset: CMS Hospital General Information
ORLANDO HEALTH-HEALTH CENTRAL HOSPITAL,ORLANDO HEALTH-HEALTH CENTRAL HOSPITAL,Orlando Health,ORLANDO HEALTH,hospital,OCOEE,FL,inferred_idn_relationship,Facility name contains 'ORLANDO HEALTH',CMS Hospital General Information,https://data.cms.gov/provider-data/dataset/xubh-q36u,2026-02-25,2026-04-19,Name match in CMS Hospital General Information: ORLANDO HEALTH-HEALTH CENTRAL HOSPITAL associated with Orlando Health,0.8,False,html,Dataset: CMS Hospital General Information
ORLANDO HEALTH BAYFRONT HOSPITAL,ORLANDO HEALTH BAYFRONT HOSPITAL,Orlando Health,ORLANDO HEALTH,hospital,SAINT PETERSBURG,FL,inferred_idn_relationship,Facility name contains 'ORLANDO HEALTH',CMS Hospital General Information,https://data.cms.gov/provider-data/dataset/xubh-q36u,2026-02-25,2026-04-19,Name match in CMS Hospital General Information: ORLANDO HEALTH BAYFRONT HOSPITAL associated with Orlando Health,0.8,False,html,Dataset: CMS Hospital General Information
"MOUNT SINAI MEDICAL CENTER OF FLORIDA, INC","MOUNT SINAI MEDICAL CENTER OF FLORIDA, INC",Mount Sinai Health System,MOUNT SINAI HEALTH SYSTEM,hospital,MIAMI BEACH,FL,inferred_idn_relationship,Facility name contains 'MOUNT SINAI',CMS Hospital General Information,https://data.cms.gov/provider-data/dataset/xubh-q36u,2026-02-25,2026-04-19,"Name match in CMS Hospital General Information: MOUNT SINAI MEDICAL CENTER OF FLORIDA, INC associated with Mount Sinai Health System",0.8,False,html,Dataset: CMS Hospital General Information
ASCENSION ST VINCENT'S RIVERSIDE,ASCENSION ST VINCENT'S RIVERSIDE,Ascension,ASCENSION,hospital,JACKSONVILLE,FL,inferred_idn_relationship,Facility name contains 'ASCENSION',CMS Hospital General Information,https://data.cms.gov/provider-data/dataset/xubh-q36u,2026-02-25,2026-04-19,Name match in CMS Hospital General Information: ASCENSION ST VINCENT'S RIVERSIDE associated with Ascension,0.8,False,html,Dataset: CMS Hospital General Information
CLEVELAND CLINIC MARTIN NORTH HOSPITAL,CLEVELAND CLINIC MARTIN NORTH HOSPITAL,Cleveland Clinic,CLEVELAND CLINIC,hospital,STUART,FL,inferred_idn_relationship,Facility name contains 'CLEVELAND CLINIC',CMS Hospital General Information,https://data.cms.gov/provider-data/dataset/xubh-q36u,2026-02-25,2026-04-19,Name match in CMS Hospital General Information: CLEVELAND CLINIC MARTIN NORTH HOSPITAL associated with Cleveland Clinic,0.8,False,html,Dataset: CMS Hospital General Information
ADVENTHEALTH DELAND,ADVENTHEALTH DELAND,AdventHealth,ADVENTHEALTH,hospital,DELAND,FL,inferred_idn_relationship,Facility name contains 'ADVENTHEALTH',CMS Hospital General Information,https://data.cms.gov/provider-data/dataset/xubh-q36u,2026-02-25,2026-04-19,Name match in CMS Hospital General Information: ADVENTHEALTH DELAND associated with AdventHealth,0.8,False,html,Dataset: CMS Hospital General Information
Adventhealth Zephyrhills,ADVENTHEALTH ZEPHYRHILLS,AdventHealth,ADVENTHEALTH,hospital,ZEPHYRHILLS,FL,inferred_idn_relationship,Facility name contains 'ADVENTHEALTH',CMS Hospital General Information,https://data.cms.gov/provider-data/dataset/xubh-q36u,2026-02-25,2026-04-19,Name match in CMS Hospital General Information: Adventhealth Zephyrhills associated with AdventHealth,0.8,False,html,Dataset: CMS Hospital General Information
HCA FLORIDA HIGHLANDS HOSPITAL,HCA FLORIDA HIGHLANDS HOSPITAL,HCA Healthcare,HCA HEALTHCARE,hospital,SEBRING,FL,health_system_owned,Facility name contains 'HCA ',CMS Hospital General Information,https://data.cms.gov/provider-data/dataset/xubh-q36u,2026-02-25,2026-04-19,Name match in CMS Hospital General Information: HCA FLORIDA HIGHLANDS HOSPITAL associated with HCA Healthcare,0.9,False,html,Dataset: CMS Hospital General Information
ORLANDO HEALTH SOUTH LAKE HOSPITAL,ORLANDO HEALTH SOUTH LAKE HOSPITAL,Orlando Health,ORLANDO HEALTH,hospital,CLERMONT,FL,inferred_idn_relationship,Facility name contains 'ORLANDO HEALTH',CMS Hospital General Information,https://data.cms.gov/provider-data/dataset/xubh-q36u,2026-02-25,2026-04-19,Name match in CMS Hospital General Information: ORLANDO HEALTH SOUTH LAKE HOSPITAL associated with Orlando Health,0.8,False,html,Dataset: CMS Hospital General Information
HCA FLORIDA TWIN CITIES HOSPITAL,HCA FLORIDA TWIN CITIES HOSPITAL,HCA Healthcare,HCA HEALTHCARE,hospital,NICEVILLE,FL,health_system_owned,Facility name contains 'HCA ',CMS Hospital General Information,https://data.cms.gov/provider-data/dataset/xubh-q36u,2026-02-25,2026-04-19,Name match in CMS Hospital General Information: HCA FLORIDA TWIN CITIES HOSPITAL associated with HCA Healthcare,0.9,False,html,Dataset: CMS Hospital General Information
ADVENTHEALTH NORTH PINELLAS,ADVENTHEALTH NORTH PINELLAS,AdventHealth,ADVENTHEALTH,hospital,TARPON SPRINGS,FL,inferred_idn_relationship,Facility name contains 'ADVENTHEALTH',CMS Hospital General Information,https://data.cms.gov/provider-data/dataset/xubh-q36u,2026-02-25,2026-04-19,Name match in CMS Hospital General Information: ADVENTHEALTH NORTH PINELLAS associated with AdventHealth,0.8,False,html,Dataset: CMS Hospital General Information
ADVENTHEALTH WATERMAN,ADVENTHEALTH WATERMAN,AdventHealth,ADVENTHEALTH,hospital,TAVARES,FL,inferred_idn_relationship,Facility name contains 'ADVENTHEALTH',CMS Hospital General Information,https://data.cms.gov/provider-data/dataset/xubh-q36u,2026-02-25,2026-04-19,Name match in CMS Hospital General Information: ADVENTHEALTH WATERMAN associated with AdventHealth,0.8,False,html,Dataset: CMS Hospital General Information
ADVENTHEALTH OCALA,ADVENTHEALTH OCALA,AdventHealth,ADVENTHEALTH,hospital,OCALA,FL,inferred_idn_relationship,Facility name contains 'ADVENTHEALTH',CMS Hospital General Information,https://data.cms.gov/provider-data/dataset/xubh-q36u,2026-02-25,2026-04-19,Name match in CMS Hospital General Information: ADVENTHEALTH OCALA associated with AdventHealth,0.8,False,html,Dataset: CMS Hospital General Information
ADVENTHEALTH DAYTONA BEACH,ADVENTHEALTH DAYTONA BEACH,AdventHealth,ADVENTHEALTH,hospital,DAYTONA BEACH,FL,inferred_idn_relationship,Facility name contains 'ADVENTHEALTH',CMS Hospital General Information,https://data.cms.gov/provider-data/dataset/xubh-q36u,2026-02-25,2026-04-19,Name match in CMS Hospital General Information: ADVENTHEALTH DAYTONA BEACH associated with AdventHealth,0.8,False,html,Dataset: CMS Hospital General Information
AdventHealth Carrollwood,ADVENTHEALTH CARROLLWOOD,AdventHealth,ADVENTHEALTH,hospital,TAMPA,FL,inferred_idn_relationship,Facility name contains 'ADVENTHEALTH',CMS Hospital General Information,https://data.cms.gov/provider-data/dataset/xubh-q36u,2026-02-25,2026-04-19,Name match in CMS Hospital General Information: AdventHealth Carrollwood associated with AdventHealth,0.8,False,html,Dataset: CMS Hospital General Information
ADVENTHEALTH FISH MEMORIAL,ADVENTHEALTH FISH MEMORIAL,AdventHealth,ADVENTHEALTH,hospital,ORANGE CITY,FL,inferred_idn_relationship,Facility name contains 'ADVENTHEALTH',CMS Hospital General Information,https://data.cms.gov/provider-data/dataset/xubh-q36u,2026-02-25,2026-04-19,Name match in CMS Hospital General Information: ADVENTHEALTH FISH MEMORIAL associated with AdventHealth,0.8,False,html,Dataset: CMS Hospital General Information
Adventhealth Port Charlotte,ADVENTHEALTH PORT CHARLOTTE,AdventHealth,ADVENTHEALTH,hospital,PORT CHARLOTTE,FL,inferred_idn_relationship,Facility name contains 'ADVENTHEALTH',CMS Hospital General Information,https://data.cms.gov/provider-data/dataset/xubh-q36u,2026-02-25,2026-04-19,Name match in CMS Hospital General Information: Adventhealth Port Charlotte associated with AdventHealth,0.8,False,html,Dataset: CMS Hospital General Information
HCA FLORIDA JFK HOSPITAL,HCA FLORIDA JFK HOSPITAL,HCA Healthcare,HCA HEALTHCARE,hospital,ATLANTIS,FL,health_system_owned,Facility name contains 'HCA ',CMS Hospital General Information,https://data.cms.gov/provider-data/dataset/xubh-q36u,2026-02-25,2026-04-19,Name match in CMS Hospital General Information: HCA FLORIDA JFK HOSPITAL associated with HCA Healthcare,0.9,False,html,Dataset: CMS Hospital General Information
UF HEALTH LEESBURG HOSPITAL,UF HEALTH LEESBURG HOSPITAL,UF Health,UF HEALTH,hospital,LEESBURG,FL,inferred_idn_relationship,Facility name contains 'UF HEALTH',CMS Hospital General Information,https://data.cms.gov/provider-data/dataset/xubh-q36u,2026-02-25,2026-04-19,Name match in CMS Hospital General Information: UF HEALTH LEESBURG HOSPITAL associated with UF Health,0.8,False,html,Dataset: CMS Hospital General Information
BAPTIST HEALTH MEDICAL CENTER - JACKSONVILLE,BAPTIST HEALTH MEDICAL CENTER - JACKSONVILLE,Baptist Health,BAPTIST HEALTH,hospital,JACKSONVILLE,FL,inferred_idn_relationship,Facility name contains 'BAPTIST HEALTH',CMS Hospital General Information,https://data.cms.gov/provider-data/dataset/xubh-q36u,2026-02-25,2026-04-19,Name match in CMS Hospital General Information: BAPTIST HEALTH MEDICAL CENTER - JACKSONVILLE associated with Baptist Health,0.8,False,html,Dataset: CMS Hospital General Information
ORLANDO HEALTH ROCKLEDGE HOSPITAL,ORLANDO HEALTH ROCKLEDGE HOSPITAL,Orlando Health,ORLANDO HEALTH,hospital,ROCKLEDGE,FL,inferred_idn_relationship,Facility name contains 'ORLANDO HEALTH',CMS Hospital General Information,https://data.cms.gov/provider-data/dataset/xubh-q36u,2026-02-25,2026-04-19,Name match in CMS Hospital General Information: ORLANDO HEALTH ROCKLEDGE HOSPITAL associated with Orlando Health,0.8,False,html,Dataset: CMS Hospital General Information
ADVENTHEALTH LAKE WALES,ADVENTHEALTH LAKE WALES,AdventHealth,ADVENTHEALTH,hospital,LAKE WALES,FL,inferred_idn_relationship,Facility name contains 'ADVENTHEALTH',CMS Hospital General Information,https://data.cms.gov/provider-data/dataset/xubh-q36u,2026-02-25,2026-04-19,Name match in CMS Hospital General Information: ADVENTHEALTH LAKE WALES associated with AdventHealth,0.8,False,html,Dataset: CMS Hospital General Information
CLEVELAND CLINIC INDIAN RIVER HOSPITAL,CLEVELAND CLINIC INDIAN RIVER HOSPITAL,Cleveland Clinic,CLEVELAND CLINIC,hospital,VERO BEACH,FL,inferred_idn_relationship,Facility name contains 'CLEVELAND CLINIC',CMS Hospital General Information,https://data.cms.gov/provider-data/dataset/xubh-q36u,2026-02-25,2026-04-19,Name match in CMS Hospital General Information: CLEVELAND CLINIC INDIAN RIVER HOSPITAL associated with Cleveland Clinic,0.8,False,html,Dataset: CMS Hospital General Information
HCA FLORIDA LEHIGH REGIONAL MEDICAL CENTER,HCA FLORIDA LEHIGH REGIONAL MEDICAL CENTER,HCA Healthcare,HCA HEALTHCARE,hospital,LEHIGH ACRES,FL,health_system_owned,Facility name contains 'HCA ',CMS Hospital General Information,https://data.cms.gov/provider-data/dataset/xubh-q36u,2026-02-25,2026-04-19,Name match in CMS Hospital General Information: HCA FLORIDA LEHIGH REGIONAL MEDICAL CENTER associated with HCA Healthcare,0.9,False,html,Dataset: CMS Hospital General Information
ADVENTHEALTH SEBRING,ADVENTHEALTH SEBRING,AdventHealth,ADVENTHEALTH,hospital,SEBRING,FL,inferred_idn_relationship,Facility name contains 'ADVENTHEALTH',CMS Hospital General Information,https://data.cms.gov/provider-data/dataset/xubh-q36u,2026-02-25,2026-04-19,Name match in CMS Hospital General Information: ADVENTHEALTH SEBRING associated with AdventHealth,0.8,False,html,Dataset: CMS Hospital General Information
HCA FLORIDA OSCEOLA HOSPITAL,HCA FLORIDA OSCEOLA HOSPITAL,HCA Healthcare,HCA HEALTHCARE,hospital,KISSIMMEE,FL,health_system_owned,Facility name contains 'HCA ',CMS Hospital General Information,https://data.cms.gov/provider-data/dataset/xubh-q36u,2026-02-25,2026-04-19,Name match in CMS Hospital General Information: HCA FLORIDA OSCEOLA HOSPITAL associated with HCA Healthcare,0.9,False,html,Dataset: CMS Hospital General Information
UF HEALTH SHANDS HOSPITAL,UF HEALTH SHANDS HOSPITAL,UF Health,UF HEALTH,hospital,GAINESVILLE,FL,inferred_idn_relationship,Facility name contains 'UF HEALTH',CMS Hospital General Information,https://data.cms.gov/provider-data/dataset/xubh-q36u,2026-02-25,2026-04-19,Name match in CMS Hospital General Information: UF HEALTH SHANDS HOSPITAL associated with UF Health,0.8,False,html,Dataset: CMS Hospital General Information
AdventHealth Palm Coast,ADVENTHEALTH PALM COAST,AdventHealth,ADVENTHEALTH,hospital,PALM COAST,FL,inferred_idn_relationship,Facility name contains 'ADVENTHEALTH',CMS Hospital General Information,https://data.cms.gov/provider-data/dataset/xubh-q36u,2026-02-25,2026-04-19,Name match in CMS Hospital General Information: AdventHealth Palm Coast associated with AdventHealth,0.8,False,html,Dataset: CMS Hospital General Information
HCA FLORIDA PASADENA HOSPITAL A PART OF HCA FLORID,HCA FLORIDA PASADENA HOSPITAL A PART OF HCA FLORID,HCA Healthcare,HCA HEALTHCARE,hospital,SAINT PETERSBURG,FL,health_system_owned,Facility name contains 'HCA ',CMS Hospital General Information,https://data.cms.gov/provider-data/dataset/xubh-q36u,2026-02-25,2026-04-19,Name match in CMS Hospital General Information: HCA FLORIDA PASADENA HOSPITAL A PART OF HCA FLORID associated with HCA Healthcare,0.9,True,html,Dataset: CMS Hospital General Information
HCA FLORIDA AVENTURA HOSPITAL,HCA FLORIDA AVENTURA HOSPITAL,HCA Healthcare,HCA HEALTHCARE,hospital,AVENTURA,FL,health_system_owned,Facility name contains 'HCA ',CMS Hospital General Information,https://data.cms.gov/provider-data/dataset/xubh-q36u,2026-02-25,2026-04-19,Name match in CMS Hospital General Information: HCA FLORIDA AVENTURA HOSPITAL associated with HCA Healthcare,0.9,False,html,Dataset: CMS Hospital General Information
ADVENTHEALTH HEART OF FLORIDA,ADVENTHEALTH HEART OF FLORIDA,AdventHealth,ADVENTHEALTH,hospital,DAVENPORT,FL,inferred_idn_relationship,Facility name contains 'ADVENTHEALTH',CMS Hospital General Information,https://data.cms.gov/provider-data/dataset/xubh-q36u,2026-02-25,2026-04-19,Name match in CMS Hospital General Information: ADVENTHEALTH HEART OF FLORIDA associated with AdventHealth,0.8,False,html,Dataset: CMS Hospital General Information
MAYO CLINIC,MAYO CLINIC,Mayo Clinic,MAYO CLINIC,hospital,JACKSONVILLE,FL,inferred_idn_relationship,Facility name contains 'MAYO CLINIC',CMS Hospital General Information,https://data.cms.gov/provider-data/dataset/xubh-q36u,2026-02-25,2026-04-19,Name match in CMS Hospital General Information: MAYO CLINIC associated with Mayo Clinic,0.8,False,html,Dataset: CMS Hospital General Information
HCA FLORIDA LAKE CITY HOSPITAL,HCA FLORIDA LAKE CITY HOSPITAL,HCA Healthcare,HCA HEALTHCARE,hospital,LAKE CITY,FL,health_system_owned,Facility name contains 'HCA ',CMS Hospital General Information,https://data.cms.gov/provider-data/dataset/xubh-q36u,2026-02-25,2026-04-19,Name match in CMS Hospital General Information: HCA FLORIDA LAKE CITY HOSPITAL associated with HCA Healthcare,0.9,False,html,Dataset: CMS Hospital General Information
HCA FLORIDA SARASOTA DOCTORS HOSPITAL,HCA FLORIDA SARASOTA DOCTORS HOSPITAL,HCA Healthcare,HCA HEALTHCARE,hospital,SARASOTA,FL,health_system_owned,Facility name contains 'HCA ',CMS Hospital General Information,https://data.cms.gov/provider-data/dataset/xubh-q36u,2026-02-25,2026-04-19,Name match in CMS Hospital General Information: HCA FLORIDA SARASOTA DOCTORS HOSPITAL associated with HCA Healthcare,0.9,False,html,Dataset: CMS Hospital General Information
HCA FLORIDA MERCY HOSPITAL,HCA FLORIDA MERCY HOSPITAL,HCA Healthcare,HCA HEALTHCARE,hospital,PLANTATION,FL,health_system_owned,Facility name contains 'HCA ',CMS Hospital General Information,https://data.cms.gov/provider-data/dataset/xubh-q36u,2026-02-25,2026-04-19,Name match in CMS Hospital General Information: HCA FLORIDA MERCY HOSPITAL associated with HCA Healthcare,0.9,False,html,Dataset: CMS Hospital General Information
ADVENTHEALTH TAMPA,ADVENTHEALTH TAMPA,AdventHealth,ADVENTHEALTH,hospital,TAMPA,FL,inferred_idn_relationship,Facility name contains 'ADVENTHEALTH',CMS Hospital General Information,https://data.cms.gov/provider-data/dataset/xubh-q36u,2026-02-25,2026-04-19,Name match in CMS Hospital General Information: ADVENTHEALTH TAMPA associated with AdventHealth,0.8,False,html,Dataset: CMS Hospital General Information
HCA FLORIDA MEMORIAL HOSPITAL,HCA FLORIDA MEMORIAL HOSPITAL,HCA Healthcare,HCA HEALTHCARE,hospital,JACKSONVILLE,FL,health_system_owned,Facility name contains 'HCA ',CMS Hospital General Information,https://data.cms.gov/provider-data/dataset/xubh-q36u,2026-02-25,2026-04-19,Name match in CMS Hospital General Information: HCA FLORIDA MEMORIAL HOSPITAL associated with HCA Healthcare,0.9,False,html,Dataset: CMS Hospital General Information
HCA FLORIDA ST PETERSBURG HOSPITAL,HCA FLORIDA ST PETERSBURG HOSPITAL,HCA Healthcare,HCA HEALTHCARE,hospital,SAINT PETERSBURG,FL,health_system_owned,Facility name contains 'HCA ',CMS Hospital General Information,https://data.cms.gov/provider-data/dataset/xubh-q36u,2026-02-25,2026-04-19,Name match in CMS Hospital General Information: HCA FLORIDA ST PETERSBURG HOSPITAL associated with HCA Healthcare,0.9,False,html,Dataset: CMS Hospital General Information
HCA FLORIDA NORTHWEST HOSPITAL,HCA FLORIDA NORTHWEST HOSPITAL,HCA Healthcare,HCA HEALTHCARE,hospital,MARGATE,FL,health_system_owned,Facility name contains 'HCA ',CMS Hospital General Information,https://data.cms.gov/provider-data/dataset/xubh-q36u,2026-02-25,2026-04-19,Name match in CMS Hospital General Information: HCA FLORIDA NORTHWEST HOSPITAL associated with HCA Healthcare,0.9,False,html,Dataset: CMS Hospital General Information
HCA FLORIDA TRINITY HOSPITAL,HCA FLORIDA TRINITY HOSPITAL,HCA Healthcare,HCA HEALTHCARE,hospital,TRINITY,FL,health_system_owned,Facility name contains 'HCA ',CMS Hospital General Information,https://data.cms.gov/provider-data/dataset/xubh-q36u,2026-02-25,2026-04-19,Name match in CMS Hospital General Information: HCA FLORIDA TRINITY HOSPITAL associated with HCA Healthcare,0.9,False,html,Dataset: CMS Hospital General Information
HCA FLORIDA NORTH FLORIDA HOSPITAL,HCA FLORIDA NORTH FLORIDA HOSPITAL,HCA Healthcare,HCA HEALTHCARE,hospital,GAINESVILLE,FL,health_system_owned,Facility name contains 'HCA ',CMS Hospital General Information,https://data.cms.gov/provider-data/dataset/xubh-q36u,2026-02-25,2026-04-19,Name match in CMS Hospital General Information: HCA FLORIDA NORTH FLORIDA HOSPITAL associated with HCA Healthcare,0.9,False,html,Dataset: CMS Hospital General Information
HCA FLORIDA SOUTH TAMPA HOSPITAL,HCA FLORIDA SOUTH TAMPA HOSPITAL,HCA Healthcare,HCA HEALTHCARE,hospital,TAMPA,FL,health_system_owned,Facility name contains 'HCA ',CMS Hospital General Information,https://data.cms.gov/provider-data/dataset/xubh-q36u,2026-02-25,2026-04-19,Name match in CMS Hospital General Information: HCA FLORIDA SOUTH TAMPA HOSPITAL associated with HCA Healthcare,0.9,False,html,Dataset: CMS Hospital General Information
HCA FLORIDA KENDALL HOSPITAL,HCA FLORIDA KENDALL HOSPITAL,HCA Healthcare,HCA HEALTHCARE,hospital,MIAMI,FL,health_system_owned,Facility name contains 'HCA ',CMS Hospital General Information,https://data.cms.gov/provider-data/dataset/xubh-q36u,2026-02-25,2026-04-19,Name match in CMS Hospital General Information: HCA FLORIDA KENDALL HOSPITAL associated with HCA Healthcare,0.9,False,html,Dataset: CMS Hospital General Information
ADVENTHEALTH DADE CITY,ADVENTHEALTH DADE CITY,AdventHealth,ADVENTHEALTH,hospital,DADE CITY,FL,inferred_idn_relationship,Facility name contains 'ADVENTHEALTH',CMS Hospital General Information,https://data.cms.gov/provider-data/dataset/xubh-q36u,2026-02-25,2026-04-19,Name match in CMS Hospital General Information: ADVENTHEALTH DADE CITY associated with AdventHealth,0.8,False,html,Dataset: CMS Hospital General Information
HCA FLORIDA BLAKE HOSPITAL,HCA FLORIDA BLAKE HOSPITAL,HCA Healthcare,HCA HEALTHCARE,hospital,BRADENTON,FL,health_system_owned,Facility name contains 'HCA ',CMS Hospital General Information,https://data.cms.gov/provider-data/dataset/xubh-q36u,2026-02-25,2026-04-19,Name match in CMS Hospital General Information: HCA FLORIDA BLAKE HOSPITAL associated with HCA Healthcare,0.9,False,html,Dataset: CMS Hospital General Information
ORLANDO HEALTH SEBASTIAN RIVER HOSPITAL,ORLANDO HEALTH SEBASTIAN RIVER HOSPITAL,Orlando Health,ORLANDO HEALTH,hospital,SEBASTIAN,FL,inferred_idn_relationship,Facility name contains 'ORLANDO HEALTH',CMS Hospital General Information,https://data.cms.gov/provider-data/dataset/xubh-q36u,2026-02-25,2026-04-19,Name match in CMS Hospital General Information: ORLANDO HEALTH SEBASTIAN RIVER HOSPITAL associated with Orlando Health,0.8,False,html,Dataset: CMS Hospital General Information
HCA FLORIDA FORT WALTON-DESTIN HOSPITAL,HCA FLORIDA FORT WALTON-DESTIN HOSPITAL,HCA Healthcare,HCA HEALTHCARE,hospital,FORT WALTON BEACH,FL,health_system_owned,Facility name contains 'HCA ',CMS Hospital General Information,https://data.cms.gov/provider-data/dataset/xubh-q36u,2026-02-25,2026-04-19,Name match in CMS Hospital General Information: HCA FLORIDA FORT WALTON-DESTIN HOSPITAL associated with HCA Healthcare,0.9,False,html,Dataset: CMS Hospital General Information
HCA FLORIDA ORANGE PARK HOSPITAL,HCA FLORIDA ORANGE PARK HOSPITAL,HCA Healthcare,HCA HEALTHCARE,hospital,ORANGE PARK,FL,health_system_owned,Facility name contains 'HCA ',CMS Hospital General Information,https://data.cms.gov/provider-data/dataset/xubh-q36u,2026-02-25,2026-04-19,Name match in CMS Hospital General Information: HCA FLORIDA ORANGE PARK HOSPITAL associated with HCA Healthcare,0.9,False,html,Dataset: CMS Hospital General Information
HCA FLORIDA WEST HOSPITAL,HCA FLORIDA WEST HOSPITAL,HCA Healthcare,HCA HEALTHCARE,hospital,PENSACOLA,FL,health_system_owned,Facility name contains 'HCA ',CMS Hospital General Information,https://data.cms.gov/provider-data/dataset/xubh-q36u,2026-02-25,2026-04-19,Name match in CMS Hospital General Information: HCA FLORIDA WEST HOSPITAL associated with HCA Healthcare,0.9,False,html,Dataset: CMS Hospital General Information
HCA FLORIDA PUTNAM HOSPITAL,HCA FLORIDA PUTNAM HOSPITAL,HCA Healthcare,HCA HEALTHCARE,hospital,PALATKA,FL,health_system_owned,Facility name contains 'HCA ',CMS Hospital General Information,https://data.cms.gov/provider-data/dataset/xubh-q36u,2026-02-25,2026-04-19,Name match in CMS Hospital General Information: HCA FLORIDA PUTNAM HOSPITAL associated with HCA Healthcare,0.9,False,html,Dataset: CMS Hospital General Information
HCA FLORIDA FAWCETT HOSPITAL,HCA FLORIDA FAWCETT HOSPITAL,HCA Healthcare,HCA HEALTHCARE,hospital,PORT CHARLOTTE,FL,health_system_owned,Facility name contains 'HCA ',CMS Hospital General Information,https://data.cms.gov/provider-data/dataset/xubh-q36u,2026-02-25,2026-04-19,Name match in CMS Hospital General Information: HCA FLORIDA FAWCETT HOSPITAL associated with HCA Healthcare,0.9,False,html,Dataset: CMS Hospital General Information
HCA FLORIDA NORTHSIDE HOSPITAL,HCA FLORIDA NORTHSIDE HOSPITAL,HCA Healthcare,HCA HEALTHCARE,hospital,SAINT PETERSBURG,FL,health_system_owned,Facility name contains 'HCA ',CMS Hospital General Information,https://data.cms.gov/provider-data/dataset/xubh-q36u,2026-02-25,2026-04-19,Name match in CMS Hospital General Information: HCA FLORIDA NORTHSIDE HOSPITAL associated with HCA Healthcare,0.9,False,html,Dataset: CMS Hospital General Information
HCA FLORIDA GULF COAST HOSPITAL,HCA FLORIDA GULF COAST HOSPITAL,HCA Healthcare,HCA HEALTHCARE,hospital,PANAMA CITY,FL,health_system_owned,Facility name contains 'HCA ',CMS Hospital General Information,https://data.cms.gov/provider-data/dataset/xubh-q36u,2026-02-25,2026-04-19,Name match in CMS Hospital General Information: HCA FLORIDA GULF COAST HOSPITAL associated with HCA Healthcare,0.9,False,html,Dataset: CMS Hospital General Information
HCA FLORIDA BRANDON HOSPITAL,HCA FLORIDA BRANDON HOSPITAL,HCA Healthcare,HCA HEALTHCARE,hospital,BRANDON,FL,health_system_owned,Facility name contains 'HCA ',CMS Hospital General Information,https://data.cms.gov/provider-data/dataset/xubh-q36u,2026-02-25,2026-04-19,Name match in CMS Hospital General Information: HCA FLORIDA BRANDON HOSPITAL associated with HCA Healthcare,0.9,False,html,Dataset: CMS Hospital General Information
HCA FLORIDA LAWNWOOD HOSPITAL,HCA FLORIDA LAWNWOOD HOSPITAL,HCA Healthcare,HCA HEALTHCARE,hospital,FORT PIERCE,FL,health_system_owned,Facility name contains 'HCA ',CMS Hospital General Information,https://data.cms.gov/provider-data/dataset/xubh-q36u,2026-02-25,2026-04-19,Name match in CMS Hospital General Information: HCA FLORIDA LAWNWOOD HOSPITAL associated with HCA Healthcare,0.9,False,html,Dataset: CMS Hospital General Information
HCA FLORIDA LARGO HOSPITAL,HCA FLORIDA LARGO HOSPITAL,HCA Healthcare,HCA HEALTHCARE,hospital,LARGO,FL,health_system_owned,Facility name contains 'HCA ',CMS Hospital General Information,https://data.cms.gov/provider-data/dataset/xubh-q36u,2026-02-25,2026-04-19,Name match in CMS Hospital General Information: HCA FLORIDA LARGO HOSPITAL associated with HCA Healthcare,0.9,False,html,Dataset: CMS Hospital General Information
HCA FLORIDA RAULERSON HOSPITAL,HCA FLORIDA RAULERSON HOSPITAL,HCA Healthcare,HCA HEALTHCARE,hospital,OKEECHOBEE,FL,health_system_owned,Facility name contains 'HCA ',CMS Hospital General Information,https://data.cms.gov/provider-data/dataset/xubh-q36u,2026-02-25,2026-04-19,Name match in CMS Hospital General Information: HCA FLORIDA RAULERSON HOSPITAL associated with HCA Healthcare,0.9,False,html,Dataset: CMS Hospital General Information
HCA FLORIDA CAPITAL HOSPITAL,HCA FLORIDA CAPITAL HOSPITAL,HCA Healthcare,HCA HEALTHCARE,hospital,TALLAHASSEE,FL,health_system_owned,Facility name contains 'HCA ',CMS Hospital General Information,https://data.cms.gov/provider-data/dataset/xubh-q36u,2026-02-25,2026-04-19,Name match in CMS Hospital General Information: HCA FLORIDA CAPITAL HOSPITAL associated with HCA Healthcare,0.9,False,html,Dataset: CMS Hospital General Information
HCA FLORIDA BAYONET POINT HOSPITAL,HCA FLORIDA BAYONET POINT HOSPITAL,HCA Healthcare,HCA HEALTHCARE,hospital,HUDSON,FL,health_system_owned,Facility name contains 'HCA ',CMS Hospital General Information,https://data.cms.gov/provider-data/dataset/xubh-q36u,2026-02-25,2026-04-19,Name match in CMS Hospital General Information: HCA FLORIDA BAYONET POINT HOSPITAL associated with HCA Healthcare,0.9,False,html,Dataset: CMS Hospital General Information
HCA FLORIDA SOUTH SHORE HOSPITAL,HCA FLORIDA SOUTH SHORE HOSPITAL,HCA Healthcare,HCA HEALTHCARE,hospital,SUN CITY CENTER,FL,health_system_owned,Facility name contains 'HCA ',CMS Hospital General Information,https://data.cms.gov/provider-data/dataset/xubh-q36u,2026-02-25,2026-04-19,Name match in CMS Hospital General Information: HCA FLORIDA SOUTH SHORE HOSPITAL associated with HCA Healthcare,0.9,False,html,Dataset: CMS Hospital General Information
HCA FLORIDA OAK HILL HOSPITAL,HCA FLORIDA OAK HILL HOSPITAL,HCA Healthcare,HCA HEALTHCARE,hospital,BROOKSVILLE,FL,health_system_owned,Facility name contains 'HCA ',CMS Hospital General Information,https://data.cms.gov/provider-data/dataset/xubh-q36u,2026-02-25,2026-04-19,Name match in CMS Hospital General Information: HCA FLORIDA OAK HILL HOSPITAL associated with HCA Healthcare,0.9,False,html,Dataset: CMS Hospital General Information
HCA FLORIDA ENGLEWOOD HOSPITAL,HCA FLORIDA ENGLEWOOD HOSPITAL,HCA Healthcare,HCA HEALTHCARE,hospital,ENGLEWOOD,FL,health_system_owned,Facility name contains 'HCA ',CMS Hospital General Information,https://data.cms.gov/provider-data/dataset/xubh-q36u,2026-02-25,2026-04-19,Name match in CMS Hospital General Information: HCA FLORIDA ENGLEWOOD HOSPITAL associated with HCA Healthcare,0.9,False,html,Dataset: CMS Hospital General Information
HCA FLORIDA PALMS WEST HOSPITAL,HCA FLORIDA PALMS WEST HOSPITAL,HCA Healthcare,HCA HEALTHCARE,hospital,LOXAHATCHEE,FL,health_system_owned,Facility name contains 'HCA ',CMS Hospital General Information,https://data.cms.gov/provider-data/dataset/xubh-q36u,2026-02-25,2026-04-19,Name match in CMS Hospital General Information: HCA FLORIDA PALMS WEST HOSPITAL associated with HCA Healthcare,0.9,False,html,Dataset: CMS Hospital General Information
CLEVELAND CLINIC HOSPITAL,CLEVELAND CLINIC HOSPITAL,Cleveland Clinic,CLEVELAND CLINIC,hospital,WESTON,FL,inferred_idn_relationship,Facility name contains 'CLEVELAND CLINIC',CMS Hospital General Information,https://data.cms.gov/provider-data/dataset/xubh-q36u,2026-02-25,2026-04-19,Name match in CMS Hospital General Information: CLEVELAND CLINIC HOSPITAL associated with Cleveland Clinic,0.8,False,html,Dataset: CMS Hospital General Information
ORLANDO HEALTH MELBOURNE HOSPITAL,ORLANDO HEALTH MELBOURNE HOSPITAL,Orlando Health,ORLANDO HEALTH,hospital,MELBOURNE,FL,inferred_idn_relationship,Facility name contains 'ORLANDO HEALTH',CMS Hospital General Information,https://data.cms.gov/provider-data/dataset/xubh-q36u,2026-02-25,2026-04-19,Name match in CMS Hospital General Information: ORLANDO HEALTH MELBOURNE HOSPITAL associated with Orlando Health,0.8,False,html,Dataset: CMS Hospital General Information
ORLANDO HEALTH ST CLOUD HOSPITAL,ORLANDO HEALTH ST CLOUD HOSPITAL,Orlando Health,ORLANDO HEALTH,hospital,SAINT CLOUD,FL,inferred_idn_relationship,Facility name contains 'ORLANDO HEALTH',CMS Hospital General Information,https://data.cms.gov/provider-data/dataset/xubh-q36u,2026-02-25,2026-04-19,Name match in CMS Hospital General Information: ORLANDO HEALTH ST CLOUD HOSPITAL associated with Orlando Health,0.8,False,html,Dataset: CMS Hospital General Information
ASCENSION ST VINCENT'S SOUTHSIDE,ASCENSION ST VINCENT'S SOUTHSIDE,Ascension,ASCENSION,hospital,JACKSONVILLE,FL,inferred_idn_relationship,Facility name contains 'ASCENSION',CMS Hospital General Information,https://data.cms.gov/provider-data/dataset/xubh-q36u,2026-02-25,2026-04-19,Name match in CMS Hospital General Information: ASCENSION ST VINCENT'S SOUTHSIDE associated with Ascension,0.8,False,html,Dataset: CMS Hospital General Information
ASCENSION SACRED HEART GULF,ASCENSION SACRED HEART GULF,Ascension,ASCENSION,hospital,PORT SAINT JOE,FL,inferred_idn_relationship,Facility name contains 'ASCENSION',CMS Hospital General Information,https://data.cms.gov/provider-data/dataset/xubh-q36u,2026-02-25,2026-04-19,Name match in CMS Hospital General Information: ASCENSION SACRED HEART GULF associated with Ascension,0.8,False,html,Dataset: CMS Hospital General Information
ADVENTHEALTH WESLEY CHAPEL,ADVENTHEALTH WESLEY CHAPEL,AdventHealth,ADVENTHEALTH,hospital,WESLEY CHAPEL,FL,inferred_idn_relationship,Facility name contains 'ADVENTHEALTH',CMS Hospital General Information,https://data.cms.gov/provider-data/dataset/xubh-q36u,2026-02-25,2026-04-19,Name match in CMS Hospital General Information: ADVENTHEALTH WESLEY CHAPEL associated with AdventHealth,0.8,False,html,Dataset: CMS Hospital General Information
HCA FLORIDA POINCIANA HOSPITAL,HCA FLORIDA POINCIANA HOSPITAL,HCA Healthcare,HCA HEALTHCARE,hospital,KISSIMMEE,FL,health_system_owned,Facility name contains 'HCA ',CMS Hospital General Information,https://data.cms.gov/provider-data/dataset/xubh-q36u,2026-02-25,2026-04-19,Name match in CMS Hospital General Information: HCA FLORIDA POINCIANA HOSPITAL associated with HCA Healthcare,0.9,False,html,Dataset: CMS Hospital General Information
ASCENSION ST VINCENT'S CLAY COUNTY,ASCENSION ST VINCENT'S CLAY COUNTY,Ascension,ASCENSION,hospital,MIDDLEBURG,FL,inferred_idn_relationship,Facility name contains 'ASCENSION',CMS Hospital General Information,https://data.cms.gov/provider-data/dataset/xubh-q36u,2026-02-25,2026-04-19,Name match in CMS Hospital General Information: ASCENSION ST VINCENT'S CLAY COUNTY associated with Ascension,0.8,False,html,Dataset: CMS Hospital General Information
HALIFAX HEALTH /UF HEALTH MEDICAL CENTER OF DELTON,HALIFAX HEALTH /UF HEALTH MEDICAL CENTER OF DELTON,UF Health,UF HEALTH,hospital,DELTONA,FL,inferred_idn_relationship,Facility name contains 'UF HEALTH',CMS Hospital General Information,https://data.cms.gov/provider-data/dataset/xubh-q36u,2026-02-25,2026-04-19,Name match in CMS Hospital General Information: HALIFAX HEALTH /UF HEALTH MEDICAL CENTER OF DELTON associated with UF Health,0.8,False,html,Dataset: CMS Hospital General Information
HCA FLORIDA UNIVERSITY HOSPITAL,HCA FLORIDA UNIVERSITY HOSPITAL,HCA Healthcare,HCA HEALTHCARE,hospital,DAVIE,FL,health_system_owned,Facility name contains 'HCA ',CMS Hospital General Information,https://data.cms.gov/provider-data/dataset/xubh-q36u,2026-02-25,2026-04-19,Name match in CMS Hospital General Information: HCA FLORIDA UNIVERSITY HOSPITAL associated with HCA Healthcare,0.9,False,html,Dataset: CMS Hospital General Information
ASCENSION ST VINCENT'S ST JOHNS COUNTY,ASCENSION ST VINCENT'S ST JOHNS COUNTY,Ascension,ASCENSION,hospital,ST. JOHNS,FL,inferred_idn_relationship,Facility name contains 'ASCENSION',CMS Hospital General Information,https://data.cms.gov/provider-data/dataset/xubh-q36u,2026-02-25,2026-04-19,Name match in CMS Hospital General Information: ASCENSION ST VINCENT'S ST JOHNS COUNTY associated with Ascension,0.8,False,html,Dataset: CMS Hospital General Information
ADVENTHEALTH PALM COAST PARKWAY,ADVENTHEALTH PALM COAST PARKWAY,AdventHealth,ADVENTHEALTH,hospital,PALM COAST,FL,inferred_idn_relationship,Facility name contains 'ADVENTHEALTH',CMS Hospital General Information,https://data.cms.gov/provider-data/dataset/xubh-q36u,2026-02-25,2026-04-19,Name match in CMS Hospital General Information: ADVENTHEALTH PALM COAST PARKWAY associated with AdventHealth,0.8,False,html,Dataset: CMS Hospital General Information
ADVENTHEALTH RIVERVIEW,ADVENTHEALTH RIVERVIEW,AdventHealth,ADVENTHEALTH,hospital,RIVERVIEW,FL,inferred_idn_relationship,Facility name contains 'ADVENTHEALTH',CMS Hospital General Information,https://data.cms.gov/provider-data/dataset/xubh-q36u,2026-02-25,2026-04-19,Name match in CMS Hospital General Information: ADVENTHEALTH RIVERVIEW associated with AdventHealth,0.8,False,html,Dataset: CMS Hospital General Information
ADVENTHEALTH WAUCHULA,ADVENTHEALTH WAUCHULA,AdventHealth,ADVENTHEALTH,hospital,WAUCHULA,FL,inferred_idn_relationship,Facility name contains 'ADVENTHEALTH',CMS Hospital General Information,https://data.cms.gov/provider-data/dataset/xubh-q36u,2026-02-25,2026-04-19,Name match in CMS Hospital General Information: ADVENTHEALTH WAUCHULA associated with AdventHealth,0.8,False,html,Dataset: CMS Hospital General Information
JOHNS HOPKINS ALL CHILDREN'S HOSPITAL,JOHNS HOPKINS ALL CHILDREN'S HOSPITAL,Johns Hopkins Medicine,JOHNS HOPKINS MEDICINE,hospital,SAINT PETERSBURG,FL,inferred_idn_relationship,Facility name contains 'JOHNS HOPKINS',CMS Hospital General Information,https://data.cms.gov/provider-data/dataset/xubh-q36u,2026-02-25,2026-04-19,Name match in CMS Hospital General Information: JOHNS HOPKINS ALL CHILDREN'S HOSPITAL associated with Johns Hopkins Medicine,0.8,False,html,Dataset: CMS Hospital General Information
WELLSTAR WEST GEORGIA MEDICAL CENTER,WELLSTAR WEST GEORGIA MEDICAL CENTER,Wellstar Health System,WELLSTAR HEALTH SYSTEM,hospital,LAGRANGE,GA,inferred_idn_relationship,Facility name contains 'WELLSTAR',CMS Hospital General Information,https://data.cms.gov/provider-data/dataset/xubh-q36u,2026-02-25,2026-04-19,Name match in CMS Hospital General Information: WELLSTAR WEST GEORGIA MEDICAL CENTER associated with Wellstar Health System,0.8,False,html,Dataset: CMS Hospital General Information
ADVENTHEALTH GORDON,ADVENTHEALTH GORDON,AdventHealth,ADVENTHEALTH,hospital,CALHOUN,GA,inferred_idn_relationship,Facility name contains 'ADVENTHEALTH',CMS Hospital General Information,https://data.cms.gov/provider-data/dataset/xubh-q36u,2026-02-25,2026-04-19,Name match in CMS Hospital General Information: ADVENTHEALTH GORDON associated with AdventHealth,0.8,False,html,Dataset: CMS Hospital General Information
WELLSTAR SPALDING MEDICAL CENTER,WELLSTAR SPALDING MEDICAL CENTER,Wellstar Health System,WELLSTAR HEALTH SYSTEM,hospital,GRIFFIN,GA,inferred_idn_relationship,Facility name contains 'WELLSTAR',CMS Hospital General Information,https://data.cms.gov/provider-data/dataset/xubh-q36u,2026-02-25,2026-04-19,Name match in CMS Hospital General Information: WELLSTAR SPALDING MEDICAL CENTER associated with Wellstar Health System,0.8,False,html,Dataset: CMS Hospital General Information
"WELLSTAR MCG HEALTH, AFFILIATED WITH MED COL","WELLSTAR MCG HEALTH, AFFILIATED WITH MED COL",Wellstar Health System,WELLSTAR HEALTH SYSTEM,hospital,AUGUSTA,GA,inferred_idn_relationship,Facility name contains 'WELLSTAR',CMS Hospital General Information,https://data.cms.gov/provider-data/dataset/xubh-q36u,2026-02-25,2026-04-19,"Name match in CMS Hospital General Information: WELLSTAR MCG HEALTH, AFFILIATED WITH MED COL associated with Wellstar Health System",0.8,False,html,Dataset: CMS Hospital General Information
WELLSTAR KENNESTONE REGIONAL MEDICAL CENTER,WELLSTAR KENNESTONE REGIONAL MEDICAL CENTER,Wellstar Health System,WELLSTAR HEALTH SYSTEM,hospital,MARIETTA,GA,inferred_idn_relationship,Facility name contains 'WELLSTAR',CMS Hospital General Information,https://data.cms.gov/provider-data/dataset/xubh-q36u,2026-02-25,2026-04-19,Name match in CMS Hospital General Information: WELLSTAR KENNESTONE REGIONAL MEDICAL CENTER associated with Wellstar Health System,0.8,False,html,Dataset: CMS Hospital General Information
WELLSTAR PAULDING MEDICAL CENTER,WELLSTAR PAULDING MEDICAL CENTER,Wellstar Health System,WELLSTAR HEALTH SYSTEM,hospital,HIRAM,GA,inferred_idn_relationship,Facility name contains 'WELLSTAR',CMS Hospital General Information,https://data.cms.gov/provider-data/dataset/xubh-q36u,2026-02-25,2026-04-19,Name match in CMS Hospital General Information: WELLSTAR PAULDING MEDICAL CENTER associated with Wellstar Health System,0.8,False,html,Dataset: CMS Hospital General Information
ADVENTHEALTH MURRAY,ADVENTHEALTH MURRAY,AdventHealth,ADVENTHEALTH,hospital,CHATSWORTH,GA,inferred_idn_relationship,Facility name contains 'ADVENTHEALTH',CMS Hospital General Information,https://data.cms.gov/provider-data/dataset/xubh-q36u,2026-02-25,2026-04-19,Name match in CMS Hospital General Information: ADVENTHEALTH MURRAY associated with AdventHealth,0.8,False,html,Dataset: CMS Hospital General Information
ATRIUM HEALTH FLOYD MEDICAL CENTER,ATRIUM HEALTH FLOYD MEDICAL CENTER,Atrium Health,ATRIUM HEALTH,hospital,ROME,GA,inferred_idn_relationship,Facility name contains 'ATRIUM HEALTH',CMS Hospital General Information,https://data.cms.gov/provider-data/dataset/xubh-q36u,2026-02-25,2026-04-19,Name match in CMS Hospital General Information: ATRIUM HEALTH FLOYD MEDICAL CENTER associated with Atrium Health,0.8,False,html,Dataset: CMS Hospital General Information
ATRIUM HEALTH NAVICENT THE MEDICAL CENTER,ATRIUM HEALTH NAVICENT THE MEDICAL CENTER,Atrium Health,ATRIUM HEALTH,hospital,MACON,GA,inferred_idn_relationship,Facility name contains 'ATRIUM HEALTH',CMS Hospital General Information,https://data.cms.gov/provider-data/dataset/xubh-q36u,2026-02-25,2026-04-19,Name match in CMS Hospital General Information: ATRIUM HEALTH NAVICENT THE MEDICAL CENTER associated with Atrium Health,0.8,False,html,Dataset: CMS Hospital General Information
ST FRANCIS HOSPITAL- EMORY HEALTHCARE,ST FRANCIS HOSPITAL- EMORY HEALTHCARE,Emory Healthcare,EMORY HEALTHCARE,hospital,COLUMBUS,GA,inferred_idn_relationship,Facility name contains 'EMORY HEALTHCARE',CMS Hospital General Information,https://data.cms.gov/provider-data/dataset/xubh-q36u,2026-02-25,2026-04-19,Name match in CMS Hospital General Information: ST FRANCIS HOSPITAL- EMORY HEALTHCARE associated with Emory Healthcare,0.8,False,html,Dataset: CMS Hospital General Information
WELLSTAR COBB MEDICAL CENTER,WELLSTAR COBB MEDICAL CENTER,Wellstar Health System,WELLSTAR HEALTH SYSTEM,hospital,AUSTELL,GA,inferred_idn_relationship,Facility name contains 'WELLSTAR',CMS Hospital General Information,https://data.cms.gov/provider-data/dataset/xubh-q36u,2026-02-25,2026-04-19,Name match in CMS Hospital General Information: WELLSTAR COBB MEDICAL CENTER associated with Wellstar Health System,0.8,False,html,Dataset: CMS Hospital General Information
ADVENTHEALTH REDMOND,ADVENTHEALTH REDMOND,AdventHealth,ADVENTHEALTH,hospital,ROME,GA,inferred_idn_relationship,Facility name contains 'ADVENTHEALTH',CMS Hospital General Information,https://data.cms.gov/provider-data/dataset/xubh-q36u,2026-02-25,2026-04-19,Name match in CMS Hospital General Information: ADVENTHEALTH REDMOND associated with AdventHealth,0.8,False,html,Dataset: CMS Hospital General Information
WELLSTAR DOUGLAS MEDICAL CENTER,WELLSTAR DOUGLAS MEDICAL CENTER,Wellstar Health System,WELLSTAR HEALTH SYSTEM,hospital,DOUGLASVILLE,GA,inferred_idn_relationship,Facility name contains 'WELLSTAR',CMS Hospital General Information,https://data.cms.gov/provider-data/dataset/xubh-q36u,2026-02-25,2026-04-19,Name match in CMS Hospital General Information: WELLSTAR DOUGLAS MEDICAL CENTER associated with Wellstar Health System,0.8,False,html,Dataset: CMS Hospital General Information
WELLSTAR NORTH FULTON MEDICAL CENTER,WELLSTAR NORTH FULTON MEDICAL CENTER,Wellstar Health System,WELLSTAR HEALTH SYSTEM,hospital,ROSWELL,GA,inferred_idn_relationship,Facility name contains 'WELLSTAR',CMS Hospital General Information,https://data.cms.gov/provider-data/dataset/xubh-q36u,2026-02-25,2026-04-19,Name match in CMS Hospital General Information: WELLSTAR NORTH FULTON MEDICAL CENTER associated with Wellstar Health System,0.8,False,html,Dataset: CMS Hospital General Information
ATRIUM HEALTH NAVICENT PEACH,ATRIUM HEALTH NAVICENT PEACH,Atrium Health,ATRIUM HEALTH,hospital,BYRON,GA,inferred_idn_relationship,Facility name contains 'ATRIUM HEALTH',CMS Hospital General Information,https://data.cms.gov/provider-data/dataset/xubh-q36u,2026-02-25,2026-04-19,Name match in CMS Hospital General Information: ATRIUM HEALTH NAVICENT PEACH associated with Atrium Health,0.8,False,html,Dataset: CMS Hospital General Information
WELLSTAR SYLVAN GROVE MEDICAL CENTER,WELLSTAR SYLVAN GROVE MEDICAL CENTER,Wellstar Health System,WELLSTAR HEALTH SYSTEM,hospital,JACKSON,GA,inferred_idn_relationship,Facility name contains 'WELLSTAR',CMS Hospital General Information,https://data.cms.gov/provider-data/dataset/xubh-q36u,2026-02-25,2026-04-19,Name match in CMS Hospital General Information: WELLSTAR SYLVAN GROVE MEDICAL CENTER associated with Wellstar Health System,0.8,False,html,Dataset: CMS Hospital General Information
ATRIUM HEALTH FLOYD POLK MEDICAL CENTER,ATRIUM HEALTH FLOYD POLK MEDICAL CENTER,Atrium Health,ATRIUM HEALTH,hospital,CEDARTOWN,GA,inferred_idn_relationship,Facility name contains 'ATRIUM HEALTH',CMS Hospital General Information,https://data.cms.gov/provider-data/dataset/xubh-q36u,2026-02-25,2026-04-19,Name match in CMS Hospital General Information: ATRIUM HEALTH FLOYD POLK MEDICAL CENTER associated with Atrium Health,0.8,False,html,Dataset: CMS Hospital General Information
INTERMOUNTAIN HOSPITAL,INTERMOUNTAIN HOSPITAL,Intermountain Healthcare,INTERMOUNTAIN HEALTHCARE,hospital,BOISE,ID,inferred_idn_relationship,Facility name contains 'INTERMOUNTAIN',CMS Hospital General Information,https://data.cms.gov/provider-data/dataset/xubh-q36u,2026-02-25,2026-04-19,Name match in CMS Hospital General Information: INTERMOUNTAIN HOSPITAL associated with Intermountain Healthcare,0.8,False,html,Dataset: CMS Hospital General Information
UCHICAGO MEDICINE ADVENTHEALTH LA GRANGE,UCHICAGO MEDICINE ADVENTHEALTH LA GRANGE,AdventHealth,ADVENTHEALTH,hospital,LA GRANGE,IL,inferred_idn_relationship,Facility name contains 'ADVENTHEALTH',CMS Hospital General Information,https://data.cms.gov/provider-data/dataset/xubh-q36u,2026-02-25,2026-04-19,Name match in CMS Hospital General Information: UCHICAGO MEDICINE ADVENTHEALTH LA GRANGE associated with AdventHealth,0.8,False,html,Dataset: CMS Hospital General Information
THE UNIVERSITY OF CHICAGO MEDICAL CENTER,THE UNIVERSITY OF CHICAGO MEDICAL CENTER,UChicago Medicine,UCHICAGO MEDICINE,hospital,CHICAGO,IL,inferred_idn_relationship,Facility name contains 'UNIVERSITY OF CHICAGO',CMS Hospital General Information,https://data.cms.gov/provider-data/dataset/xubh-q36u,2026-02-25,2026-04-19,Name match in CMS Hospital General Information: THE UNIVERSITY OF CHICAGO MEDICAL CENTER associated with UChicago Medicine,0.8,False,html,Dataset: CMS Hospital General Information
RUSH UNIVERSITY MEDICAL CENTER,RUSH UNIVERSITY MEDICAL CENTER,Rush University System for Health,RUSH UNIVERSITY SYSTEM FOR HEALTH,hospital,CHICAGO,IL,inferred_idn_relationship,Facility name contains 'RUSH UNIVERSITY',CMS Hospital General Information,https://data.cms.gov/provider-data/dataset/xubh-q36u,2026-02-25,2026-04-19,Name match in CMS Hospital General Information: RUSH UNIVERSITY MEDICAL CENTER associated with Rush University System for Health,0.8,False,html,Dataset: CMS Hospital General Information
UCHICAGO MEDICINE ADVENTHEALTH HINSDALE,UCHICAGO MEDICINE ADVENTHEALTH HINSDALE,AdventHealth,ADVENTHEALTH,hospital,HINSDALE,IL,inferred_idn_relationship,Facility name contains 'ADVENTHEALTH',CMS Hospital General Information,https://data.cms.gov/provider-data/dataset/xubh-q36u,2026-02-25,2026-04-19,Name match in CMS Hospital General Information: UCHICAGO MEDICINE ADVENTHEALTH HINSDALE associated with AdventHealth,0.8,False,html,Dataset: CMS Hospital General Information
PRESENCE MERCY MEDICAL CENTER,PRESENCE MERCY MEDICAL CENTER,Mercy,MERCY,hospital,AURORA,IL,inferred_idn_relationship,Facility name contains 'MERCY ',CMS Hospital General Information,https://data.cms.gov/provider-data/dataset/xubh-q36u,2026-02-25,2026-04-19,Name match in CMS Hospital General Information: PRESENCE MERCY MEDICAL CENTER associated with Mercy,0.8,False,html,Dataset: CMS Hospital General Information
METHODIST HOSPITAL OF CHICAGO,METHODIST HOSPITAL OF CHICAGO,Methodist Health System,METHODIST HEALTH SYSTEM,hospital,CHICAGO,IL,inferred_idn_relationship,Facility name contains 'METHODIST ',CMS Hospital General Information,https://data.cms.gov/provider-data/dataset/xubh-q36u,2026-02-25,2026-04-19,Name match in CMS Hospital General Information: METHODIST HOSPITAL OF CHICAGO associated with Methodist Health System,0.8,False,html,Dataset: CMS Hospital General Information
CARLE HEALTH METHODIST HOSPITAL,CARLE HEALTH METHODIST HOSPITAL,Methodist Health System,METHODIST HEALTH SYSTEM,hospital,PEORIA,IL,inferred_idn_relationship,Facility name contains 'METHODIST ',CMS Hospital General Information,https://data.cms.gov/provider-data/dataset/xubh-q36u,2026-02-25,2026-04-19,Name match in CMS Hospital General Information: CARLE HEALTH METHODIST HOSPITAL associated with Methodist Health System,0.8,False,html,Dataset: CMS Hospital General Information
UCHICAGO MEDICINE ADVENTHEALTH GLENOAKS,UCHICAGO MEDICINE ADVENTHEALTH GLENOAKS,AdventHealth,ADVENTHEALTH,hospital,GLENDALE HEIGHTS,IL,inferred_idn_relationship,Facility name contains 'ADVENTHEALTH',CMS Hospital General Information,https://data.cms.gov/provider-data/dataset/xubh-q36u,2026-02-25,2026-04-19,Name match in CMS Hospital General Information: UCHICAGO MEDICINE ADVENTHEALTH GLENOAKS associated with AdventHealth,0.8,False,html,Dataset: CMS Hospital General Information
UCHICAGO MEDICINE ADVENTHEALTH BOLINGBROOK,UCHICAGO MEDICINE ADVENTHEALTH BOLINGBROOK,AdventHealth,ADVENTHEALTH,hospital,BOLINGBROOK,IL,inferred_idn_relationship,Facility name contains 'ADVENTHEALTH',CMS Hospital General Information,https://data.cms.gov/provider-data/dataset/xubh-q36u,2026-02-25,2026-04-19,Name match in CMS Hospital General Information: UCHICAGO MEDICINE ADVENTHEALTH BOLINGBROOK associated with AdventHealth,0.8,False,html,Dataset: CMS Hospital General Information
MERCY HARVARD HOSPITAL,MERCY HARVARD HOSPITAL,Mercy,MERCY,hospital,HARVARD,IL,inferred_idn_relationship,Facility name contains 'MERCY ',CMS Hospital General Information,https://data.cms.gov/provider-data/dataset/xubh-q36u,2026-02-25,2026-04-19,Name match in CMS Hospital General Information: MERCY HARVARD HOSPITAL associated with Mercy,0.8,False,html,Dataset: CMS Hospital General Information
METHODIST HOSPITALS INC,METHODIST HOSPITALS INC,Methodist Health System,METHODIST HEALTH SYSTEM,hospital,GARY,IN,inferred_idn_relationship,Facility name contains 'METHODIST ',CMS Hospital General Information,https://data.cms.gov/provider-data/dataset/xubh-q36u,2026-02-25,2026-04-19,Name match in CMS Hospital General Information: METHODIST HOSPITALS INC associated with Methodist Health System,0.8,False,html,Dataset: CMS Hospital General Information
ASCENSION ST VINCENT KOKOMO,ASCENSION ST VINCENT KOKOMO,Ascension,ASCENSION,hospital,KOKOMO,IN,inferred_idn_relationship,Facility name contains 'ASCENSION',CMS Hospital General Information,https://data.cms.gov/provider-data/dataset/xubh-q36u,2026-02-25,2026-04-19,Name match in CMS Hospital General Information: ASCENSION ST VINCENT KOKOMO associated with Ascension,0.8,False,html,Dataset: CMS Hospital General Information
BAPTIST HEALTH FLOYD,BAPTIST HEALTH FLOYD,Baptist Health,BAPTIST HEALTH,hospital,NEW ALBANY,IN,inferred_idn_relationship,Facility name contains 'BAPTIST HEALTH',CMS Hospital General Information,https://data.cms.gov/provider-data/dataset/xubh-q36u,2026-02-25,2026-04-19,Name match in CMS Hospital General Information: BAPTIST HEALTH FLOYD associated with Baptist Health,0.8,False,html,Dataset: CMS Hospital General Information
ASCENSION ST VINCENT HOSPITAL,ASCENSION ST VINCENT HOSPITAL,Ascension,ASCENSION,hospital,INDIANAPOLIS,IN,inferred_idn_relationship,Facility name contains 'ASCENSION',CMS Hospital General Information,https://data.cms.gov/provider-data/dataset/xubh-q36u,2026-02-25,2026-04-19,Name match in CMS Hospital General Information: ASCENSION ST VINCENT HOSPITAL associated with Ascension,0.8,False,html,Dataset: CMS Hospital General Information
ASCENSION ST VINCENT ANDERSON,ASCENSION ST VINCENT ANDERSON,Ascension,ASCENSION,hospital,ANDERSON,IN,inferred_idn_relationship,Facility name contains 'ASCENSION',CMS Hospital General Information,https://data.cms.gov/provider-data/dataset/xubh-q36u,2026-02-25,2026-04-19,Name match in CMS Hospital General Information: ASCENSION ST VINCENT ANDERSON associated with Ascension,0.8,False,html,Dataset: CMS Hospital General Information
ASCENSION ST VINCENT EVANSVILLE,ASCENSION ST VINCENT EVANSVILLE,Ascension,ASCENSION,hospital,EVANSVILLE,IN,inferred_idn_relationship,Facility name contains 'ASCENSION',CMS Hospital General Information,https://data.cms.gov/provider-data/dataset/xubh-q36u,2026-02-25,2026-04-19,Name match in CMS Hospital General Information: ASCENSION ST VINCENT EVANSVILLE associated with Ascension,0.8,False,html,Dataset: CMS Hospital General Information
ASCENSION ST VINCENT CARMEL,ASCENSION ST VINCENT CARMEL,Ascension,ASCENSION,hospital,CARMEL,IN,inferred_idn_relationship,Facility name contains 'ASCENSION',CMS Hospital General Information,https://data.cms.gov/provider-data/dataset/xubh-q36u,2026-02-25,2026-04-19,Name match in CMS Hospital General Information: ASCENSION ST VINCENT CARMEL associated with Ascension,0.8,False,html,Dataset: CMS Hospital General Information
IU HEALTH WEST HOSPITAL,IU HEALTH WEST HOSPITAL,Indiana University Health,INDIANA UNIVERSITY HEALTH,hospital,AVON,IN,inferred_idn_relationship,Facility name contains 'IU HEALTH',CMS Hospital General Information,https://data.cms.gov/provider-data/dataset/xubh-q36u,2026-02-25,2026-04-19,Name match in CMS Hospital General Information: IU HEALTH WEST HOSPITAL associated with Indiana University Health,0.8,False,html,Dataset: CMS Hospital General Information
ASCENSION ST VINCENT FISHERS,ASCENSION ST VINCENT FISHERS,Ascension,ASCENSION,hospital,FISHERS,IN,inferred_idn_relationship,Facility name contains 'ASCENSION',CMS Hospital General Information,https://data.cms.gov/provider-data/dataset/xubh-q36u,2026-02-25,2026-04-19,Name match in CMS Hospital General Information: ASCENSION ST VINCENT FISHERS associated with Ascension,0.8,False,html,Dataset: CMS Hospital General Information
ASCENSION ST VINCENT RANDOLPH,ASCENSION ST VINCENT RANDOLPH,Ascension,ASCENSION,hospital,WINCHESTER,IN,inferred_idn_relationship,Facility name contains 'ASCENSION',CMS Hospital General Information,https://data.cms.gov/provider-data/dataset/xubh-q36u,2026-02-25,2026-04-19,Name match in CMS Hospital General Information: ASCENSION ST VINCENT RANDOLPH associated with Ascension,0.8,False,html,Dataset: CMS Hospital General Information
ASCENSION ST VINCENT JENNINGS,ASCENSION ST VINCENT JENNINGS,Ascension,ASCENSION,hospital,NORTH VERNON,IN,inferred_idn_relationship,Facility name contains 'ASCENSION',CMS Hospital General Information,https://data.cms.gov/provider-data/dataset/xubh-q36u,2026-02-25,2026-04-19,Name match in CMS Hospital General Information: ASCENSION ST VINCENT JENNINGS associated with Ascension,0.8,False,html,Dataset: CMS Hospital General Information
ASCENSION ST VINCENT WILLIAMSPORT,ASCENSION ST VINCENT WILLIAMSPORT,Ascension,ASCENSION,hospital,WILLIAMSPORT,IN,inferred_idn_relationship,Facility name contains 'ASCENSION',CMS Hospital General Information,https://data.cms.gov/provider-data/dataset/xubh-q36u,2026-02-25,2026-04-19,Name match in CMS Hospital General Information: ASCENSION ST VINCENT WILLIAMSPORT associated with Ascension,0.8,False,html,Dataset: CMS Hospital General Information
ASCENSION ST VINCENT MERCY,ASCENSION ST VINCENT MERCY,Ascension,ASCENSION,hospital,ELWOOD,IN,inferred_idn_relationship,Facility name contains 'ASCENSION',CMS Hospital General Information,https://data.cms.gov/provider-data/dataset/xubh-q36u,2026-02-25,2026-04-19,Name match in CMS Hospital General Information: ASCENSION ST VINCENT MERCY associated with Ascension,0.8,False,html,Dataset: CMS Hospital General Information
ASCENSION ST VINCENT CLAY,ASCENSION ST VINCENT CLAY,Ascension,ASCENSION,hospital,BRAZIL,IN,inferred_idn_relationship,Facility name contains 'ASCENSION',CMS Hospital General Information,https://data.cms.gov/provider-data/dataset/xubh-q36u,2026-02-25,2026-04-19,Name match in CMS Hospital General Information: ASCENSION ST VINCENT CLAY associated with Ascension,0.8,False,html,Dataset: CMS Hospital General Information
ASCENSION ST VINCENT SALEM,ASCENSION ST VINCENT SALEM,Ascension,ASCENSION,hospital,SALEM,IN,inferred_idn_relationship,Facility name contains 'ASCENSION',CMS Hospital General Information,https://data.cms.gov/provider-data/dataset/xubh-q36u,2026-02-25,2026-04-19,Name match in CMS Hospital General Information: ASCENSION ST VINCENT SALEM associated with Ascension,0.8,False,html,Dataset: CMS Hospital General Information
ASCENSION ST VINCENT WARRICK,ASCENSION ST VINCENT WARRICK,Ascension,ASCENSION,hospital,BOONVILLE,IN,inferred_idn_relationship,Facility name contains 'ASCENSION',CMS Hospital General Information,https://data.cms.gov/provider-data/dataset/xubh-q36u,2026-02-25,2026-04-19,Name match in CMS Hospital General Information: ASCENSION ST VINCENT WARRICK associated with Ascension,0.8,False,html,Dataset: CMS Hospital General Information
CHI HEALTH MERCY COUNCIL BLUFFS,CHI HEALTH MERCY COUNCIL BLUFFS,Mercy,MERCY,hospital,COUNCIL BLUFFS,IA,inferred_idn_relationship,Facility name contains 'MERCY ',CMS Hospital General Information,https://data.cms.gov/provider-data/dataset/xubh-q36u,2026-02-25,2026-04-19,Name match in CMS Hospital General Information: CHI HEALTH MERCY COUNCIL BLUFFS associated with Mercy,0.8,False,html,Dataset: CMS Hospital General Information
UNIVERSITY OF IOWA HEALTH CARE MEDICAL CENTER DOWN,UNIVERSITY OF IOWA HEALTH CARE MEDICAL CENTER DOWN,UI Health Care,UI HEALTH CARE,hospital,IOWA CITY,IA,inferred_idn_relationship,Facility name contains 'UNIVERSITY OF IOWA',CMS Hospital General Information,https://data.cms.gov/provider-data/dataset/xubh-q36u,2026-02-25,2026-04-19,Name match in CMS Hospital General Information: UNIVERSITY OF IOWA HEALTH CARE MEDICAL CENTER DOWN associated with UI Health Care,0.8,False,html,Dataset: CMS Hospital General Information
METHODIST JENNIE EDMUNDSON,METHODIST JENNIE EDMUNDSON,Methodist Health System,METHODIST HEALTH SYSTEM,hospital,COUNCIL BLUFFS,IA,inferred_idn_relationship,Facility name contains 'METHODIST ',CMS Hospital General Information,https://data.cms.gov/provider-data/dataset/xubh-q36u,2026-02-25,2026-04-19,Name match in CMS Hospital General Information: METHODIST JENNIE EDMUNDSON associated with Methodist Health System,0.8,False,html,Dataset: CMS Hospital General Information
UNIVERSITY OF IOWA HOSPITAL & CLINICS,UNIVERSITY OF IOWA HOSPITAL & CLINICS,UI Health Care,UI HEALTH CARE,hospital,IOWA CITY,IA,inferred_idn_relationship,Facility name contains 'UNIVERSITY OF IOWA',CMS Hospital General Information,https://data.cms.gov/provider-data/dataset/xubh-q36u,2026-02-25,2026-04-19,Name match in CMS Hospital General Information: UNIVERSITY OF IOWA HOSPITAL & CLINICS associated with UI Health Care,0.8,False,html,Dataset: CMS Hospital General Information
MERCY MEDICAL CENTER - CEDAR RAPIDS,MERCY MEDICAL CENTER - CEDAR RAPIDS,Mercy,MERCY,hospital,CEDAR RAPIDS,IA,inferred_idn_relationship,Facility name contains 'MERCY ',CMS Hospital General Information,https://data.cms.gov/provider-data/dataset/xubh-q36u,2026-02-25,2026-04-19,Name match in CMS Hospital General Information: MERCY MEDICAL CENTER - CEDAR RAPIDS associated with Mercy,0.8,False,html,Dataset: CMS Hospital General Information
UNITYPOINT HEALTH - DES MOINES IOWA METHODIST MEDI,UNITYPOINT HEALTH - DES MOINES IOWA METHODIST MEDI,Methodist Health System,METHODIST HEALTH SYSTEM,hospital,DES MOINES,IA,inferred_idn_relationship,Facility name contains 'METHODIST ',CMS Hospital General Information,https://data.cms.gov/provider-data/dataset/xubh-q36u,2026-02-25,2026-04-19,Name match in CMS Hospital General Information: UNITYPOINT HEALTH - DES MOINES IOWA METHODIST MEDI associated with Methodist Health System,0.8,False,html,Dataset: CMS Hospital General Information
CHI HEALTH - MERCY CORNING,CHI HEALTH - MERCY CORNING,Mercy,MERCY,hospital,CORNING,IA,inferred_idn_relationship,Facility name contains 'MERCY ',CMS Hospital General Information,https://data.cms.gov/provider-data/dataset/xubh-q36u,2026-02-25,2026-04-19,Name match in CMS Hospital General Information: CHI HEALTH - MERCY CORNING associated with Mercy,0.8,False,html,Dataset: CMS Hospital General Information
MERCY MEDICAL CENTER-NEW HAMPTON,MERCY MEDICAL CENTER-NEW HAMPTON,Mercy,MERCY,hospital,NEW HAMPTON,IA,inferred_idn_relationship,Facility name contains 'MERCY ',CMS Hospital General Information,https://data.cms.gov/provider-data/dataset/xubh-q36u,2026-02-25,2026-04-19,Name match in CMS Hospital General Information: MERCY MEDICAL CENTER-NEW HAMPTON associated with Mercy,0.8,False,html,Dataset: CMS Hospital General Information
"MERCY HOSPITAL PITTSBURG, INC","MERCY HOSPITAL PITTSBURG, INC",Mercy,MERCY,hospital,PITTSBURG,KS,inferred_idn_relationship,Facility name contains 'MERCY ',CMS Hospital General Information,https://data.cms.gov/provider-data/dataset/xubh-q36u,2026-02-25,2026-04-19,"Name match in CMS Hospital General Information: MERCY HOSPITAL PITTSBURG, INC associated with Mercy",0.8,False,html,Dataset: CMS Hospital General Information
ADVENTHEALTH OTTAWA,ADVENTHEALTH OTTAWA,AdventHealth,ADVENTHEALTH,hospital,OTTAWA,KS,inferred_idn_relationship,Facility name contains 'ADVENTHEALTH',CMS Hospital General Information,https://data.cms.gov/provider-data/dataset/xubh-q36u,2026-02-25,2026-04-19,Name match in CMS Hospital General Information: ADVENTHEALTH OTTAWA associated with AdventHealth,0.8,False,html,Dataset: CMS Hospital General Information
ADVENTHEALTH SHAWNEE MISSION,ADVENTHEALTH SHAWNEE MISSION,AdventHealth,ADVENTHEALTH,hospital,SHAWNEE MISSION,KS,inferred_idn_relationship,Facility name contains 'ADVENTHEALTH',CMS Hospital General Information,https://data.cms.gov/provider-data/dataset/xubh-q36u,2026-02-25,2026-04-19,Name match in CMS Hospital General Information: ADVENTHEALTH SHAWNEE MISSION associated with AdventHealth,0.8,False,html,Dataset: CMS Hospital General Information
"ASCENSION VIA CHRISTI HOSPITALS WICHITA, INC.","ASCENSION VIA CHRISTI HOSPITALS WICHITA, INC.",Ascension,ASCENSION,hospital,WICHITA,KS,inferred_idn_relationship,Facility name contains 'ASCENSION',CMS Hospital General Information,https://data.cms.gov/provider-data/dataset/xubh-q36u,2026-02-25,2026-04-19,"Name match in CMS Hospital General Information: ASCENSION VIA CHRISTI HOSPITALS WICHITA, INC. associated with Ascension",0.8,False,html,Dataset: CMS Hospital General Information
"ASCENSION VIA CHRISTI HOSPITAL MANHATTAN, INC","ASCENSION VIA CHRISTI HOSPITAL MANHATTAN, INC",Ascension,ASCENSION,hospital,MANHATTAN,KS,inferred_idn_relationship,Facility name contains 'ASCENSION',CMS Hospital General Information,https://data.cms.gov/provider-data/dataset/xubh-q36u,2026-02-25,2026-04-19,"Name match in CMS Hospital General Information: ASCENSION VIA CHRISTI HOSPITAL MANHATTAN, INC associated with Ascension",0.8,False,html,Dataset: CMS Hospital General Information
PROVIDENCE MEDICAL CENTER,PROVIDENCE MEDICAL CENTER,Providence,PROVIDENCE,hospital,KANSAS CITY,KS,inferred_idn_relationship,Facility name contains 'PROVIDENCE ',CMS Hospital General Information,https://data.cms.gov/provider-data/dataset/xubh-q36u,2026-02-25,2026-04-19,Name match in CMS Hospital General Information: PROVIDENCE MEDICAL CENTER associated with Providence,0.8,False,html,Dataset: CMS Hospital General Information
MERCY SPECIALTY HOSPITAL SOUTHEAST KANSAS,MERCY SPECIALTY HOSPITAL SOUTHEAST KANSAS,Mercy,MERCY,hospital,GALENA,KS,inferred_idn_relationship,Facility name contains 'MERCY ',CMS Hospital General Information,https://data.cms.gov/provider-data/dataset/xubh-q36u,2026-02-25,2026-04-19,Name match in CMS Hospital General Information: MERCY SPECIALTY HOSPITAL SOUTHEAST KANSAS associated with Mercy,0.8,False,html,Dataset: CMS Hospital General Information
"ADVENTHEALTH SOUTH OVERLAND PARK, INC","ADVENTHEALTH SOUTH OVERLAND PARK, INC",AdventHealth,ADVENTHEALTH,hospital,OVERLAND PARK,KS,inferred_idn_relationship,Facility name contains 'ADVENTHEALTH',CMS Hospital General Information,https://data.cms.gov/provider-data/dataset/xubh-q36u,2026-02-25,2026-04-19,"Name match in CMS Hospital General Information: ADVENTHEALTH SOUTH OVERLAND PARK, INC associated with AdventHealth",0.8,False,html,Dataset: CMS Hospital General Information
"MERCY HOSPITAL, INC","MERCY HOSPITAL, INC",Mercy,MERCY,hospital,MOUNDRIDGE,KS,inferred_idn_relationship,Facility name contains 'MERCY ',CMS Hospital General Information,https://data.cms.gov/provider-data/dataset/xubh-q36u,2026-02-25,2026-04-19,"Name match in CMS Hospital General Information: MERCY HOSPITAL, INC associated with Mercy",0.8,False,html,Dataset: CMS Hospital General Information
MERCY HOSPITAL COLUMBUS,MERCY HOSPITAL COLUMBUS,Mercy,MERCY,hospital,COLUMBUS,KS,inferred_idn_relationship,Facility name contains 'MERCY ',CMS Hospital General Information,https://data.cms.gov/provider-data/dataset/xubh-q36u,2026-02-25,2026-04-19,Name match in CMS Hospital General Information: MERCY HOSPITAL COLUMBUS associated with Mercy,0.8,False,html,Dataset: CMS Hospital General Information
CHILDREN'S MERCY SOUTH,CHILDREN'S MERCY SOUTH,Mercy,MERCY,hospital,OVERLAND PARK,KS,inferred_idn_relationship,Facility name contains 'MERCY ',CMS Hospital General Information,https://data.cms.gov/provider-data/dataset/xubh-q36u,2026-02-25,2026-04-19,Name match in CMS Hospital General Information: CHILDREN'S MERCY SOUTH associated with Mercy,0.8,False,html,Dataset: CMS Hospital General Information
BAPTIST HEALTH HARDIN,BAPTIST HEALTH HARDIN,Baptist Health,BAPTIST HEALTH,hospital,ELIZABETHTOWN,KY,inferred_idn_relationship,Facility name contains 'BAPTIST HEALTH',CMS Hospital General Information,https://data.cms.gov/provider-data/dataset/xubh-q36u,2026-02-25,2026-04-19,Name match in CMS Hospital General Information: BAPTIST HEALTH HARDIN associated with Baptist Health,0.8,False,html,Dataset: CMS Hospital General Information
AdventHealthManchester,ADVENTHEALTHMANCHESTER,AdventHealth,ADVENTHEALTH,hospital,MANCHESTER,KY,inferred_idn_relationship,Facility name contains 'ADVENTHEALTH',CMS Hospital General Information,https://data.cms.gov/provider-data/dataset/xubh-q36u,2026-02-25,2026-04-19,Name match in CMS Hospital General Information: AdventHealthManchester associated with AdventHealth,0.8,False,html,Dataset: CMS Hospital General Information
BAPTIST HEALTH RICHMOND,BAPTIST HEALTH RICHMOND,Baptist Health,BAPTIST HEALTH,hospital,RICHMOND,KY,inferred_idn_relationship,Facility name contains 'BAPTIST HEALTH',CMS Hospital General Information,https://data.cms.gov/provider-data/dataset/xubh-q36u,2026-02-25,2026-04-19,Name match in CMS Hospital General Information: BAPTIST HEALTH RICHMOND associated with Baptist Health,0.8,False,html,Dataset: CMS Hospital General Information
BAPTIST HEALTH CORBIN,BAPTIST HEALTH CORBIN,Baptist Health,BAPTIST HEALTH,hospital,CORBIN,KY,inferred_idn_relationship,Facility name contains 'BAPTIST HEALTH',CMS Hospital General Information,https://data.cms.gov/provider-data/dataset/xubh-q36u,2026-02-25,2026-04-19,Name match in CMS Hospital General Information: BAPTIST HEALTH CORBIN associated with Baptist Health,0.8,False,html,Dataset: CMS Hospital General Information
BAPTIST HEALTH DEACONESS MADISONVILLE,BAPTIST HEALTH DEACONESS MADISONVILLE,Baptist Health,BAPTIST HEALTH,hospital,MADISONVILLE,KY,inferred_idn_relationship,Facility name contains 'BAPTIST HEALTH',CMS Hospital General Information,https://data.cms.gov/provider-data/dataset/xubh-q36u,2026-02-25,2026-04-19,Name match in CMS Hospital General Information: BAPTIST HEALTH DEACONESS MADISONVILLE associated with Baptist Health,0.8,False,html,Dataset: CMS Hospital General Information
MERCY HEALTH - LOURDES HOSPITAL,MERCY HEALTH - LOURDES HOSPITAL,Mercy,MERCY,hospital,PADUCAH,KY,inferred_idn_relationship,Facility name contains 'MERCY ',CMS Hospital General Information,https://data.cms.gov/provider-data/dataset/xubh-q36u,2026-02-25,2026-04-19,Name match in CMS Hospital General Information: MERCY HEALTH - LOURDES HOSPITAL associated with Mercy,0.8,False,html,Dataset: CMS Hospital General Information
BAPTIST HEALTH LEXINGTON,BAPTIST HEALTH LEXINGTON,Baptist Health,BAPTIST HEALTH,hospital,LEXINGTON,KY,inferred_idn_relationship,Facility name contains 'BAPTIST HEALTH',CMS Hospital General Information,https://data.cms.gov/provider-data/dataset/xubh-q36u,2026-02-25,2026-04-19,Name match in CMS Hospital General Information: BAPTIST HEALTH LEXINGTON associated with Baptist Health,0.8,False,html,Dataset: CMS Hospital General Information
BAPTIST HEALTH PADUCAH,BAPTIST HEALTH PADUCAH,Baptist Health,BAPTIST HEALTH,hospital,PADUCAH,KY,inferred_idn_relationship,Facility name contains 'BAPTIST HEALTH',CMS Hospital General Information,https://data.cms.gov/provider-data/dataset/xubh-q36u,2026-02-25,2026-04-19,Name match in CMS Hospital General Information: BAPTIST HEALTH PADUCAH associated with Baptist Health,0.8,False,html,Dataset: CMS Hospital General Information
BAPTIST HEALTH LOUISVILLE,BAPTIST HEALTH LOUISVILLE,Baptist Health,BAPTIST HEALTH,hospital,LOUISVILLE,KY,inferred_idn_relationship,Facility name contains 'BAPTIST HEALTH',CMS Hospital General Information,https://data.cms.gov/provider-data/dataset/xubh-q36u,2026-02-25,2026-04-19,Name match in CMS Hospital General Information: BAPTIST HEALTH LOUISVILLE associated with Baptist Health,0.8,False,html,Dataset: CMS Hospital General Information
BAPTIST HEALTH LAGRANGE,BAPTIST HEALTH LAGRANGE,Baptist Health,BAPTIST HEALTH,hospital,LA GRANGE,KY,inferred_idn_relationship,Facility name contains 'BAPTIST HEALTH',CMS Hospital General Information,https://data.cms.gov/provider-data/dataset/xubh-q36u,2026-02-25,2026-04-19,Name match in CMS Hospital General Information: BAPTIST HEALTH LAGRANGE associated with Baptist Health,0.8,False,html,Dataset: CMS Hospital General Information
METHODIST HOSPITAL UNION COUNTY,METHODIST HOSPITAL UNION COUNTY,Methodist Health System,METHODIST HEALTH SYSTEM,hospital,MORGANFIELD,KY,inferred_idn_relationship,Facility name contains 'METHODIST ',CMS Hospital General Information,https://data.cms.gov/provider-data/dataset/xubh-q36u,2026-02-25,2026-04-19,Name match in CMS Hospital General Information: METHODIST HOSPITAL UNION COUNTY associated with Methodist Health System,0.8,False,html,Dataset: CMS Hospital General Information
OCHSNER LAFAYETTE GENERAL MEDICAL CENTER,OCHSNER LAFAYETTE GENERAL MEDICAL CENTER,Ochsner Health,OCHSNER HEALTH,hospital,LAFAYETTE,LA,inferred_idn_relationship,Facility name contains 'OCHSNER',CMS Hospital General Information,https://data.cms.gov/provider-data/dataset/xubh-q36u,2026-02-25,2026-04-19,Name match in CMS Hospital General Information: OCHSNER LAFAYETTE GENERAL MEDICAL CENTER associated with Ochsner Health,0.8,False,html,Dataset: CMS Hospital General Information
OCHSNER UNIVERSITY HOSPITAL AND CLINICS,OCHSNER UNIVERSITY HOSPITAL AND CLINICS,Ochsner Health,OCHSNER HEALTH,hospital,LAFAYETTE,LA,inferred_idn_relationship,Facility name contains 'OCHSNER',CMS Hospital General Information,https://data.cms.gov/provider-data/dataset/xubh-q36u,2026-02-25,2026-04-19,Name match in CMS Hospital General Information: OCHSNER UNIVERSITY HOSPITAL AND CLINICS associated with Ochsner Health,0.8,False,html,Dataset: CMS Hospital General Information
OCHSNER LSU HEALTH MONROE,OCHSNER LSU HEALTH MONROE,Ochsner Health,OCHSNER HEALTH,hospital,MONROE,LA,inferred_idn_relationship,Facility name contains 'OCHSNER',CMS Hospital General Information,https://data.cms.gov/provider-data/dataset/xubh-q36u,2026-02-25,2026-04-19,Name match in CMS Hospital General Information: OCHSNER LSU HEALTH MONROE associated with Ochsner Health,0.8,False,html,Dataset: CMS Hospital General Information
OCHSNER ST MARY,OCHSNER ST MARY,Ochsner Health,OCHSNER HEALTH,hospital,MORGAN CITY,LA,inferred_idn_relationship,Facility name contains 'OCHSNER',CMS Hospital General Information,https://data.cms.gov/provider-data/dataset/xubh-q36u,2026-02-25,2026-04-19,Name match in CMS Hospital General Information: OCHSNER ST MARY associated with Ochsner Health,0.8,False,html,Dataset: CMS Hospital General Information
CHRISTUS OCHSNER ST PATRICK HOSPITAL,CHRISTUS OCHSNER ST PATRICK HOSPITAL,Ochsner Health,OCHSNER HEALTH,hospital,LAKE CHARLES,LA,inferred_idn_relationship,Facility name contains 'OCHSNER',CMS Hospital General Information,https://data.cms.gov/provider-data/dataset/xubh-q36u,2026-02-25,2026-04-19,Name match in CMS Hospital General Information: CHRISTUS OCHSNER ST PATRICK HOSPITAL associated with Ochsner Health,0.8,False,html,Dataset: CMS Hospital General Information
OCHSNER MEDICAL CENTER ACUTE,OCHSNER MEDICAL CENTER ACUTE,Ochsner Health,OCHSNER HEALTH,hospital,NEW ORLEANS,LA,inferred_idn_relationship,Facility name contains 'OCHSNER',CMS Hospital General Information,https://data.cms.gov/provider-data/dataset/xubh-q36u,2026-02-25,2026-04-19,Name match in CMS Hospital General Information: OCHSNER MEDICAL CENTER ACUTE associated with Ochsner Health,0.8,False,html,Dataset: CMS Hospital General Information
OCHSNER AMERICAN LEGION HOSPITAL,OCHSNER AMERICAN LEGION HOSPITAL,Ochsner Health,OCHSNER HEALTH,hospital,JENNINGS,LA,inferred_idn_relationship,Facility name contains 'OCHSNER',CMS Hospital General Information,https://data.cms.gov/provider-data/dataset/xubh-q36u,2026-02-25,2026-04-19,Name match in CMS Hospital General Information: OCHSNER AMERICAN LEGION HOSPITAL associated with Ochsner Health,0.8,False,html,Dataset: CMS Hospital General Information
OCHSNER LSU HEALTH SHREVEPORT,OCHSNER LSU HEALTH SHREVEPORT,Ochsner Health,OCHSNER HEALTH,hospital,SHREVEPORT,LA,inferred_idn_relationship,Facility name contains 'OCHSNER',CMS Hospital General Information,https://data.cms.gov/provider-data/dataset/xubh-q36u,2026-02-25,2026-04-19,Name match in CMS Hospital General Information: OCHSNER LSU HEALTH SHREVEPORT associated with Ochsner Health,0.8,False,html,Dataset: CMS Hospital General Information
CHRISTUS OCHSNER LAKE AREA HOSPITAL,CHRISTUS OCHSNER LAKE AREA HOSPITAL,Ochsner Health,OCHSNER HEALTH,hospital,LAKE CHARLES,LA,inferred_idn_relationship,Facility name contains 'OCHSNER',CMS Hospital General Information,https://data.cms.gov/provider-data/dataset/xubh-q36u,2026-02-25,2026-04-19,Name match in CMS Hospital General Information: CHRISTUS OCHSNER LAKE AREA HOSPITAL associated with Ochsner Health,0.8,False,html,Dataset: CMS Hospital General Information
OCHSNER MEDICAL CENTER - BATON ROUGE,OCHSNER MEDICAL CENTER - BATON ROUGE,Ochsner Health,OCHSNER HEALTH,hospital,BATON ROUGE,LA,inferred_idn_relationship,Facility name contains 'OCHSNER',CMS Hospital General Information,https://data.cms.gov/provider-data/dataset/xubh-q36u,2026-02-25,2026-04-19,Name match in CMS Hospital General Information: OCHSNER MEDICAL CENTER - BATON ROUGE associated with Ochsner Health,0.8,False,html,Dataset: CMS Hospital General Information
OCHSNER MEDICAL CENTER-KENNER,OCHSNER MEDICAL CENTER-KENNER,Ochsner Health,OCHSNER HEALTH,hospital,KENNER,LA,inferred_idn_relationship,Facility name contains 'OCHSNER',CMS Hospital General Information,https://data.cms.gov/provider-data/dataset/xubh-q36u,2026-02-25,2026-04-19,Name match in CMS Hospital General Information: OCHSNER MEDICAL CENTER-KENNER associated with Ochsner Health,0.8,False,html,Dataset: CMS Hospital General Information
OCHSNER LSU HEALTH SHREVEPORT-ST MARY MEDICAL CENT,OCHSNER LSU HEALTH SHREVEPORT-ST MARY MEDICAL CENT,Ochsner Health,OCHSNER HEALTH,hospital,SHREVEPORT,LA,inferred_idn_relationship,Facility name contains 'OCHSNER',CMS Hospital General Information,https://data.cms.gov/provider-data/dataset/xubh-q36u,2026-02-25,2026-04-19,Name match in CMS Hospital General Information: OCHSNER LSU HEALTH SHREVEPORT-ST MARY MEDICAL CENT associated with Ochsner Health,0.8,False,html,Dataset: CMS Hospital General Information
OCHSNER ST MARTIN HOSPITAL,OCHSNER ST MARTIN HOSPITAL,Ochsner Health,OCHSNER HEALTH,hospital,BREAUX BRIDGE,LA,inferred_idn_relationship,Facility name contains 'OCHSNER',CMS Hospital General Information,https://data.cms.gov/provider-data/dataset/xubh-q36u,2026-02-25,2026-04-19,Name match in CMS Hospital General Information: OCHSNER ST MARTIN HOSPITAL associated with Ochsner Health,0.8,False,html,Dataset: CMS Hospital General Information
OCHSNER ST ANNE GENERAL HOSPITAL,OCHSNER ST ANNE GENERAL HOSPITAL,Ochsner Health,OCHSNER HEALTH,hospital,RACELAND,LA,inferred_idn_relationship,Facility name contains 'OCHSNER',CMS Hospital General Information,https://data.cms.gov/provider-data/dataset/xubh-q36u,2026-02-25,2026-04-19,Name match in CMS Hospital General Information: OCHSNER ST ANNE GENERAL HOSPITAL associated with Ochsner Health,0.8,False,html,Dataset: CMS Hospital General Information
MERCY BEHAVIORAL HOSPITAL,MERCY BEHAVIORAL HOSPITAL,Mercy,MERCY,hospital,LECOMPTE,LA,inferred_idn_relationship,Facility name contains 'MERCY ',CMS Hospital General Information,https://data.cms.gov/provider-data/dataset/xubh-q36u,2026-02-25,2026-04-19,Name match in CMS Hospital General Information: MERCY BEHAVIORAL HOSPITAL associated with Mercy,0.8,False,html,Dataset: CMS Hospital General Information
NORTHERN LIGHT MERCY HOSPITAL,NORTHERN LIGHT MERCY HOSPITAL,Mercy,MERCY,hospital,PORTLAND,ME,inferred_idn_relationship,Facility name contains 'MERCY ',CMS Hospital General Information,https://data.cms.gov/provider-data/dataset/xubh-q36u,2026-02-25,2026-04-19,Name match in CMS Hospital General Information: NORTHERN LIGHT MERCY HOSPITAL associated with Mercy,0.8,False,html,Dataset: CMS Hospital General Information
MERCY MEDICAL CENTER INC,MERCY MEDICAL CENTER INC,Mercy,MERCY,hospital,BALTIMORE,MD,inferred_idn_relationship,Facility name contains 'MERCY ',CMS Hospital General Information,https://data.cms.gov/provider-data/dataset/xubh-q36u,2026-02-25,2026-04-19,Name match in CMS Hospital General Information: MERCY MEDICAL CENTER INC associated with Mercy,0.8,False,html,Dataset: CMS Hospital General Information
"JOHNS HOPKINS HOSPITAL, THE","JOHNS HOPKINS HOSPITAL, THE",Johns Hopkins Medicine,JOHNS HOPKINS MEDICINE,hospital,BALTIMORE,MD,inferred_idn_relationship,Facility name contains 'JOHNS HOPKINS',CMS Hospital General Information,https://data.cms.gov/provider-data/dataset/xubh-q36u,2026-02-25,2026-04-19,"Name match in CMS Hospital General Information: JOHNS HOPKINS HOSPITAL, THE associated with Johns Hopkins Medicine",0.8,False,html,Dataset: CMS Hospital General Information
JOHNS HOPKINS BAYVIEW MEDICAL CENTER,JOHNS HOPKINS BAYVIEW MEDICAL CENTER,Johns Hopkins Medicine,JOHNS HOPKINS MEDICINE,hospital,BALTIMORE,MD,inferred_idn_relationship,Facility name contains 'JOHNS HOPKINS',CMS Hospital General Information,https://data.cms.gov/provider-data/dataset/xubh-q36u,2026-02-25,2026-04-19,Name match in CMS Hospital General Information: JOHNS HOPKINS BAYVIEW MEDICAL CENTER associated with Johns Hopkins Medicine,0.8,False,html,Dataset: CMS Hospital General Information
JOHNS HOPKINS HOWARD COUNTY MEDICAL CENTER,JOHNS HOPKINS HOWARD COUNTY MEDICAL CENTER,Johns Hopkins Medicine,JOHNS HOPKINS MEDICINE,hospital,COLUMBIA,MD,inferred_idn_relationship,Facility name contains 'JOHNS HOPKINS',CMS Hospital General Information,https://data.cms.gov/provider-data/dataset/xubh-q36u,2026-02-25,2026-04-19,Name match in CMS Hospital General Information: JOHNS HOPKINS HOWARD COUNTY MEDICAL CENTER associated with Johns Hopkins Medicine,0.8,False,html,Dataset: CMS Hospital General Information
UMASS MEMORIAL HEALTHALLIANCE HOSPITALS,UMASS MEMORIAL HEALTHALLIANCE HOSPITALS,UMass Memorial Health,UMASS MEMORIAL HEALTH,hospital,LEOMINSTER,MA,inferred_idn_relationship,Facility name contains 'UMASS MEMORIAL',CMS Hospital General Information,https://data.cms.gov/provider-data/dataset/xubh-q36u,2026-02-25,2026-04-19,Name match in CMS Hospital General Information: UMASS MEMORIAL HEALTHALLIANCE HOSPITALS associated with UMass Memorial Health,0.8,False,html,Dataset: CMS Hospital General Information
UMASS MEMORIAL HEALTH - HARRINGTON HOSPITAL,UMASS MEMORIAL HEALTH - HARRINGTON HOSPITAL,UMass Memorial Health,UMASS MEMORIAL HEALTH,hospital,SOUTHBRIDGE,MA,inferred_idn_relationship,Facility name contains 'UMASS MEMORIAL',CMS Hospital General Information,https://data.cms.gov/provider-data/dataset/xubh-q36u,2026-02-25,2026-04-19,Name match in CMS Hospital General Information: UMASS MEMORIAL HEALTH - HARRINGTON HOSPITAL associated with UMass Memorial Health,0.8,False,html,Dataset: CMS Hospital General Information
UMASS MEMORIAL HEALTHCARE-MARLBOROUGH HOSPITAL,UMASS MEMORIAL HEALTHCARE-MARLBOROUGH HOSPITAL,UMass Memorial Health,UMASS MEMORIAL HEALTH,hospital,MARLBOROUGH,MA,inferred_idn_relationship,Facility name contains 'UMASS MEMORIAL',CMS Hospital General Information,https://data.cms.gov/provider-data/dataset/xubh-q36u,2026-02-25,2026-04-19,Name match in CMS Hospital General Information: UMASS MEMORIAL HEALTHCARE-MARLBOROUGH HOSPITAL associated with UMass Memorial Health,0.8,False,html,Dataset: CMS Hospital General Information
MERCY MEDICAL CTR,MERCY MEDICAL CTR,Mercy,MERCY,hospital,SPRINGFIELD,MA,inferred_idn_relationship,Facility name contains 'MERCY ',CMS Hospital General Information,https://data.cms.gov/provider-data/dataset/xubh-q36u,2026-02-25,2026-04-19,Name match in CMS Hospital General Information: MERCY MEDICAL CTR associated with Mercy,0.8,False,html,Dataset: CMS Hospital General Information
MASSACHUSETTS GENERAL HOSPITAL,MASSACHUSETTS GENERAL HOSPITAL,Mass General Brigham,MASS GENERAL BRIGHAM,hospital,BOSTON,MA,inferred_idn_relationship,Facility name contains 'MASSACHUSETTS GENERAL',CMS Hospital General Information,https://data.cms.gov/provider-data/dataset/xubh-q36u,2026-02-25,2026-04-19,Name match in CMS Hospital General Information: MASSACHUSETTS GENERAL HOSPITAL associated with Mass General Brigham,0.8,False,html,Dataset: CMS Hospital General Information
BRIGHAM AND WOMEN'S HOSPITAL,BRIGHAM AND WOMEN'S HOSPITAL,Mass General Brigham,MASS GENERAL BRIGHAM,hospital,BOSTON,MA,inferred_idn_relationship,Facility name contains 'BRIGHAM AND WOMEN'S',CMS Hospital General Information,https://data.cms.gov/provider-data/dataset/xubh-q36u,2026-02-25,2026-04-19,Name match in CMS Hospital General Information: BRIGHAM AND WOMEN'S HOSPITAL associated with Mass General Brigham,0.8,False,html,Dataset: CMS Hospital General Information
UMASS MEMORIAL MEDICAL CENTER/UNIVERSITY CAMPUS,UMASS MEMORIAL MEDICAL CENTER/UNIVERSITY CAMPUS,UMass Memorial Health,UMASS MEMORIAL HEALTH,hospital,WORCESTER,MA,inferred_idn_relationship,Facility name contains 'UMASS MEMORIAL',CMS Hospital General Information,https://data.cms.gov/provider-data/dataset/xubh-q36u,2026-02-25,2026-04-19,Name match in CMS Hospital General Information: UMASS MEMORIAL MEDICAL CENTER/UNIVERSITY CAMPUS associated with UMass Memorial Health,0.8,False,html,Dataset: CMS Hospital General Information
ST JOE MERCY HOSPITAL SYSTEM LIVONIA,ST JOE MERCY HOSPITAL SYSTEM LIVONIA,Mercy,MERCY,hospital,LIVONIA,MI,inferred_idn_relationship,Facility name contains 'MERCY ',CMS Hospital General Information,https://data.cms.gov/provider-data/dataset/xubh-q36u,2026-02-25,2026-04-19,Name match in CMS Hospital General Information: ST JOE MERCY HOSPITAL SYSTEM LIVONIA associated with Mercy,0.8,False,html,Dataset: CMS Hospital General Information
BRONSON METHODIST HOSPITAL,BRONSON METHODIST HOSPITAL,Methodist Health System,METHODIST HEALTH SYSTEM,hospital,KALAMAZOO,MI,inferred_idn_relationship,Facility name contains 'METHODIST ',CMS Hospital General Information,https://data.cms.gov/provider-data/dataset/xubh-q36u,2026-02-25,2026-04-19,Name match in CMS Hospital General Information: BRONSON METHODIST HOSPITAL associated with Methodist Health System,0.8,False,html,Dataset: CMS Hospital General Information
"ASCENSION PROVIDENCE HOSPITAL, SOUTHFIELD AND NOVI","ASCENSION PROVIDENCE HOSPITAL, SOUTHFIELD AND NOVI",Ascension,ASCENSION,hospital,SOUTHFIELD,MI,inferred_idn_relationship,Facility name contains 'ASCENSION',CMS Hospital General Information,https://data.cms.gov/provider-data/dataset/xubh-q36u,2026-02-25,2026-04-19,"Name match in CMS Hospital General Information: ASCENSION PROVIDENCE HOSPITAL, SOUTHFIELD AND NOVI associated with Ascension",0.8,False,html,Dataset: CMS Hospital General Information
TRINITY HEALTH OAKLAND HOSPITAL,TRINITY HEALTH OAKLAND HOSPITAL,Trinity Health,TRINITY HEALTH,hospital,PONTIAC,MI,inferred_idn_relationship,Facility name contains 'TRINITY HEALTH',CMS Hospital General Information,https://data.cms.gov/provider-data/dataset/xubh-q36u,2026-02-25,2026-04-19,Name match in CMS Hospital General Information: TRINITY HEALTH OAKLAND HOSPITAL associated with Trinity Health,0.8,False,html,Dataset: CMS Hospital General Information
UNIVERSITY OF MICHIGAN HEALTH SYSTEM,UNIVERSITY OF MICHIGAN HEALTH SYSTEM,Michigan Medicine,MICHIGAN MEDICINE,hospital,ANN ARBOR,MI,inferred_idn_relationship,Facility name contains 'UNIVERSITY OF MICHIGAN',CMS Hospital General Information,https://data.cms.gov/provider-data/dataset/xubh-q36u,2026-02-25,2026-04-19,Name match in CMS Hospital General Information: UNIVERSITY OF MICHIGAN HEALTH SYSTEM associated with Michigan Medicine,0.8,False,html,Dataset: CMS Hospital General Information
HENRY FORD MACOMB HOSPITAL,HENRY FORD MACOMB HOSPITAL,Henry Ford Health System,HENRY FORD HEALTH SYSTEM,hospital,CLINTON TOWNSHIP,MI,inferred_idn_relationship,Facility name contains 'HENRY FORD',CMS Hospital General Information,https://data.cms.gov/provider-data/dataset/xubh-q36u,2026-02-25,2026-04-19,Name match in CMS Hospital General Information: HENRY FORD MACOMB HOSPITAL associated with Henry Ford Health System,0.8,False,html,Dataset: CMS Hospital General Information
HENRY FORD HEALTH HOSPITAL,HENRY FORD HEALTH HOSPITAL,Henry Ford Health System,HENRY FORD HEALTH SYSTEM,hospital,DETROIT,MI,inferred_idn_relationship,Facility name contains 'HENRY FORD',CMS Hospital General Information,https://data.cms.gov/provider-data/dataset/xubh-q36u,2026-02-25,2026-04-19,Name match in CMS Hospital General Information: HENRY FORD HEALTH HOSPITAL associated with Henry Ford Health System,0.8,False,html,Dataset: CMS Hospital General Information
MERCY HEALTH SAINT MARY'S,MERCY HEALTH SAINT MARY'S,Mercy,MERCY,hospital,GRAND RAPIDS,MI,inferred_idn_relationship,Facility name contains 'MERCY ',CMS Hospital General Information,https://data.cms.gov/provider-data/dataset/xubh-q36u,2026-02-25,2026-04-19,Name match in CMS Hospital General Information: MERCY HEALTH SAINT MARY'S associated with Mercy,0.8,False,html,Dataset: CMS Hospital General Information
TRINITY HEALTH MUSKEGON HOSPITAL,TRINITY HEALTH MUSKEGON HOSPITAL,Trinity Health,TRINITY HEALTH,hospital,MUSKEGON,MI,inferred_idn_relationship,Facility name contains 'TRINITY HEALTH',CMS Hospital General Information,https://data.cms.gov/provider-data/dataset/xubh-q36u,2026-02-25,2026-04-19,Name match in CMS Hospital General Information: TRINITY HEALTH MUSKEGON HOSPITAL associated with Trinity Health,0.8,False,html,Dataset: CMS Hospital General Information
TRINITY HEALTH LIVINGSTON HOSPITAL,TRINITY HEALTH LIVINGSTON HOSPITAL,Trinity Health,TRINITY HEALTH,hospital,HOWELL,MI,inferred_idn_relationship,Facility name contains 'TRINITY HEALTH',CMS Hospital General Information,https://data.cms.gov/provider-data/dataset/xubh-q36u,2026-02-25,2026-04-19,Name match in CMS Hospital General Information: TRINITY HEALTH LIVINGSTON HOSPITAL associated with Trinity Health,0.8,False,html,Dataset: CMS Hospital General Information
ASCENSION ST MARY'S HOSPITAL,ASCENSION ST MARY'S HOSPITAL,Ascension,ASCENSION,hospital,SAGINAW,MI,inferred_idn_relationship,Facility name contains 'ASCENSION',CMS Hospital General Information,https://data.cms.gov/provider-data/dataset/xubh-q36u,2026-02-25,2026-04-19,Name match in CMS Hospital General Information: ASCENSION ST MARY'S HOSPITAL associated with Ascension,0.8,False,html,Dataset: CMS Hospital General Information
HENRY FORD ALLEGIANCE HEALTH,HENRY FORD ALLEGIANCE HEALTH,Henry Ford Health System,HENRY FORD HEALTH SYSTEM,hospital,JACKSON,MI,inferred_idn_relationship,Facility name contains 'HENRY FORD',CMS Hospital General Information,https://data.cms.gov/provider-data/dataset/xubh-q36u,2026-02-25,2026-04-19,Name match in CMS Hospital General Information: HENRY FORD ALLEGIANCE HEALTH associated with Henry Ford Health System,0.8,False,html,Dataset: CMS Hospital General Information
TRINITY HEALTH ANN ARBOR HOSPITAL,TRINITY HEALTH ANN ARBOR HOSPITAL,Trinity Health,TRINITY HEALTH,hospital,ANN ARBOR,MI,inferred_idn_relationship,Facility name contains 'TRINITY HEALTH',CMS Hospital General Information,https://data.cms.gov/provider-data/dataset/xubh-q36u,2026-02-25,2026-04-19,Name match in CMS Hospital General Information: TRINITY HEALTH ANN ARBOR HOSPITAL associated with Trinity Health,0.8,False,html,Dataset: CMS Hospital General Information
HENRY FORD HEALTH ST JOHN HOSPITAL,HENRY FORD HEALTH ST JOHN HOSPITAL,Henry Ford Health System,HENRY FORD HEALTH SYSTEM,hospital,DETROIT,MI,inferred_idn_relationship,Facility name contains 'HENRY FORD',CMS Hospital General Information,https://data.cms.gov/provider-data/dataset/xubh-q36u,2026-02-25,2026-04-19,Name match in CMS Hospital General Information: HENRY FORD HEALTH ST JOHN HOSPITAL associated with Henry Ford Health System,0.8,False,html,Dataset: CMS Hospital General Information
TRINITY HEALTH GRAND HAVEN HOSPITAL,TRINITY HEALTH GRAND HAVEN HOSPITAL,Trinity Health,TRINITY HEALTH,hospital,GRAND HAVEN,MI,inferred_idn_relationship,Facility name contains 'TRINITY HEALTH',CMS Hospital General Information,https://data.cms.gov/provider-data/dataset/xubh-q36u,2026-02-25,2026-04-19,Name match in CMS Hospital General Information: TRINITY HEALTH GRAND HAVEN HOSPITAL associated with Trinity Health,0.8,False,html,Dataset: CMS Hospital General Information
Henry Ford Health Warren Hospital,HENRY FORD HEALTH WARREN HOSPITAL,Henry Ford Health System,HENRY FORD HEALTH SYSTEM,hospital,WARREN,MI,inferred_idn_relationship,Facility name contains 'HENRY FORD',CMS Hospital General Information,https://data.cms.gov/provider-data/dataset/xubh-q36u,2026-02-25,2026-04-19,Name match in CMS Hospital General Information: Henry Ford Health Warren Hospital associated with Henry Ford Health System,0.8,False,html,Dataset: CMS Hospital General Information
ASCENSION GENESYS HOSPITAL,ASCENSION GENESYS HOSPITAL,Ascension,ASCENSION,hospital,GRAND BLANC,MI,inferred_idn_relationship,Facility name contains 'ASCENSION',CMS Hospital General Information,https://data.cms.gov/provider-data/dataset/xubh-q36u,2026-02-25,2026-04-19,Name match in CMS Hospital General Information: ASCENSION GENESYS HOSPITAL associated with Ascension,0.8,False,html,Dataset: CMS Hospital General Information
UNIVERSITY OF MICHIGAN HEALTH-SPARROW CARSON,UNIVERSITY OF MICHIGAN HEALTH-SPARROW CARSON,Michigan Medicine,MICHIGAN MEDICINE,hospital,CARSON CITY,MI,inferred_idn_relationship,Facility name contains 'UNIVERSITY OF MICHIGAN',CMS Hospital General Information,https://data.cms.gov/provider-data/dataset/xubh-q36u,2026-02-25,2026-04-19,Name match in CMS Hospital General Information: UNIVERSITY OF MICHIGAN HEALTH-SPARROW CARSON associated with Michigan Medicine,0.8,False,html,Dataset: CMS Hospital General Information
UNIVERSITY OF MICHIGAN HEALTH - WEST,UNIVERSITY OF MICHIGAN HEALTH - WEST,Michigan Medicine,MICHIGAN MEDICINE,hospital,WYOMING,MI,inferred_idn_relationship,Facility name contains 'UNIVERSITY OF MICHIGAN',CMS Hospital General Information,https://data.cms.gov/provider-data/dataset/xubh-q36u,2026-02-25,2026-04-19,Name match in CMS Hospital General Information: UNIVERSITY OF MICHIGAN HEALTH - WEST associated with Michigan Medicine,0.8,False,html,Dataset: CMS Hospital General Information
ASCENSION RIVER DISTRICT HOSPITAL,ASCENSION RIVER DISTRICT HOSPITAL,Ascension,ASCENSION,hospital,EAST CHINA,MI,inferred_idn_relationship,Facility name contains 'ASCENSION',CMS Hospital General Information,https://data.cms.gov/provider-data/dataset/xubh-q36u,2026-02-25,2026-04-19,Name match in CMS Hospital General Information: ASCENSION RIVER DISTRICT HOSPITAL associated with Ascension,0.8,False,html,Dataset: CMS Hospital General Information
ASCENSION PROVIDENCE ROCHESTER HOSPITAL,ASCENSION PROVIDENCE ROCHESTER HOSPITAL,Ascension,ASCENSION,hospital,ROCHESTER,MI,inferred_idn_relationship,Facility name contains 'ASCENSION',CMS Hospital General Information,https://data.cms.gov/provider-data/dataset/xubh-q36u,2026-02-25,2026-04-19,Name match in CMS Hospital General Information: ASCENSION PROVIDENCE ROCHESTER HOSPITAL associated with Ascension,0.8,False,html,Dataset: CMS Hospital General Information
HENRY FORD HEALTH BRIGHTON CENTER FOR RECOVERY,HENRY FORD HEALTH BRIGHTON CENTER FOR RECOVERY,Henry Ford Health System,HENRY FORD HEALTH SYSTEM,hospital,BRIGHTON,MI,inferred_idn_relationship,Facility name contains 'HENRY FORD',CMS Hospital General Information,https://data.cms.gov/provider-data/dataset/xubh-q36u,2026-02-25,2026-04-19,Name match in CMS Hospital General Information: HENRY FORD HEALTH BRIGHTON CENTER FOR RECOVERY associated with Henry Ford Health System,0.8,False,html,Dataset: CMS Hospital General Information
HENRY FORD HEALTH WEST BLOOMFIELD HOSPITAL,HENRY FORD HEALTH WEST BLOOMFIELD HOSPITAL,Henry Ford Health System,HENRY FORD HEALTH SYSTEM,hospital,W BLOOMFIELD,MI,inferred_idn_relationship,Facility name contains 'HENRY FORD',CMS Hospital General Information,https://data.cms.gov/provider-data/dataset/xubh-q36u,2026-02-25,2026-04-19,Name match in CMS Hospital General Information: HENRY FORD HEALTH WEST BLOOMFIELD HOSPITAL associated with Henry Ford Health System,0.8,False,html,Dataset: CMS Hospital General Information
ASCENSION BORGESS LEE HOSPITAL,ASCENSION BORGESS LEE HOSPITAL,Ascension,ASCENSION,hospital,DOWAGIAC,MI,inferred_idn_relationship,Facility name contains 'ASCENSION',CMS Hospital General Information,https://data.cms.gov/provider-data/dataset/xubh-q36u,2026-02-25,2026-04-19,Name match in CMS Hospital General Information: ASCENSION BORGESS LEE HOSPITAL associated with Ascension,0.8,False,html,Dataset: CMS Hospital General Information
MERCY HEALTH LAKESHORE CAMPUS,MERCY HEALTH LAKESHORE CAMPUS,Mercy,MERCY,hospital,SHELBY,MI,inferred_idn_relationship,Facility name contains 'MERCY ',CMS Hospital General Information,https://data.cms.gov/provider-data/dataset/xubh-q36u,2026-02-25,2026-04-19,Name match in CMS Hospital General Information: MERCY HEALTH LAKESHORE CAMPUS associated with Mercy,0.8,False,html,Dataset: CMS Hospital General Information
UNIVERSITY OF MICHIGAN HEALTH - SPARROW EATON,UNIVERSITY OF MICHIGAN HEALTH - SPARROW EATON,Michigan Medicine,MICHIGAN MEDICINE,hospital,CHARLOTTE,MI,inferred_idn_relationship,Facility name contains 'UNIVERSITY OF MICHIGAN',CMS Hospital General Information,https://data.cms.gov/provider-data/dataset/xubh-q36u,2026-02-25,2026-04-19,Name match in CMS Hospital General Information: UNIVERSITY OF MICHIGAN HEALTH - SPARROW EATON associated with Michigan Medicine,0.8,False,html,Dataset: CMS Hospital General Information
ASCENSION BORGESS ALLEGAN HOSPITAL,ASCENSION BORGESS ALLEGAN HOSPITAL,Ascension,ASCENSION,hospital,ALLEGAN,MI,inferred_idn_relationship,Facility name contains 'ASCENSION',CMS Hospital General Information,https://data.cms.gov/provider-data/dataset/xubh-q36u,2026-02-25,2026-04-19,Name match in CMS Hospital General Information: ASCENSION BORGESS ALLEGAN HOSPITAL associated with Ascension,0.8,False,html,Dataset: CMS Hospital General Information
HENRY FORD HEALTH BEHAVIORAL HEALTH HOSPITAL,HENRY FORD HEALTH BEHAVIORAL HEALTH HOSPITAL,Henry Ford Health System,HENRY FORD HEALTH SYSTEM,hospital,FERNDALE,MI,inferred_idn_relationship,Facility name contains 'HENRY FORD',CMS Hospital General Information,https://data.cms.gov/provider-data/dataset/xubh-q36u,2026-02-25,2026-04-19,Name match in CMS Hospital General Information: HENRY FORD HEALTH BEHAVIORAL HEALTH HOSPITAL associated with Henry Ford Health System,0.8,False,html,Dataset: CMS Hospital General Information
MAYO CLINIC HOSPITAL ROCHESTER,MAYO CLINIC HOSPITAL ROCHESTER,Mayo Clinic,MAYO CLINIC,hospital,ROCHESTER,MN,inferred_idn_relationship,Facility name contains 'MAYO CLINIC',CMS Hospital General Information,https://data.cms.gov/provider-data/dataset/xubh-q36u,2026-02-25,2026-04-19,Name match in CMS Hospital General Information: MAYO CLINIC HOSPITAL ROCHESTER associated with Mayo Clinic,0.8,False,html,Dataset: CMS Hospital General Information
MAYO CLINIC HEALTH SYSTEM IN RED WING,MAYO CLINIC HEALTH SYSTEM IN RED WING,Mayo Clinic,MAYO CLINIC,hospital,RED WING,MN,inferred_idn_relationship,Facility name contains 'MAYO CLINIC',CMS Hospital General Information,https://data.cms.gov/provider-data/dataset/xubh-q36u,2026-02-25,2026-04-19,Name match in CMS Hospital General Information: MAYO CLINIC HEALTH SYSTEM IN RED WING associated with Mayo Clinic,0.8,False,html,Dataset: CMS Hospital General Information
MAYO CLINIC HEALTH SYSTEM - ALBERT LEA AND AUSTIN,MAYO CLINIC HEALTH SYSTEM - ALBERT LEA AND AUSTIN,Mayo Clinic,MAYO CLINIC,hospital,ALBERT LEA,MN,inferred_idn_relationship,Facility name contains 'MAYO CLINIC',CMS Hospital General Information,https://data.cms.gov/provider-data/dataset/xubh-q36u,2026-02-25,2026-04-19,Name match in CMS Hospital General Information: MAYO CLINIC HEALTH SYSTEM - ALBERT LEA AND AUSTIN associated with Mayo Clinic,0.8,False,html,Dataset: CMS Hospital General Information
PARK NICOLLET METHODIST HOSPITAL,PARK NICOLLET METHODIST HOSPITAL,Methodist Health System,METHODIST HEALTH SYSTEM,hospital,SAINT LOUIS PARK,MN,inferred_idn_relationship,Facility name contains 'METHODIST ',CMS Hospital General Information,https://data.cms.gov/provider-data/dataset/xubh-q36u,2026-02-25,2026-04-19,Name match in CMS Hospital General Information: PARK NICOLLET METHODIST HOSPITAL associated with Methodist Health System,0.8,False,html,Dataset: CMS Hospital General Information
MAYO CLINIC HEALTH SYSTEM - MANKATO,MAYO CLINIC HEALTH SYSTEM - MANKATO,Mayo Clinic,MAYO CLINIC,hospital,MANKATO,MN,inferred_idn_relationship,Facility name contains 'MAYO CLINIC',CMS Hospital General Information,https://data.cms.gov/provider-data/dataset/xubh-q36u,2026-02-25,2026-04-19,Name match in CMS Hospital General Information: MAYO CLINIC HEALTH SYSTEM - MANKATO associated with Mayo Clinic,0.8,False,html,Dataset: CMS Hospital General Information
MAYO CLINIC HEALTH SYSTEM - FAIRMONT,MAYO CLINIC HEALTH SYSTEM - FAIRMONT,Mayo Clinic,MAYO CLINIC,hospital,FAIRMONT,MN,inferred_idn_relationship,Facility name contains 'MAYO CLINIC',CMS Hospital General Information,https://data.cms.gov/provider-data/dataset/xubh-q36u,2026-02-25,2026-04-19,Name match in CMS Hospital General Information: MAYO CLINIC HEALTH SYSTEM - FAIRMONT associated with Mayo Clinic,0.8,False,html,Dataset: CMS Hospital General Information
MAYO CLINIC HEALTH SYSTEM ST. JAMES,MAYO CLINIC HEALTH SYSTEM ST. JAMES,Mayo Clinic,MAYO CLINIC,hospital,ST JAMES,MN,inferred_idn_relationship,Facility name contains 'MAYO CLINIC',CMS Hospital General Information,https://data.cms.gov/provider-data/dataset/xubh-q36u,2026-02-25,2026-04-19,Name match in CMS Hospital General Information: MAYO CLINIC HEALTH SYSTEM ST. JAMES associated with Mayo Clinic,0.8,False,html,Dataset: CMS Hospital General Information
MAYO CLINIC HEALTH SYSTEM - LAKE CITY,MAYO CLINIC HEALTH SYSTEM - LAKE CITY,Mayo Clinic,MAYO CLINIC,hospital,LAKE CITY,MN,inferred_idn_relationship,Facility name contains 'MAYO CLINIC',CMS Hospital General Information,https://data.cms.gov/provider-data/dataset/xubh-q36u,2026-02-25,2026-04-19,Name match in CMS Hospital General Information: MAYO CLINIC HEALTH SYSTEM - LAKE CITY associated with Mayo Clinic,0.8,False,html,Dataset: CMS Hospital General Information
MAYO CLINIC HEALTH SYSTEM - WASECA,MAYO CLINIC HEALTH SYSTEM - WASECA,Mayo Clinic,MAYO CLINIC,hospital,WASECA,MN,inferred_idn_relationship,Facility name contains 'MAYO CLINIC',CMS Hospital General Information,https://data.cms.gov/provider-data/dataset/xubh-q36u,2026-02-25,2026-04-19,Name match in CMS Hospital General Information: MAYO CLINIC HEALTH SYSTEM - WASECA associated with Mayo Clinic,0.8,False,html,Dataset: CMS Hospital General Information
MAYO CLINIC HEALTH SYSTEM - CANNON FALLS,MAYO CLINIC HEALTH SYSTEM - CANNON FALLS,Mayo Clinic,MAYO CLINIC,hospital,CANNON FALLS,MN,inferred_idn_relationship,Facility name contains 'MAYO CLINIC',CMS Hospital General Information,https://data.cms.gov/provider-data/dataset/xubh-q36u,2026-02-25,2026-04-19,Name match in CMS Hospital General Information: MAYO CLINIC HEALTH SYSTEM - CANNON FALLS associated with Mayo Clinic,0.8,False,html,Dataset: CMS Hospital General Information
MAYO CLINIC HEALTH SYSTEM NEW PRAGUE,MAYO CLINIC HEALTH SYSTEM NEW PRAGUE,Mayo Clinic,MAYO CLINIC,hospital,NEW PRAGUE,MN,inferred_idn_relationship,Facility name contains 'MAYO CLINIC',CMS Hospital General Information,https://data.cms.gov/provider-data/dataset/xubh-q36u,2026-02-25,2026-04-19,Name match in CMS Hospital General Information: MAYO CLINIC HEALTH SYSTEM NEW PRAGUE associated with Mayo Clinic,0.8,False,html,Dataset: CMS Hospital General Information
OCHSNER RUSH HOSPITAL,OCHSNER RUSH HOSPITAL,Ochsner Health,OCHSNER HEALTH,hospital,MERIDIAN,MS,inferred_idn_relationship,Facility name contains 'OCHSNER',CMS Hospital General Information,https://data.cms.gov/provider-data/dataset/xubh-q36u,2026-02-25,2026-04-19,Name match in CMS Hospital General Information: OCHSNER RUSH HOSPITAL associated with Ochsner Health,0.8,False,html,Dataset: CMS Hospital General Information
MISSISSIPPI METHODIST REHAB CTR,MISSISSIPPI METHODIST REHAB CTR,Methodist Health System,METHODIST HEALTH SYSTEM,hospital,JACKSON,MS,inferred_idn_relationship,Facility name contains 'METHODIST ',CMS Hospital General Information,https://data.cms.gov/provider-data/dataset/xubh-q36u,2026-02-25,2026-04-19,Name match in CMS Hospital General Information: MISSISSIPPI METHODIST REHAB CTR associated with Methodist Health System,0.8,False,html,Dataset: CMS Hospital General Information
OCHSNER MEDICAL CENTER-HANCOCK,OCHSNER MEDICAL CENTER-HANCOCK,Ochsner Health,OCHSNER HEALTH,hospital,BAY SAINT LOUIS,MS,inferred_idn_relationship,Facility name contains 'OCHSNER',CMS Hospital General Information,https://data.cms.gov/provider-data/dataset/xubh-q36u,2026-02-25,2026-04-19,Name match in CMS Hospital General Information: OCHSNER MEDICAL CENTER-HANCOCK associated with Ochsner Health,0.8,False,html,Dataset: CMS Hospital General Information
METHODIST HEALTHCARE - OLIVE BRANCH HOSPITAL,METHODIST HEALTHCARE - OLIVE BRANCH HOSPITAL,Methodist Health System,METHODIST HEALTH SYSTEM,hospital,OLIVE BRANCH,MS,inferred_idn_relationship,Facility name contains 'METHODIST ',CMS Hospital General Information,https://data.cms.gov/provider-data/dataset/xubh-q36u,2026-02-25,2026-04-19,Name match in CMS Hospital General Information: METHODIST HEALTHCARE - OLIVE BRANCH HOSPITAL associated with Methodist Health System,0.8,False,html,Dataset: CMS Hospital General Information
OCHSNER WATKINS HOSPITAL,OCHSNER WATKINS HOSPITAL,Ochsner Health,OCHSNER HEALTH,hospital,QUITMAN,MS,inferred_idn_relationship,Facility name contains 'OCHSNER',CMS Hospital General Information,https://data.cms.gov/provider-data/dataset/xubh-q36u,2026-02-25,2026-04-19,Name match in CMS Hospital General Information: OCHSNER WATKINS HOSPITAL associated with Ochsner Health,0.8,False,html,Dataset: CMS Hospital General Information
OCHSNER LAIRD HOSPITAL,OCHSNER LAIRD HOSPITAL,Ochsner Health,OCHSNER HEALTH,hospital,UNION,MS,inferred_idn_relationship,Facility name contains 'OCHSNER',CMS Hospital General Information,https://data.cms.gov/provider-data/dataset/xubh-q36u,2026-02-25,2026-04-19,Name match in CMS Hospital General Information: OCHSNER LAIRD HOSPITAL associated with Ochsner Health,0.8,False,html,Dataset: CMS Hospital General Information
OCHSNER SCOTT REGIONAL,OCHSNER SCOTT REGIONAL,Ochsner Health,OCHSNER HEALTH,hospital,MORTON,MS,inferred_idn_relationship,Facility name contains 'OCHSNER',CMS Hospital General Information,https://data.cms.gov/provider-data/dataset/xubh-q36u,2026-02-25,2026-04-19,Name match in CMS Hospital General Information: OCHSNER SCOTT REGIONAL associated with Ochsner Health,0.8,False,html,Dataset: CMS Hospital General Information
OCHSNER STENNIS MEMORIAL HOSPITAL,OCHSNER STENNIS MEMORIAL HOSPITAL,Ochsner Health,OCHSNER HEALTH,hospital,DE KALB,MS,inferred_idn_relationship,Facility name contains 'OCHSNER',CMS Hospital General Information,https://data.cms.gov/provider-data/dataset/xubh-q36u,2026-02-25,2026-04-19,Name match in CMS Hospital General Information: OCHSNER STENNIS MEMORIAL HOSPITAL associated with Ochsner Health,0.8,False,html,Dataset: CMS Hospital General Information
MERCY HOSPITAL JOPLIN,MERCY HOSPITAL JOPLIN,Mercy,MERCY,hospital,JOPLIN,MO,inferred_idn_relationship,Facility name contains 'MERCY ',CMS Hospital General Information,https://data.cms.gov/provider-data/dataset/xubh-q36u,2026-02-25,2026-04-19,Name match in CMS Hospital General Information: MERCY HOSPITAL JOPLIN associated with Mercy,0.8,False,html,Dataset: CMS Hospital General Information
MERCY HOSPITAL ST LOUIS,MERCY HOSPITAL ST LOUIS,Mercy,MERCY,hospital,SAINT LOUIS,MO,inferred_idn_relationship,Facility name contains 'MERCY ',CMS Hospital General Information,https://data.cms.gov/provider-data/dataset/xubh-q36u,2026-02-25,2026-04-19,Name match in CMS Hospital General Information: MERCY HOSPITAL ST LOUIS associated with Mercy,0.8,False,html,Dataset: CMS Hospital General Information
MERCY HOSPITAL JEFFERSON,MERCY HOSPITAL JEFFERSON,Mercy,MERCY,hospital,CRYSTAL CITY,MO,inferred_idn_relationship,Facility name contains 'MERCY ',CMS Hospital General Information,https://data.cms.gov/provider-data/dataset/xubh-q36u,2026-02-25,2026-04-19,Name match in CMS Hospital General Information: MERCY HOSPITAL JEFFERSON associated with Mercy,0.8,False,html,Dataset: CMS Hospital General Information
MERCY HOSPITAL WASHINGTON,MERCY HOSPITAL WASHINGTON,Mercy,MERCY,hospital,WASHINGTON,MO,inferred_idn_relationship,Facility name contains 'MERCY ',CMS Hospital General Information,https://data.cms.gov/provider-data/dataset/xubh-q36u,2026-02-25,2026-04-19,Name match in CMS Hospital General Information: MERCY HOSPITAL WASHINGTON associated with Mercy,0.8,False,html,Dataset: CMS Hospital General Information
MERCY HOSPITAL LEBANON,MERCY HOSPITAL LEBANON,Mercy,MERCY,hospital,LEBANON,MO,inferred_idn_relationship,Facility name contains 'MERCY ',CMS Hospital General Information,https://data.cms.gov/provider-data/dataset/xubh-q36u,2026-02-25,2026-04-19,Name match in CMS Hospital General Information: MERCY HOSPITAL LEBANON associated with Mercy,0.8,False,html,Dataset: CMS Hospital General Information
MERCY HOSPITAL SPRINGFIELD,MERCY HOSPITAL SPRINGFIELD,Mercy,MERCY,hospital,SPRINGFIELD,MO,inferred_idn_relationship,Facility name contains 'MERCY ',CMS Hospital General Information,https://data.cms.gov/provider-data/dataset/xubh-q36u,2026-02-25,2026-04-19,Name match in CMS Hospital General Information: MERCY HOSPITAL SPRINGFIELD associated with Mercy,0.8,False,html,Dataset: CMS Hospital General Information
MERCY HOSPITAL SOUTH,MERCY HOSPITAL SOUTH,Mercy,MERCY,hospital,SAINT LOUIS,MO,inferred_idn_relationship,Facility name contains 'MERCY ',CMS Hospital General Information,https://data.cms.gov/provider-data/dataset/xubh-q36u,2026-02-25,2026-04-19,Name match in CMS Hospital General Information: MERCY HOSPITAL SOUTH associated with Mercy,0.8,False,html,Dataset: CMS Hospital General Information
MERCY HOSPITAL SOUTHEAST,MERCY HOSPITAL SOUTHEAST,Mercy,MERCY,hospital,CAPE GIRARDEAU,MO,inferred_idn_relationship,Facility name contains 'MERCY ',CMS Hospital General Information,https://data.cms.gov/provider-data/dataset/xubh-q36u,2026-02-25,2026-04-19,Name match in CMS Hospital General Information: MERCY HOSPITAL SOUTHEAST associated with Mercy,0.8,False,html,Dataset: CMS Hospital General Information
MERCY HOSPITAL STODDARD,MERCY HOSPITAL STODDARD,Mercy,MERCY,hospital,DEXTER,MO,inferred_idn_relationship,Facility name contains 'MERCY ',CMS Hospital General Information,https://data.cms.gov/provider-data/dataset/xubh-q36u,2026-02-25,2026-04-19,Name match in CMS Hospital General Information: MERCY HOSPITAL STODDARD associated with Mercy,0.8,False,html,Dataset: CMS Hospital General Information
MERCY HOSPITAL PERRY,MERCY HOSPITAL PERRY,Mercy,MERCY,hospital,PERRYVILLE,MO,inferred_idn_relationship,Facility name contains 'MERCY ',CMS Hospital General Information,https://data.cms.gov/provider-data/dataset/xubh-q36u,2026-02-25,2026-04-19,Name match in CMS Hospital General Information: MERCY HOSPITAL PERRY associated with Mercy,0.8,False,html,Dataset: CMS Hospital General Information
MERCY HOSPITAL AURORA,MERCY HOSPITAL AURORA,Mercy,MERCY,hospital,AURORA,MO,inferred_idn_relationship,Facility name contains 'MERCY ',CMS Hospital General Information,https://data.cms.gov/provider-data/dataset/xubh-q36u,2026-02-25,2026-04-19,Name match in CMS Hospital General Information: MERCY HOSPITAL AURORA associated with Mercy,0.8,False,html,Dataset: CMS Hospital General Information
MERCY HOSPITAL - CASSVILLE,MERCY HOSPITAL - CASSVILLE,Mercy,MERCY,hospital,CASSVILLE,MO,inferred_idn_relationship,Facility name contains 'MERCY ',CMS Hospital General Information,https://data.cms.gov/provider-data/dataset/xubh-q36u,2026-02-25,2026-04-19,Name match in CMS Hospital General Information: MERCY HOSPITAL - CASSVILLE associated with Mercy,0.8,False,html,Dataset: CMS Hospital General Information
MERCY HOSPITAL LINCOLN,MERCY HOSPITAL LINCOLN,Mercy,MERCY,hospital,TROY,MO,inferred_idn_relationship,Facility name contains 'MERCY ',CMS Hospital General Information,https://data.cms.gov/provider-data/dataset/xubh-q36u,2026-02-25,2026-04-19,Name match in CMS Hospital General Information: MERCY HOSPITAL LINCOLN associated with Mercy,0.8,False,html,Dataset: CMS Hospital General Information
MERCY ST FRANCIS HOSPITAL,MERCY ST FRANCIS HOSPITAL,Mercy,MERCY,hospital,MOUNTAIN VIEW,MO,inferred_idn_relationship,Facility name contains 'MERCY ',CMS Hospital General Information,https://data.cms.gov/provider-data/dataset/xubh-q36u,2026-02-25,2026-04-19,Name match in CMS Hospital General Information: MERCY ST FRANCIS HOSPITAL associated with Mercy,0.8,False,html,Dataset: CMS Hospital General Information
MERCY HOSPITAL CARTHAGE,MERCY HOSPITAL CARTHAGE,Mercy,MERCY,hospital,CARTHAGE,MO,inferred_idn_relationship,Facility name contains 'MERCY ',CMS Hospital General Information,https://data.cms.gov/provider-data/dataset/xubh-q36u,2026-02-25,2026-04-19,Name match in CMS Hospital General Information: MERCY HOSPITAL CARTHAGE associated with Mercy,0.8,False,html,Dataset: CMS Hospital General Information
THE CHILDREN'S MERCY HOSPITAL,THE CHILDREN'S MERCY HOSPITAL,Mercy,MERCY,hospital,KANSAS CITY,MO,inferred_idn_relationship,Facility name contains 'MERCY ',CMS Hospital General Information,https://data.cms.gov/provider-data/dataset/xubh-q36u,2026-02-25,2026-04-19,Name match in CMS Hospital General Information: THE CHILDREN'S MERCY HOSPITAL associated with Mercy,0.8,False,html,Dataset: CMS Hospital General Information
INTERMOUNTAIN HEALTH ST VINCENT REGIONAL HOSPITAL,INTERMOUNTAIN HEALTH ST VINCENT REGIONAL HOSPITAL,Intermountain Healthcare,INTERMOUNTAIN HEALTHCARE,hospital,BILLINGS,MT,inferred_idn_relationship,Facility name contains 'INTERMOUNTAIN',CMS Hospital General Information,https://data.cms.gov/provider-data/dataset/xubh-q36u,2026-02-25,2026-04-19,Name match in CMS Hospital General Information: INTERMOUNTAIN HEALTH ST VINCENT REGIONAL HOSPITAL associated with Intermountain Healthcare,0.8,False,html,Dataset: CMS Hospital General Information
PROVIDENCE ST JOSEPH MEDICAL CENTER,PROVIDENCE ST JOSEPH MEDICAL CENTER,Providence,PROVIDENCE,hospital,POLSON,MT,inferred_idn_relationship,Facility name contains 'PROVIDENCE ',CMS Hospital General Information,https://data.cms.gov/provider-data/dataset/xubh-q36u,2026-02-25,2026-04-19,Name match in CMS Hospital General Information: PROVIDENCE ST JOSEPH MEDICAL CENTER associated with Providence,0.8,False,html,Dataset: CMS Hospital General Information
THE NEBRASKA METHODIST HOSPITAL,THE NEBRASKA METHODIST HOSPITAL,Methodist Health System,METHODIST HEALTH SYSTEM,hospital,OMAHA,NE,inferred_idn_relationship,Facility name contains 'METHODIST ',CMS Hospital General Information,https://data.cms.gov/provider-data/dataset/xubh-q36u,2026-02-25,2026-04-19,Name match in CMS Hospital General Information: THE NEBRASKA METHODIST HOSPITAL associated with Methodist Health System,0.8,False,html,Dataset: CMS Hospital General Information
METHODIST FREMONT HEALTH,METHODIST FREMONT HEALTH,Methodist Health System,METHODIST HEALTH SYSTEM,hospital,FREMONT,NE,inferred_idn_relationship,Facility name contains 'METHODIST ',CMS Hospital General Information,https://data.cms.gov/provider-data/dataset/xubh-q36u,2026-02-25,2026-04-19,Name match in CMS Hospital General Information: METHODIST FREMONT HEALTH associated with Methodist Health System,0.8,False,html,Dataset: CMS Hospital General Information
HACKENSACK MERIDIAN MOUNTAINSIDE MEDICAL,HACKENSACK MERIDIAN MOUNTAINSIDE MEDICAL,Hackensack Meridian Health,HACKENSACK MERIDIAN HEALTH,hospital,MONTCLAIR,NJ,inferred_idn_relationship,Facility name contains 'HACKENSACK MERIDIAN',CMS Hospital General Information,https://data.cms.gov/provider-data/dataset/xubh-q36u,2026-02-25,2026-04-19,Name match in CMS Hospital General Information: HACKENSACK MERIDIAN MOUNTAINSIDE MEDICAL associated with Hackensack Meridian Health,0.8,False,html,Dataset: CMS Hospital General Information
HACKENSACK MERIDIAN HEALTH PASCACK VALLEY MEDICAL,HACKENSACK MERIDIAN HEALTH PASCACK VALLEY MEDICAL,Hackensack Meridian Health,HACKENSACK MERIDIAN HEALTH,hospital,WESTWOOD,NJ,inferred_idn_relationship,Facility name contains 'HACKENSACK MERIDIAN',CMS Hospital General Information,https://data.cms.gov/provider-data/dataset/xubh-q36u,2026-02-25,2026-04-19,Name match in CMS Hospital General Information: HACKENSACK MERIDIAN HEALTH PASCACK VALLEY MEDICAL associated with Hackensack Meridian Health,0.8,False,html,Dataset: CMS Hospital General Information
HACKENSACK MERIDIAN HEALTH CARRIER CLINIC,HACKENSACK MERIDIAN HEALTH CARRIER CLINIC,Hackensack Meridian Health,HACKENSACK MERIDIAN HEALTH,hospital,BELLE MEAD,NJ,inferred_idn_relationship,Facility name contains 'HACKENSACK MERIDIAN',CMS Hospital General Information,https://data.cms.gov/provider-data/dataset/xubh-q36u,2026-02-25,2026-04-19,Name match in CMS Hospital General Information: HACKENSACK MERIDIAN HEALTH CARRIER CLINIC associated with Hackensack Meridian Health,0.8,False,html,Dataset: CMS Hospital General Information
PRESBYTERIAN ESPANOLA HOSPITAL,PRESBYTERIAN ESPANOLA HOSPITAL,Presbyterian Healthcare Services,PRESBYTERIAN HEALTHCARE SERVICES,hospital,ESPANOLA,NM,inferred_idn_relationship,Facility name contains 'PRESBYTERIAN ',CMS Hospital General Information,https://data.cms.gov/provider-data/dataset/xubh-q36u,2026-02-25,2026-04-19,Name match in CMS Hospital General Information: PRESBYTERIAN ESPANOLA HOSPITAL associated with Presbyterian Healthcare Services,0.8,False,html,Dataset: CMS Hospital General Information
PRESBYTERIAN HOSPITAL,PRESBYTERIAN HOSPITAL,Presbyterian Healthcare Services,PRESBYTERIAN HEALTHCARE SERVICES,hospital,ALBUQUERQUE,NM,inferred_idn_relationship,Facility name contains 'PRESBYTERIAN ',CMS Hospital General Information,https://data.cms.gov/provider-data/dataset/xubh-q36u,2026-02-25,2026-04-19,Name match in CMS Hospital General Information: PRESBYTERIAN HOSPITAL associated with Presbyterian Healthcare Services,0.8,False,html,Dataset: CMS Hospital General Information
PRESBYTERIAN SANTA FE MEDICAL CENTER,PRESBYTERIAN SANTA FE MEDICAL CENTER,Presbyterian Healthcare Services,PRESBYTERIAN HEALTHCARE SERVICES,hospital,SANTA FE,NM,inferred_idn_relationship,Facility name contains 'PRESBYTERIAN ',CMS Hospital General Information,https://data.cms.gov/provider-data/dataset/xubh-q36u,2026-02-25,2026-04-19,Name match in CMS Hospital General Information: PRESBYTERIAN SANTA FE MEDICAL CENTER associated with Presbyterian Healthcare Services,0.8,False,html,Dataset: CMS Hospital General Information
MOUNT SINAI HOSPITAL,MOUNT SINAI HOSPITAL,Mount Sinai Health System,MOUNT SINAI HEALTH SYSTEM,hospital,NEW YORK,NY,inferred_idn_relationship,Facility name contains 'MOUNT SINAI',CMS Hospital General Information,https://data.cms.gov/provider-data/dataset/xubh-q36u,2026-02-25,2026-04-19,Name match in CMS Hospital General Information: MOUNT SINAI HOSPITAL associated with Mount Sinai Health System,0.8,False,html,Dataset: CMS Hospital General Information
MOUNT SINAI WEST,MOUNT SINAI WEST,Mount Sinai Health System,MOUNT SINAI HEALTH SYSTEM,hospital,NEW YORK,NY,inferred_idn_relationship,Facility name contains 'MOUNT SINAI',CMS Hospital General Information,https://data.cms.gov/provider-data/dataset/xubh-q36u,2026-02-25,2026-04-19,Name match in CMS Hospital General Information: MOUNT SINAI WEST associated with Mount Sinai Health System,0.8,False,html,Dataset: CMS Hospital General Information
MONTEFIORE MEDICAL CENTER,MONTEFIORE MEDICAL CENTER,Montefiore Health System,MONTEFIORE HEALTH SYSTEM,hospital,BRONX,NY,inferred_idn_relationship,Facility name contains 'MONTEFIORE',CMS Hospital General Information,https://data.cms.gov/provider-data/dataset/xubh-q36u,2026-02-25,2026-04-19,Name match in CMS Hospital General Information: MONTEFIORE MEDICAL CENTER associated with Montefiore Health System,0.8,False,html,Dataset: CMS Hospital General Information
MONTEFIORE MOUNT VERNON HOSPITAL,MONTEFIORE MOUNT VERNON HOSPITAL,Montefiore Health System,MONTEFIORE HEALTH SYSTEM,hospital,MOUNT VERNON,NY,inferred_idn_relationship,Facility name contains 'MONTEFIORE',CMS Hospital General Information,https://data.cms.gov/provider-data/dataset/xubh-q36u,2026-02-25,2026-04-19,Name match in CMS Hospital General Information: MONTEFIORE MOUNT VERNON HOSPITAL associated with Montefiore Health System,0.8,False,html,Dataset: CMS Hospital General Information
NY EYE AND EAR INFIRMARY OF MOUNT SINAI,NY EYE AND EAR INFIRMARY OF MOUNT SINAI,Mount Sinai Health System,MOUNT SINAI HEALTH SYSTEM,hospital,NEW YORK,NY,inferred_idn_relationship,Facility name contains 'MOUNT SINAI',CMS Hospital General Information,https://data.cms.gov/provider-data/dataset/xubh-q36u,2026-02-25,2026-04-19,Name match in CMS Hospital General Information: NY EYE AND EAR INFIRMARY OF MOUNT SINAI associated with Mount Sinai Health System,0.8,False,html,Dataset: CMS Hospital General Information
NEW YORK-PRESBYTERIAN HOSPITAL,NEW YORK-PRESBYTERIAN HOSPITAL,Presbyterian Healthcare Services,PRESBYTERIAN HEALTHCARE SERVICES,hospital,NEW YORK,NY,inferred_idn_relationship,Facility name contains 'PRESBYTERIAN ',CMS Hospital General Information,https://data.cms.gov/provider-data/dataset/xubh-q36u,2026-02-25,2026-04-19,Name match in CMS Hospital General Information: NEW YORK-PRESBYTERIAN HOSPITAL associated with Presbyterian Healthcare Services,0.8,False,html,Dataset: CMS Hospital General Information
KENMORE MERCY HOSPITAL,KENMORE MERCY HOSPITAL,Mercy,MERCY,hospital,KENMORE,NY,inferred_idn_relationship,Facility name contains 'MERCY ',CMS Hospital General Information,https://data.cms.gov/provider-data/dataset/xubh-q36u,2026-02-25,2026-04-19,Name match in CMS Hospital General Information: KENMORE MERCY HOSPITAL associated with Mercy,0.8,False,html,Dataset: CMS Hospital General Information
BON SECOURS COMMUNITY HOSPITAL,BON SECOURS COMMUNITY HOSPITAL,Bon Secours Mercy Health,BON SECOURS MERCY HEALTH,hospital,PORT JERVIS,NY,inferred_idn_relationship,Facility name contains 'BON SECOURS',CMS Hospital General Information,https://data.cms.gov/provider-data/dataset/xubh-q36u,2026-02-25,2026-04-19,Name match in CMS Hospital General Information: BON SECOURS COMMUNITY HOSPITAL associated with Bon Secours Mercy Health,0.8,False,html,Dataset: CMS Hospital General Information
MOUNT SINAI BETH ISRAEL,MOUNT SINAI BETH ISRAEL,Mount Sinai Health System,MOUNT SINAI HEALTH SYSTEM,hospital,NEW YORK,NY,inferred_idn_relationship,Facility name contains 'MOUNT SINAI',CMS Hospital General Information,https://data.cms.gov/provider-data/dataset/xubh-q36u,2026-02-25,2026-04-19,Name match in CMS Hospital General Information: MOUNT SINAI BETH ISRAEL associated with Mount Sinai Health System,0.8,False,html,Dataset: CMS Hospital General Information
MONTEFIORE NEW ROCHELLE HOSPITAL,MONTEFIORE NEW ROCHELLE HOSPITAL,Montefiore Health System,MONTEFIORE HEALTH SYSTEM,hospital,NEW ROCHELLE,NY,inferred_idn_relationship,Facility name contains 'MONTEFIORE',CMS Hospital General Information,https://data.cms.gov/provider-data/dataset/xubh-q36u,2026-02-25,2026-04-19,Name match in CMS Hospital General Information: MONTEFIORE NEW ROCHELLE HOSPITAL associated with Montefiore Health System,0.8,False,html,Dataset: CMS Hospital General Information
MOUNT SINAI SOUTH NASSAU,MOUNT SINAI SOUTH NASSAU,Mount Sinai Health System,MOUNT SINAI HEALTH SYSTEM,hospital,OCEANSIDE,NY,inferred_idn_relationship,Facility name contains 'MOUNT SINAI',CMS Hospital General Information,https://data.cms.gov/provider-data/dataset/xubh-q36u,2026-02-25,2026-04-19,Name match in CMS Hospital General Information: MOUNT SINAI SOUTH NASSAU associated with Mount Sinai Health System,0.8,False,html,Dataset: CMS Hospital General Information
NYU LANGONE HOSPITALS,NYU LANGONE HOSPITALS,NYU Langone Health,NYU LANGONE HEALTH,hospital,NEW YORK,NY,inferred_idn_relationship,Facility name contains 'NYU LANGONE',CMS Hospital General Information,https://data.cms.gov/provider-data/dataset/xubh-q36u,2026-02-25,2026-04-19,Name match in CMS Hospital General Information: NYU LANGONE HOSPITALS associated with NYU Langone Health,0.8,False,html,Dataset: CMS Hospital General Information
UPMC CHAUTAUQUA AT WCA,UPMC CHAUTAUQUA AT WCA,UPMC,UPMC,hospital,JAMESTOWN,NY,inferred_idn_relationship,Facility name contains 'UPMC',CMS Hospital General Information,https://data.cms.gov/provider-data/dataset/xubh-q36u,2026-02-25,2026-04-19,Name match in CMS Hospital General Information: UPMC CHAUTAUQUA AT WCA associated with UPMC,0.8,False,html,Dataset: CMS Hospital General Information
MONTEFIORE ST LUKE'S CORNWALL,MONTEFIORE ST LUKE'S CORNWALL,Montefiore Health System,MONTEFIORE HEALTH SYSTEM,hospital,NEWBURGH,NY,inferred_idn_relationship,Facility name contains 'MONTEFIORE',CMS Hospital General Information,https://data.cms.gov/provider-data/dataset/xubh-q36u,2026-02-25,2026-04-19,Name match in CMS Hospital General Information: MONTEFIORE ST LUKE'S CORNWALL associated with Montefiore Health System,0.8,False,html,Dataset: CMS Hospital General Information
MERCY HOSPITAL OF BUFFALO,MERCY HOSPITAL OF BUFFALO,Mercy,MERCY,hospital,BUFFALO,NY,inferred_idn_relationship,Facility name contains 'MERCY ',CMS Hospital General Information,https://data.cms.gov/provider-data/dataset/xubh-q36u,2026-02-25,2026-04-19,Name match in CMS Hospital General Information: MERCY HOSPITAL OF BUFFALO associated with Mercy,0.8,False,html,Dataset: CMS Hospital General Information
UNC HEALTH CARE WAYNE,UNC HEALTH CARE WAYNE,UNC Health,UNC HEALTH,hospital,GOLDSBORO,NC,inferred_idn_relationship,Facility name contains 'UNC HEALTH',CMS Hospital General Information,https://data.cms.gov/provider-data/dataset/xubh-q36u,2026-02-25,2026-04-19,Name match in CMS Hospital General Information: UNC HEALTH CARE WAYNE associated with UNC Health,0.8,False,html,Dataset: CMS Hospital General Information
NOVANT HEALTH FORSYTH MEDICAL CENTER,NOVANT HEALTH FORSYTH MEDICAL CENTER,Novant Health,NOVANT HEALTH,hospital,WINSTON-SALEM,NC,inferred_idn_relationship,Facility name contains 'NOVANT HEALTH',CMS Hospital General Information,https://data.cms.gov/provider-data/dataset/xubh-q36u,2026-02-25,2026-04-19,Name match in CMS Hospital General Information: NOVANT HEALTH FORSYTH MEDICAL CENTER associated with Novant Health,0.8,False,html,Dataset: CMS Hospital General Information
NOVANT HEALTH ROWAN MEDICAL CENTER,NOVANT HEALTH ROWAN MEDICAL CENTER,Novant Health,NOVANT HEALTH,hospital,SALISBURY,NC,inferred_idn_relationship,Facility name contains 'NOVANT HEALTH',CMS Hospital General Information,https://data.cms.gov/provider-data/dataset/xubh-q36u,2026-02-25,2026-04-19,Name match in CMS Hospital General Information: NOVANT HEALTH ROWAN MEDICAL CENTER associated with Novant Health,0.8,False,html,Dataset: CMS Hospital General Information
ATRIUM HEALTH CLEVELAND,ATRIUM HEALTH CLEVELAND,Atrium Health,ATRIUM HEALTH,hospital,SHELBY,NC,inferred_idn_relationship,Facility name contains 'ATRIUM HEALTH',CMS Hospital General Information,https://data.cms.gov/provider-data/dataset/xubh-q36u,2026-02-25,2026-04-19,Name match in CMS Hospital General Information: ATRIUM HEALTH CLEVELAND associated with Atrium Health,0.8,False,html,Dataset: CMS Hospital General Information
ADVENTHEALTH HENDERSONVILLE,ADVENTHEALTH HENDERSONVILLE,AdventHealth,ADVENTHEALTH,hospital,HENDERSONVILLE,NC,inferred_idn_relationship,Facility name contains 'ADVENTHEALTH',CMS Hospital General Information,https://data.cms.gov/provider-data/dataset/xubh-q36u,2026-02-25,2026-04-19,Name match in CMS Hospital General Information: ADVENTHEALTH HENDERSONVILLE associated with AdventHealth,0.8,False,html,Dataset: CMS Hospital General Information
NOVANT HEALTH PRESBYTERIAN MEDICAL CENTER,NOVANT HEALTH PRESBYTERIAN MEDICAL CENTER,Novant Health,NOVANT HEALTH,hospital,CHARLOTTE,NC,inferred_idn_relationship,Facility name contains 'NOVANT HEALTH',CMS Hospital General Information,https://data.cms.gov/provider-data/dataset/xubh-q36u,2026-02-25,2026-04-19,Name match in CMS Hospital General Information: NOVANT HEALTH PRESBYTERIAN MEDICAL CENTER associated with Novant Health,0.8,False,html,Dataset: CMS Hospital General Information
ATRIUM HEALTH ANSON,ATRIUM HEALTH ANSON,Atrium Health,ATRIUM HEALTH,hospital,WADESBORO,NC,inferred_idn_relationship,Facility name contains 'ATRIUM HEALTH',CMS Hospital General Information,https://data.cms.gov/provider-data/dataset/xubh-q36u,2026-02-25,2026-04-19,Name match in CMS Hospital General Information: ATRIUM HEALTH ANSON associated with Atrium Health,0.8,False,html,Dataset: CMS Hospital General Information
NOVANT HEALTH THOMASVILLE MEDICAL CENTER,NOVANT HEALTH THOMASVILLE MEDICAL CENTER,Novant Health,NOVANT HEALTH,hospital,THOMASVILLE,NC,inferred_idn_relationship,Facility name contains 'NOVANT HEALTH',CMS Hospital General Information,https://data.cms.gov/provider-data/dataset/xubh-q36u,2026-02-25,2026-04-19,Name match in CMS Hospital General Information: NOVANT HEALTH THOMASVILLE MEDICAL CENTER associated with Novant Health,0.8,False,html,Dataset: CMS Hospital General Information
ATRIUM HEALTH PINEVILLE,ATRIUM HEALTH PINEVILLE,Atrium Health,ATRIUM HEALTH,hospital,CHARLOTTE,NC,inferred_idn_relationship,Facility name contains 'ATRIUM HEALTH',CMS Hospital General Information,https://data.cms.gov/provider-data/dataset/xubh-q36u,2026-02-25,2026-04-19,Name match in CMS Hospital General Information: ATRIUM HEALTH PINEVILLE associated with Atrium Health,0.8,False,html,Dataset: CMS Hospital General Information
SENTARA ALBEMARLE MEDICAL CENTER,SENTARA ALBEMARLE MEDICAL CENTER,Sentara Healthcare,SENTARA HEALTHCARE,hospital,ELIZABETH CITY,NC,inferred_idn_relationship,Facility name contains 'SENTARA',CMS Hospital General Information,https://data.cms.gov/provider-data/dataset/xubh-q36u,2026-02-25,2026-04-19,Name match in CMS Hospital General Information: SENTARA ALBEMARLE MEDICAL CENTER associated with Sentara Healthcare,0.8,False,html,Dataset: CMS Hospital General Information
DUKE HEALTH LAKE NORMAN HOSPITAL,DUKE HEALTH LAKE NORMAN HOSPITAL,Duke Health,DUKE HEALTH,hospital,MOORESVILLE,NC,inferred_idn_relationship,Facility name contains 'DUKE HEALTH',CMS Hospital General Information,https://data.cms.gov/provider-data/dataset/xubh-q36u,2026-02-25,2026-04-19,Name match in CMS Hospital General Information: DUKE HEALTH LAKE NORMAN HOSPITAL associated with Duke Health,0.8,False,html,Dataset: CMS Hospital General Information
ATRIUM HEALTH UNION,ATRIUM HEALTH UNION,Atrium Health,ATRIUM HEALTH,hospital,MONROE,NC,inferred_idn_relationship,Facility name contains 'ATRIUM HEALTH',CMS Hospital General Information,https://data.cms.gov/provider-data/dataset/xubh-q36u,2026-02-25,2026-04-19,Name match in CMS Hospital General Information: ATRIUM HEALTH UNION associated with Atrium Health,0.8,False,html,Dataset: CMS Hospital General Information
NOVANT HEALTH NEW HANOVER REGIONAL MEDICAL CENTER,NOVANT HEALTH NEW HANOVER REGIONAL MEDICAL CENTER,Novant Health,NOVANT HEALTH,hospital,WILMINGTON,NC,inferred_idn_relationship,Facility name contains 'NOVANT HEALTH',CMS Hospital General Information,https://data.cms.gov/provider-data/dataset/xubh-q36u,2026-02-25,2026-04-19,Name match in CMS Hospital General Information: NOVANT HEALTH NEW HANOVER REGIONAL MEDICAL CENTER associated with Novant Health,0.8,False,html,Dataset: CMS Hospital General Information
ATRIUM HEALTH LINCOLN,ATRIUM HEALTH LINCOLN,Atrium Health,ATRIUM HEALTH,hospital,LINCOLNTON,NC,inferred_idn_relationship,Facility name contains 'ATRIUM HEALTH',CMS Hospital General Information,https://data.cms.gov/provider-data/dataset/xubh-q36u,2026-02-25,2026-04-19,Name match in CMS Hospital General Information: ATRIUM HEALTH LINCOLN associated with Atrium Health,0.8,False,html,Dataset: CMS Hospital General Information
UNC HEALTH NASH,UNC HEALTH NASH,UNC Health,UNC HEALTH,hospital,ROCKY MOUNT,NC,inferred_idn_relationship,Facility name contains 'UNC HEALTH',CMS Hospital General Information,https://data.cms.gov/provider-data/dataset/xubh-q36u,2026-02-25,2026-04-19,Name match in CMS Hospital General Information: UNC HEALTH NASH associated with UNC Health,0.8,False,html,Dataset: CMS Hospital General Information
NOVANT HEALTH MEDICAL PARK HOSPITAL,NOVANT HEALTH MEDICAL PARK HOSPITAL,Novant Health,NOVANT HEALTH,hospital,WINSTON-SALEM,NC,inferred_idn_relationship,Facility name contains 'NOVANT HEALTH',CMS Hospital General Information,https://data.cms.gov/provider-data/dataset/xubh-q36u,2026-02-25,2026-04-19,Name match in CMS Hospital General Information: NOVANT HEALTH MEDICAL PARK HOSPITAL associated with Novant Health,0.8,False,html,Dataset: CMS Hospital General Information
NOVANT HEALTH BRUNSWICK MEDICAL CENTER,NOVANT HEALTH BRUNSWICK MEDICAL CENTER,Novant Health,NOVANT HEALTH,hospital,SUPPLY,NC,inferred_idn_relationship,Facility name contains 'NOVANT HEALTH',CMS Hospital General Information,https://data.cms.gov/provider-data/dataset/xubh-q36u,2026-02-25,2026-04-19,Name match in CMS Hospital General Information: NOVANT HEALTH BRUNSWICK MEDICAL CENTER associated with Novant Health,0.8,False,html,Dataset: CMS Hospital General Information
ATRIUM HEALTH UNIVERSITY CITY,ATRIUM HEALTH UNIVERSITY CITY,Atrium Health,ATRIUM HEALTH,hospital,CHARLOTTE,NC,inferred_idn_relationship,Facility name contains 'ATRIUM HEALTH',CMS Hospital General Information,https://data.cms.gov/provider-data/dataset/xubh-q36u,2026-02-25,2026-04-19,Name match in CMS Hospital General Information: ATRIUM HEALTH UNIVERSITY CITY associated with Atrium Health,0.8,False,html,Dataset: CMS Hospital General Information
NOVANT HEALTH MATTHEWS MEDICAL CENTER,NOVANT HEALTH MATTHEWS MEDICAL CENTER,Novant Health,NOVANT HEALTH,hospital,MATTHEWS,NC,inferred_idn_relationship,Facility name contains 'NOVANT HEALTH',CMS Hospital General Information,https://data.cms.gov/provider-data/dataset/xubh-q36u,2026-02-25,2026-04-19,Name match in CMS Hospital General Information: NOVANT HEALTH MATTHEWS MEDICAL CENTER associated with Novant Health,0.8,False,html,Dataset: CMS Hospital General Information
NOVANT HEALTH HUNTERSVILLE MEDICAL CENTER,NOVANT HEALTH HUNTERSVILLE MEDICAL CENTER,Novant Health,NOVANT HEALTH,hospital,HUNTERSVILLE,NC,inferred_idn_relationship,Facility name contains 'NOVANT HEALTH',CMS Hospital General Information,https://data.cms.gov/provider-data/dataset/xubh-q36u,2026-02-25,2026-04-19,Name match in CMS Hospital General Information: NOVANT HEALTH HUNTERSVILLE MEDICAL CENTER associated with Novant Health,0.8,False,html,Dataset: CMS Hospital General Information
NOVANT HEALTH MINT HILL MEDICAL CENTER,NOVANT HEALTH MINT HILL MEDICAL CENTER,Novant Health,NOVANT HEALTH,hospital,CHARLOTTE,NC,inferred_idn_relationship,Facility name contains 'NOVANT HEALTH',CMS Hospital General Information,https://data.cms.gov/provider-data/dataset/xubh-q36u,2026-02-25,2026-04-19,Name match in CMS Hospital General Information: NOVANT HEALTH MINT HILL MEDICAL CENTER associated with Novant Health,0.8,False,html,Dataset: CMS Hospital General Information
NOVANT HEALTH BALLANTYNE MEDICAL CENTER,NOVANT HEALTH BALLANTYNE MEDICAL CENTER,Novant Health,NOVANT HEALTH,hospital,CHARLOTTE,NC,inferred_idn_relationship,Facility name contains 'NOVANT HEALTH',CMS Hospital General Information,https://data.cms.gov/provider-data/dataset/xubh-q36u,2026-02-25,2026-04-19,Name match in CMS Hospital General Information: NOVANT HEALTH BALLANTYNE MEDICAL CENTER associated with Novant Health,0.8,False,html,Dataset: CMS Hospital General Information
CHI MERCY HEALTH,CHI MERCY HEALTH,Mercy,MERCY,hospital,VALLEY CITY,ND,inferred_idn_relationship,Facility name contains 'MERCY ',CMS Hospital General Information,https://data.cms.gov/provider-data/dataset/xubh-q36u,2026-02-25,2026-04-19,Name match in CMS Hospital General Information: CHI MERCY HEALTH associated with Mercy,0.8,False,html,Dataset: CMS Hospital General Information
MERCY HEALTH-ANDERSON HOSPITAL,MERCY HEALTH-ANDERSON HOSPITAL,Mercy,MERCY,hospital,CINCINNATI,OH,inferred_idn_relationship,Facility name contains 'MERCY ',CMS Hospital General Information,https://data.cms.gov/provider-data/dataset/xubh-q36u,2026-02-25,2026-04-19,Name match in CMS Hospital General Information: MERCY HEALTH-ANDERSON HOSPITAL associated with Mercy,0.8,False,html,Dataset: CMS Hospital General Information
RIVERSIDE METHODIST HOSPITAL,RIVERSIDE METHODIST HOSPITAL,Methodist Health System,METHODIST HEALTH SYSTEM,hospital,COLUMBUS,OH,inferred_idn_relationship,Facility name contains 'METHODIST ',CMS Hospital General Information,https://data.cms.gov/provider-data/dataset/xubh-q36u,2026-02-25,2026-04-19,Name match in CMS Hospital General Information: RIVERSIDE METHODIST HOSPITAL associated with Methodist Health System,0.8,False,html,Dataset: CMS Hospital General Information
THE JEWISH HOSPITAL-MERCY HEALTH,THE JEWISH HOSPITAL-MERCY HEALTH,Mercy,MERCY,hospital,CINCINNATI,OH,inferred_idn_relationship,Facility name contains 'MERCY ',CMS Hospital General Information,https://data.cms.gov/provider-data/dataset/xubh-q36u,2026-02-25,2026-04-19,Name match in CMS Hospital General Information: THE JEWISH HOSPITAL-MERCY HEALTH associated with Mercy,0.8,False,html,Dataset: CMS Hospital General Information
MERCY HEALTH - FAIRFIELD HOSPITAL,MERCY HEALTH - FAIRFIELD HOSPITAL,Mercy,MERCY,hospital,FAIRFIELD,OH,inferred_idn_relationship,Facility name contains 'MERCY ',CMS Hospital General Information,https://data.cms.gov/provider-data/dataset/xubh-q36u,2026-02-25,2026-04-19,Name match in CMS Hospital General Information: MERCY HEALTH - FAIRFIELD HOSPITAL associated with Mercy,0.8,False,html,Dataset: CMS Hospital General Information
MERCY HEALTH-ST RITA'S MEDICAL CENTER,MERCY HEALTH-ST RITA'S MEDICAL CENTER,Mercy,MERCY,hospital,LIMA,OH,inferred_idn_relationship,Facility name contains 'MERCY ',CMS Hospital General Information,https://data.cms.gov/provider-data/dataset/xubh-q36u,2026-02-25,2026-04-19,Name match in CMS Hospital General Information: MERCY HEALTH-ST RITA'S MEDICAL CENTER associated with Mercy,0.8,False,html,Dataset: CMS Hospital General Information
AULTMAN HOSPITAL,AULTMAN HOSPITAL,Aultman Health Foundation,AULTMAN HEALTH FOUNDATION,hospital,CANTON,OH,inferred_idn_relationship,Facility name contains 'AULTMAN',CMS Hospital General Information,https://data.cms.gov/provider-data/dataset/xubh-q36u,2026-02-25,2026-04-19,Name match in CMS Hospital General Information: AULTMAN HOSPITAL associated with Aultman Health Foundation,0.8,False,html,Dataset: CMS Hospital General Information
MERCY HEALTH - TIFFIN HOSPITAL,MERCY HEALTH - TIFFIN HOSPITAL,Mercy,MERCY,hospital,TIFFIN,OH,inferred_idn_relationship,Facility name contains 'MERCY ',CMS Hospital General Information,https://data.cms.gov/provider-data/dataset/xubh-q36u,2026-02-25,2026-04-19,Name match in CMS Hospital General Information: MERCY HEALTH - TIFFIN HOSPITAL associated with Mercy,0.8,False,html,Dataset: CMS Hospital General Information
MERCY ST VINCENT MEDICAL CENTER,MERCY ST VINCENT MEDICAL CENTER,Mercy,MERCY,hospital,TOLEDO,OH,inferred_idn_relationship,Facility name contains 'MERCY ',CMS Hospital General Information,https://data.cms.gov/provider-data/dataset/xubh-q36u,2026-02-25,2026-04-19,Name match in CMS Hospital General Information: MERCY ST VINCENT MEDICAL CENTER associated with Mercy,0.8,False,html,Dataset: CMS Hospital General Information
CLEVELAND CLINIC,CLEVELAND CLINIC,Cleveland Clinic,CLEVELAND CLINIC,hospital,CLEVELAND,OH,inferred_idn_relationship,Facility name contains 'CLEVELAND CLINIC',CMS Hospital General Information,https://data.cms.gov/provider-data/dataset/xubh-q36u,2026-02-25,2026-04-19,Name match in CMS Hospital General Information: CLEVELAND CLINIC associated with Cleveland Clinic,0.8,False,html,Dataset: CMS Hospital General Information
MERCY HEALTH - WEST HOSPITAL,MERCY HEALTH - WEST HOSPITAL,Mercy,MERCY,hospital,CINCINNATI,OH,inferred_idn_relationship,Facility name contains 'MERCY ',CMS Hospital General Information,https://data.cms.gov/provider-data/dataset/xubh-q36u,2026-02-25,2026-04-19,Name match in CMS Hospital General Information: MERCY HEALTH - WEST HOSPITAL associated with Mercy,0.8,False,html,Dataset: CMS Hospital General Information
MERCY HEALTH - CLERMONT HOSPITAL,MERCY HEALTH - CLERMONT HOSPITAL,Mercy,MERCY,hospital,BATAVIA,OH,inferred_idn_relationship,Facility name contains 'MERCY ',CMS Hospital General Information,https://data.cms.gov/provider-data/dataset/xubh-q36u,2026-02-25,2026-04-19,Name match in CMS Hospital General Information: MERCY HEALTH - CLERMONT HOSPITAL associated with Mercy,0.8,False,html,Dataset: CMS Hospital General Information
MERCY HEALTH - DEFIANCE HOSPITAL,MERCY HEALTH - DEFIANCE HOSPITAL,Mercy,MERCY,hospital,DEFIANCE,OH,inferred_idn_relationship,Facility name contains 'MERCY ',CMS Hospital General Information,https://data.cms.gov/provider-data/dataset/xubh-q36u,2026-02-25,2026-04-19,Name match in CMS Hospital General Information: MERCY HEALTH - DEFIANCE HOSPITAL associated with Mercy,0.8,False,html,Dataset: CMS Hospital General Information
DUBLIN METHODIST HOSPITAL,DUBLIN METHODIST HOSPITAL,Methodist Health System,METHODIST HEALTH SYSTEM,hospital,DUBLIN,OH,inferred_idn_relationship,Facility name contains 'METHODIST ',CMS Hospital General Information,https://data.cms.gov/provider-data/dataset/xubh-q36u,2026-02-25,2026-04-19,Name match in CMS Hospital General Information: DUBLIN METHODIST HOSPITAL associated with Methodist Health System,0.8,False,html,Dataset: CMS Hospital General Information
CLEVELAND CLINIC AVON HOSPITAL,CLEVELAND CLINIC AVON HOSPITAL,Cleveland Clinic,CLEVELAND CLINIC,hospital,AVON,OH,inferred_idn_relationship,Facility name contains 'CLEVELAND CLINIC',CMS Hospital General Information,https://data.cms.gov/provider-data/dataset/xubh-q36u,2026-02-25,2026-04-19,Name match in CMS Hospital General Information: CLEVELAND CLINIC AVON HOSPITAL associated with Cleveland Clinic,0.8,False,html,Dataset: CMS Hospital General Information
MERCY HEALTH KINGS MILLS HOSPITAL LLC,MERCY HEALTH KINGS MILLS HOSPITAL LLC,Mercy,MERCY,hospital,MASON,OH,inferred_idn_relationship,Facility name contains 'MERCY ',CMS Hospital General Information,https://data.cms.gov/provider-data/dataset/xubh-q36u,2026-02-25,2026-04-19,Name match in CMS Hospital General Information: MERCY HEALTH KINGS MILLS HOSPITAL LLC associated with Mercy,0.8,False,html,Dataset: CMS Hospital General Information
MERCY ALLEN HOSPITAL,MERCY ALLEN HOSPITAL,Mercy,MERCY,hospital,OBERLIN,OH,inferred_idn_relationship,Facility name contains 'MERCY ',CMS Hospital General Information,https://data.cms.gov/provider-data/dataset/xubh-q36u,2026-02-25,2026-04-19,Name match in CMS Hospital General Information: MERCY ALLEN HOSPITAL associated with Mercy,0.8,False,html,Dataset: CMS Hospital General Information
MERCY HEALTH - WILLARD HOSPITAL,MERCY HEALTH - WILLARD HOSPITAL,Mercy,MERCY,hospital,WILLARD,OH,inferred_idn_relationship,Facility name contains 'MERCY ',CMS Hospital General Information,https://data.cms.gov/provider-data/dataset/xubh-q36u,2026-02-25,2026-04-19,Name match in CMS Hospital General Information: MERCY HEALTH - WILLARD HOSPITAL associated with Mercy,0.8,False,html,Dataset: CMS Hospital General Information
MERCY HEALTH - URBANA HOSPITAL,MERCY HEALTH - URBANA HOSPITAL,Mercy,MERCY,hospital,URBANA,OH,inferred_idn_relationship,Facility name contains 'MERCY ',CMS Hospital General Information,https://data.cms.gov/provider-data/dataset/xubh-q36u,2026-02-25,2026-04-19,Name match in CMS Hospital General Information: MERCY HEALTH - URBANA HOSPITAL associated with Mercy,0.8,False,html,Dataset: CMS Hospital General Information
AULTMAN ORRVILLE HOSPITAL,AULTMAN ORRVILLE HOSPITAL,Aultman Health Foundation,AULTMAN HEALTH FOUNDATION,hospital,ORRVILLE,OH,inferred_idn_relationship,Facility name contains 'AULTMAN',CMS Hospital General Information,https://data.cms.gov/provider-data/dataset/xubh-q36u,2026-02-25,2026-04-19,Name match in CMS Hospital General Information: AULTMAN ORRVILLE HOSPITAL associated with Aultman Health Foundation,0.8,False,html,Dataset: CMS Hospital General Information
CLEVELAND CLINIC CHILDREN'S HOSPITAL FOR REHAB,CLEVELAND CLINIC CHILDREN'S HOSPITAL FOR REHAB,Cleveland Clinic,CLEVELAND CLINIC,hospital,CLEVELAND,OH,inferred_idn_relationship,Facility name contains 'CLEVELAND CLINIC',CMS Hospital General Information,https://data.cms.gov/provider-data/dataset/xubh-q36u,2026-02-25,2026-04-19,Name match in CMS Hospital General Information: CLEVELAND CLINIC CHILDREN'S HOSPITAL FOR REHAB associated with Cleveland Clinic,0.8,False,html,Dataset: CMS Hospital General Information
"MERCY HOSPITAL OKLAHOMA CITY, INC","MERCY HOSPITAL OKLAHOMA CITY, INC",Mercy,MERCY,hospital,OKLAHOMA CITY,OK,inferred_idn_relationship,Facility name contains 'MERCY ',CMS Hospital General Information,https://data.cms.gov/provider-data/dataset/xubh-q36u,2026-02-25,2026-04-19,"Name match in CMS Hospital General Information: MERCY HOSPITAL OKLAHOMA CITY, INC associated with Mercy",0.8,False,html,Dataset: CMS Hospital General Information
ASCENSION ST JOHN JANE PHILLIPS,ASCENSION ST JOHN JANE PHILLIPS,Ascension,ASCENSION,hospital,BARTLESVILLE,OK,inferred_idn_relationship,Facility name contains 'ASCENSION',CMS Hospital General Information,https://data.cms.gov/provider-data/dataset/xubh-q36u,2026-02-25,2026-04-19,Name match in CMS Hospital General Information: ASCENSION ST JOHN JANE PHILLIPS associated with Ascension,0.8,False,html,Dataset: CMS Hospital General Information
MERCY HOSPITAL ADA,MERCY HOSPITAL ADA,Mercy,MERCY,hospital,ADA,OK,inferred_idn_relationship,Facility name contains 'MERCY ',CMS Hospital General Information,https://data.cms.gov/provider-data/dataset/xubh-q36u,2026-02-25,2026-04-19,Name match in CMS Hospital General Information: MERCY HOSPITAL ADA associated with Mercy,0.8,False,html,Dataset: CMS Hospital General Information
"MERCY HOSPITAL ARDMORE, INC","MERCY HOSPITAL ARDMORE, INC",Mercy,MERCY,hospital,ARDMORE,OK,inferred_idn_relationship,Facility name contains 'MERCY ',CMS Hospital General Information,https://data.cms.gov/provider-data/dataset/xubh-q36u,2026-02-25,2026-04-19,"Name match in CMS Hospital General Information: MERCY HOSPITAL ARDMORE, INC associated with Mercy",0.8,False,html,Dataset: CMS Hospital General Information
ASCENSION ST JOHN MEDICAL CENTER,ASCENSION ST JOHN MEDICAL CENTER,Ascension,ASCENSION,hospital,TULSA,OK,inferred_idn_relationship,Facility name contains 'ASCENSION',CMS Hospital General Information,https://data.cms.gov/provider-data/dataset/xubh-q36u,2026-02-25,2026-04-19,Name match in CMS Hospital General Information: ASCENSION ST JOHN MEDICAL CENTER associated with Ascension,0.8,False,html,Dataset: CMS Hospital General Information
ASCENSION ST JOHN BROKEN ARROW,ASCENSION ST JOHN BROKEN ARROW,Ascension,ASCENSION,hospital,BROKEN ARROW,OK,inferred_idn_relationship,Facility name contains 'ASCENSION',CMS Hospital General Information,https://data.cms.gov/provider-data/dataset/xubh-q36u,2026-02-25,2026-04-19,Name match in CMS Hospital General Information: ASCENSION ST JOHN BROKEN ARROW associated with Ascension,0.8,False,html,Dataset: CMS Hospital General Information
"MERCY HOSPITAL WATONGA, INC","MERCY HOSPITAL WATONGA, INC",Mercy,MERCY,hospital,WATONGA,OK,inferred_idn_relationship,Facility name contains 'MERCY ',CMS Hospital General Information,https://data.cms.gov/provider-data/dataset/xubh-q36u,2026-02-25,2026-04-19,"Name match in CMS Hospital General Information: MERCY HOSPITAL WATONGA, INC associated with Mercy",0.8,False,html,Dataset: CMS Hospital General Information
MERCY HOSPITAL TISHOMINGO INC,MERCY HOSPITAL TISHOMINGO INC,Mercy,MERCY,hospital,TISHOMINGO,OK,inferred_idn_relationship,Facility name contains 'MERCY ',CMS Hospital General Information,https://data.cms.gov/provider-data/dataset/xubh-q36u,2026-02-25,2026-04-19,Name match in CMS Hospital General Information: MERCY HOSPITAL TISHOMINGO INC associated with Mercy,0.8,False,html,Dataset: CMS Hospital General Information
ASCENSION ST JOHN NOWATA,ASCENSION ST JOHN NOWATA,Ascension,ASCENSION,hospital,NOWATA,OK,inferred_idn_relationship,Facility name contains 'ASCENSION',CMS Hospital General Information,https://data.cms.gov/provider-data/dataset/xubh-q36u,2026-02-25,2026-04-19,Name match in CMS Hospital General Information: ASCENSION ST JOHN NOWATA associated with Ascension,0.8,False,html,Dataset: CMS Hospital General Information
MERCY HOSPITAL MARIETTA,MERCY HOSPITAL MARIETTA,Mercy,MERCY,hospital,MARIETTA,OK,inferred_idn_relationship,Facility name contains 'MERCY ',CMS Hospital General Information,https://data.cms.gov/provider-data/dataset/xubh-q36u,2026-02-25,2026-04-19,Name match in CMS Hospital General Information: MERCY HOSPITAL MARIETTA associated with Mercy,0.8,False,html,Dataset: CMS Hospital General Information
"MERCY HOSPITAL HEALDTON, INC.","MERCY HOSPITAL HEALDTON, INC.",Mercy,MERCY,hospital,HEALDTON,OK,inferred_idn_relationship,Facility name contains 'MERCY ',CMS Hospital General Information,https://data.cms.gov/provider-data/dataset/xubh-q36u,2026-02-25,2026-04-19,"Name match in CMS Hospital General Information: MERCY HOSPITAL HEALDTON, INC. associated with Mercy",0.8,False,html,Dataset: CMS Hospital General Information
ASCENSION ST JOHN SAPULPA,ASCENSION ST JOHN SAPULPA,Ascension,ASCENSION,hospital,SAPULPA,OK,inferred_idn_relationship,Facility name contains 'ASCENSION',CMS Hospital General Information,https://data.cms.gov/provider-data/dataset/xubh-q36u,2026-02-25,2026-04-19,Name match in CMS Hospital General Information: ASCENSION ST JOHN SAPULPA associated with Ascension,0.8,False,html,Dataset: CMS Hospital General Information
"MERCY HOSPITAL KINGFISHER, INC","MERCY HOSPITAL KINGFISHER, INC",Mercy,MERCY,hospital,KINGFISHER,OK,inferred_idn_relationship,Facility name contains 'MERCY ',CMS Hospital General Information,https://data.cms.gov/provider-data/dataset/xubh-q36u,2026-02-25,2026-04-19,"Name match in CMS Hospital General Information: MERCY HOSPITAL KINGFISHER, INC associated with Mercy",0.8,False,html,Dataset: CMS Hospital General Information
MERCY HOSPITAL LOGAN COUNTY,MERCY HOSPITAL LOGAN COUNTY,Mercy,MERCY,hospital,GUTHRIE,OK,inferred_idn_relationship,Facility name contains 'MERCY ',CMS Hospital General Information,https://data.cms.gov/provider-data/dataset/xubh-q36u,2026-02-25,2026-04-19,Name match in CMS Hospital General Information: MERCY HOSPITAL LOGAN COUNTY associated with Mercy,0.8,False,html,Dataset: CMS Hospital General Information
PROVIDENCE ST VINCENT MEDICAL CENTER,PROVIDENCE ST VINCENT MEDICAL CENTER,Providence,PROVIDENCE,hospital,PORTLAND,OR,inferred_idn_relationship,Facility name contains 'PROVIDENCE ',CMS Hospital General Information,https://data.cms.gov/provider-data/dataset/xubh-q36u,2026-02-25,2026-04-19,Name match in CMS Hospital General Information: PROVIDENCE ST VINCENT MEDICAL CENTER associated with Providence,0.8,False,html,Dataset: CMS Hospital General Information
OHSU HOSPITAL AND CLINICS,OHSU HOSPITAL AND CLINICS,OHSU Health,OHSU HEALTH,hospital,PORTLAND,OR,inferred_idn_relationship,Facility name contains 'OHSU',CMS Hospital General Information,https://data.cms.gov/provider-data/dataset/xubh-q36u,2026-02-25,2026-04-19,Name match in CMS Hospital General Information: OHSU HOSPITAL AND CLINICS associated with OHSU Health,0.8,False,html,Dataset: CMS Hospital General Information
PROVIDENCE NEWBERG MEDICAL CENTER,PROVIDENCE NEWBERG MEDICAL CENTER,Providence,PROVIDENCE,hospital,NEWBERG,OR,inferred_idn_relationship,Facility name contains 'PROVIDENCE ',CMS Hospital General Information,https://data.cms.gov/provider-data/dataset/xubh-q36u,2026-02-25,2026-04-19,Name match in CMS Hospital General Information: PROVIDENCE NEWBERG MEDICAL CENTER associated with Providence,0.8,False,html,Dataset: CMS Hospital General Information
PROVIDENCE WILLAMETTE FALLS MEDICAL CENTER,PROVIDENCE WILLAMETTE FALLS MEDICAL CENTER,Providence,PROVIDENCE,hospital,OREGON CITY,OR,inferred_idn_relationship,Facility name contains 'PROVIDENCE ',CMS Hospital General Information,https://data.cms.gov/provider-data/dataset/xubh-q36u,2026-02-25,2026-04-19,Name match in CMS Hospital General Information: PROVIDENCE WILLAMETTE FALLS MEDICAL CENTER associated with Providence,0.8,False,html,Dataset: CMS Hospital General Information
PROVIDENCE PORTLAND MEDICAL CENTER,PROVIDENCE PORTLAND MEDICAL CENTER,Providence,PROVIDENCE,hospital,PORTLAND,OR,inferred_idn_relationship,Facility name contains 'PROVIDENCE ',CMS Hospital General Information,https://data.cms.gov/provider-data/dataset/xubh-q36u,2026-02-25,2026-04-19,Name match in CMS Hospital General Information: PROVIDENCE PORTLAND MEDICAL CENTER associated with Providence,0.8,False,html,Dataset: CMS Hospital General Information
PROVIDENCE MEDFORD MEDICAL CENTER,PROVIDENCE MEDFORD MEDICAL CENTER,Providence,PROVIDENCE,hospital,MEDFORD,OR,inferred_idn_relationship,Facility name contains 'PROVIDENCE ',CMS Hospital General Information,https://data.cms.gov/provider-data/dataset/xubh-q36u,2026-02-25,2026-04-19,Name match in CMS Hospital General Information: PROVIDENCE MEDFORD MEDICAL CENTER associated with Providence,0.8,False,html,Dataset: CMS Hospital General Information
PROVIDENCE MILWAUKIE HOSPITAL,PROVIDENCE MILWAUKIE HOSPITAL,Providence,PROVIDENCE,hospital,MILWAUKIE,OR,inferred_idn_relationship,Facility name contains 'PROVIDENCE ',CMS Hospital General Information,https://data.cms.gov/provider-data/dataset/xubh-q36u,2026-02-25,2026-04-19,Name match in CMS Hospital General Information: PROVIDENCE MILWAUKIE HOSPITAL associated with Providence,0.8,False,html,Dataset: CMS Hospital General Information
KAISER SUNNYSIDE MEDICAL CENTER,KAISER SUNNYSIDE MEDICAL CENTER,Kaiser Permanente,KAISER PERMANENTE,hospital,CLACKAMAS,OR,inferred_idn_relationship,Facility name contains 'KAISER ',CMS Hospital General Information,https://data.cms.gov/provider-data/dataset/xubh-q36u,2026-02-25,2026-04-19,Name match in CMS Hospital General Information: KAISER SUNNYSIDE MEDICAL CENTER associated with Kaiser Permanente,0.8,False,html,Dataset: CMS Hospital General Information
KAISER FOUNDATION HOSPITAL WESTSIDE,KAISER FOUNDATION HOSPITAL WESTSIDE,Kaiser Permanente,KAISER PERMANENTE,hospital,HILLSBORO,OR,inferred_idn_relationship,Facility name contains 'KAISER ',CMS Hospital General Information,https://data.cms.gov/provider-data/dataset/xubh-q36u,2026-02-25,2026-04-19,Name match in CMS Hospital General Information: KAISER FOUNDATION HOSPITAL WESTSIDE associated with Kaiser Permanente,0.8,False,html,Dataset: CMS Hospital General Information
PROVIDENCE SEASIDE HOSPITAL,PROVIDENCE SEASIDE HOSPITAL,Providence,PROVIDENCE,hospital,SEASIDE,OR,inferred_idn_relationship,Facility name contains 'PROVIDENCE ',CMS Hospital General Information,https://data.cms.gov/provider-data/dataset/xubh-q36u,2026-02-25,2026-04-19,Name match in CMS Hospital General Information: PROVIDENCE SEASIDE HOSPITAL associated with Providence,0.8,False,html,Dataset: CMS Hospital General Information
PROVIDENCE HOOD RIVER MEMORIAL HOSPITAL,PROVIDENCE HOOD RIVER MEMORIAL HOSPITAL,Providence,PROVIDENCE,hospital,HOOD RIVER,OR,inferred_idn_relationship,Facility name contains 'PROVIDENCE ',CMS Hospital General Information,https://data.cms.gov/provider-data/dataset/xubh-q36u,2026-02-25,2026-04-19,Name match in CMS Hospital General Information: PROVIDENCE HOOD RIVER MEMORIAL HOSPITAL associated with Providence,0.8,False,html,Dataset: CMS Hospital General Information
GEISINGER-COMMUNITY MEDICAL CENTER,GEISINGER-COMMUNITY MEDICAL CENTER,Geisinger,GEISINGER,hospital,SCRANTON,PA,inferred_idn_relationship,Facility name contains 'GEISINGER',CMS Hospital General Information,https://data.cms.gov/provider-data/dataset/xubh-q36u,2026-02-25,2026-04-19,Name match in CMS Hospital General Information: GEISINGER-COMMUNITY MEDICAL CENTER associated with Geisinger,0.8,False,html,Dataset: CMS Hospital General Information
UPMC MCKEESPORT HOSPITAL,UPMC MCKEESPORT HOSPITAL,UPMC,UPMC,hospital,MC KEESPORT,PA,inferred_idn_relationship,Facility name contains 'UPMC',CMS Hospital General Information,https://data.cms.gov/provider-data/dataset/xubh-q36u,2026-02-25,2026-04-19,Name match in CMS Hospital General Information: UPMC MCKEESPORT HOSPITAL associated with UPMC,0.8,False,html,Dataset: CMS Hospital General Information
GEISINGER-BLOOMSBURG HOSPITAL,GEISINGER-BLOOMSBURG HOSPITAL,Geisinger,GEISINGER,hospital,BLOOMSBURG,PA,inferred_idn_relationship,Facility name contains 'GEISINGER',CMS Hospital General Information,https://data.cms.gov/provider-data/dataset/xubh-q36u,2026-02-25,2026-04-19,Name match in CMS Hospital General Information: GEISINGER-BLOOMSBURG HOSPITAL associated with Geisinger,0.8,False,html,Dataset: CMS Hospital General Information
GEISINGER MEDICAL CENTER,GEISINGER MEDICAL CENTER,Geisinger,GEISINGER,hospital,DANVILLE,PA,inferred_idn_relationship,Facility name contains 'GEISINGER',CMS Hospital General Information,https://data.cms.gov/provider-data/dataset/xubh-q36u,2026-02-25,2026-04-19,Name match in CMS Hospital General Information: GEISINGER MEDICAL CENTER associated with Geisinger,0.8,False,html,Dataset: CMS Hospital General Information
UPMC JAMESON,UPMC JAMESON,UPMC,UPMC,hospital,NEW CASTLE,PA,inferred_idn_relationship,Facility name contains 'UPMC',CMS Hospital General Information,https://data.cms.gov/provider-data/dataset/xubh-q36u,2026-02-25,2026-04-19,Name match in CMS Hospital General Information: UPMC JAMESON associated with UPMC,0.8,False,html,Dataset: CMS Hospital General Information
TEMPLE HEALTH - CHESTNUT HILL HOSPITAL,TEMPLE HEALTH - CHESTNUT HILL HOSPITAL,Temple Health,TEMPLE HEALTH,hospital,PHILADELPHIA,PA,inferred_idn_relationship,Facility name contains 'TEMPLE HEALTH',CMS Hospital General Information,https://data.cms.gov/provider-data/dataset/xubh-q36u,2026-02-25,2026-04-19,Name match in CMS Hospital General Information: TEMPLE HEALTH - CHESTNUT HILL HOSPITAL associated with Temple Health,0.8,False,html,Dataset: CMS Hospital General Information
UPMC MERCY,UPMC MERCY,UPMC,UPMC,hospital,PITTSBURGH,PA,inferred_idn_relationship,Facility name contains 'UPMC',CMS Hospital General Information,https://data.cms.gov/provider-data/dataset/xubh-q36u,2026-02-25,2026-04-19,Name match in CMS Hospital General Information: UPMC MERCY associated with UPMC,0.8,False,html,Dataset: CMS Hospital General Information
UPMC SOMERSET,UPMC SOMERSET,UPMC,UPMC,hospital,SOMERSET,PA,inferred_idn_relationship,Facility name contains 'UPMC',CMS Hospital General Information,https://data.cms.gov/provider-data/dataset/xubh-q36u,2026-02-25,2026-04-19,Name match in CMS Hospital General Information: UPMC SOMERSET associated with UPMC,0.8,False,html,Dataset: CMS Hospital General Information
UPMC WILLIAMSPORT,UPMC WILLIAMSPORT,UPMC,UPMC,hospital,WILLIAMSPORT,PA,inferred_idn_relationship,Facility name contains 'UPMC',CMS Hospital General Information,https://data.cms.gov/provider-data/dataset/xubh-q36u,2026-02-25,2026-04-19,Name match in CMS Hospital General Information: UPMC WILLIAMSPORT associated with UPMC,0.8,False,html,Dataset: CMS Hospital General Information
GEISINGER-LEWISTOWN HOSPITAL,GEISINGER-LEWISTOWN HOSPITAL,Geisinger,GEISINGER,hospital,LEWISTOWN,PA,inferred_idn_relationship,Facility name contains 'GEISINGER',CMS Hospital General Information,https://data.cms.gov/provider-data/dataset/xubh-q36u,2026-02-25,2026-04-19,Name match in CMS Hospital General Information: GEISINGER-LEWISTOWN HOSPITAL associated with Geisinger,0.8,False,html,Dataset: CMS Hospital General Information
UPMC CARLISLE,UPMC CARLISLE,UPMC,UPMC,hospital,CARLISLE,PA,inferred_idn_relationship,Facility name contains 'UPMC',CMS Hospital General Information,https://data.cms.gov/provider-data/dataset/xubh-q36u,2026-02-25,2026-04-19,Name match in CMS Hospital General Information: UPMC CARLISLE associated with UPMC,0.8,False,html,Dataset: CMS Hospital General Information
UPMC HAMOT,UPMC HAMOT,UPMC,UPMC,hospital,ERIE,PA,inferred_idn_relationship,Facility name contains 'UPMC',CMS Hospital General Information,https://data.cms.gov/provider-data/dataset/xubh-q36u,2026-02-25,2026-04-19,Name match in CMS Hospital General Information: UPMC HAMOT associated with UPMC,0.8,False,html,Dataset: CMS Hospital General Information
UPMC PINNACLE HOSPITALS,UPMC PINNACLE HOSPITALS,UPMC,UPMC,hospital,HARRISBURG,PA,inferred_idn_relationship,Facility name contains 'UPMC',CMS Hospital General Information,https://data.cms.gov/provider-data/dataset/xubh-q36u,2026-02-25,2026-04-19,Name match in CMS Hospital General Information: UPMC PINNACLE HOSPITALS associated with UPMC,0.8,False,html,Dataset: CMS Hospital General Information
UPMC LITITZ,UPMC LITITZ,UPMC,UPMC,hospital,LITITZ,PA,inferred_idn_relationship,Facility name contains 'UPMC',CMS Hospital General Information,https://data.cms.gov/provider-data/dataset/xubh-q36u,2026-02-25,2026-04-19,Name match in CMS Hospital General Information: UPMC LITITZ associated with UPMC,0.8,False,html,Dataset: CMS Hospital General Information
UPMC ALTOONA,UPMC ALTOONA,UPMC,UPMC,hospital,ALTOONA,PA,inferred_idn_relationship,Facility name contains 'UPMC',CMS Hospital General Information,https://data.cms.gov/provider-data/dataset/xubh-q36u,2026-02-25,2026-04-19,Name match in CMS Hospital General Information: UPMC ALTOONA associated with UPMC,0.8,False,html,Dataset: CMS Hospital General Information
UPMC NORTHWEST,UPMC NORTHWEST,UPMC,UPMC,hospital,SENECA,PA,inferred_idn_relationship,Facility name contains 'UPMC',CMS Hospital General Information,https://data.cms.gov/provider-data/dataset/xubh-q36u,2026-02-25,2026-04-19,Name match in CMS Hospital General Information: UPMC NORTHWEST associated with UPMC,0.8,False,html,Dataset: CMS Hospital General Information
UPMC MEMORIAL,UPMC MEMORIAL,UPMC,UPMC,hospital,YORK,PA,inferred_idn_relationship,Facility name contains 'UPMC',CMS Hospital General Information,https://data.cms.gov/provider-data/dataset/xubh-q36u,2026-02-25,2026-04-19,Name match in CMS Hospital General Information: UPMC MEMORIAL associated with UPMC,0.8,False,html,Dataset: CMS Hospital General Information
UPMC ST MARGARET,UPMC ST MARGARET,UPMC,UPMC,hospital,PITTSBURGH,PA,inferred_idn_relationship,Facility name contains 'UPMC',CMS Hospital General Information,https://data.cms.gov/provider-data/dataset/xubh-q36u,2026-02-25,2026-04-19,Name match in CMS Hospital General Information: UPMC ST MARGARET associated with UPMC,0.8,False,html,Dataset: CMS Hospital General Information
UPMC PASSAVANT,UPMC PASSAVANT,UPMC,UPMC,hospital,PITTSBURGH,PA,inferred_idn_relationship,Facility name contains 'UPMC',CMS Hospital General Information,https://data.cms.gov/provider-data/dataset/xubh-q36u,2026-02-25,2026-04-19,Name match in CMS Hospital General Information: UPMC PASSAVANT associated with UPMC,0.8,False,html,Dataset: CMS Hospital General Information
MAGEE WOMENS HOSPITAL OF UPMC HEALTH SYSTEM,MAGEE WOMENS HOSPITAL OF UPMC HEALTH SYSTEM,UPMC,UPMC,hospital,PITTSBURGH,PA,inferred_idn_relationship,Facility name contains 'UPMC',CMS Hospital General Information,https://data.cms.gov/provider-data/dataset/xubh-q36u,2026-02-25,2026-04-19,Name match in CMS Hospital General Information: MAGEE WOMENS HOSPITAL OF UPMC HEALTH SYSTEM associated with UPMC,0.8,False,html,Dataset: CMS Hospital General Information
JEFFERSON HEALTH- NORTHEAST,JEFFERSON HEALTH- NORTHEAST,Jefferson Health,JEFFERSON HEALTH,hospital,PHILADELPHIA,PA,inferred_idn_relationship,Facility name contains 'JEFFERSON HEALTH',CMS Hospital General Information,https://data.cms.gov/provider-data/dataset/xubh-q36u,2026-02-25,2026-04-19,Name match in CMS Hospital General Information: JEFFERSON HEALTH- NORTHEAST associated with Jefferson Health,0.8,False,html,Dataset: CMS Hospital General Information
UPMC BEDFORD MEMORIAL,UPMC BEDFORD MEMORIAL,UPMC,UPMC,hospital,EVERETT,PA,inferred_idn_relationship,Facility name contains 'UPMC',CMS Hospital General Information,https://data.cms.gov/provider-data/dataset/xubh-q36u,2026-02-25,2026-04-19,Name match in CMS Hospital General Information: UPMC BEDFORD MEMORIAL associated with UPMC,0.8,False,html,Dataset: CMS Hospital General Information
UPMC GREENE,UPMC GREENE,UPMC,UPMC,hospital,WAYNESBURG,PA,inferred_idn_relationship,Facility name contains 'UPMC',CMS Hospital General Information,https://data.cms.gov/provider-data/dataset/xubh-q36u,2026-02-25,2026-04-19,Name match in CMS Hospital General Information: UPMC GREENE associated with UPMC,0.8,False,html,Dataset: CMS Hospital General Information
MERCY CATHOLIC MEDICAL CENTER- MERCY FITZGERALD,MERCY CATHOLIC MEDICAL CENTER- MERCY FITZGERALD,Mercy,MERCY,hospital,DARBY,PA,inferred_idn_relationship,Facility name contains 'MERCY ',CMS Hospital General Information,https://data.cms.gov/provider-data/dataset/xubh-q36u,2026-02-25,2026-04-19,Name match in CMS Hospital General Information: MERCY CATHOLIC MEDICAL CENTER- MERCY FITZGERALD associated with Mercy,0.8,False,html,Dataset: CMS Hospital General Information
UPMC PRESBYTERIAN SHADYSIDE,UPMC PRESBYTERIAN SHADYSIDE,UPMC,UPMC,hospital,PITTSBURGH,PA,inferred_idn_relationship,Facility name contains 'UPMC',CMS Hospital General Information,https://data.cms.gov/provider-data/dataset/xubh-q36u,2026-02-25,2026-04-19,Name match in CMS Hospital General Information: UPMC PRESBYTERIAN SHADYSIDE associated with UPMC,0.8,False,html,Dataset: CMS Hospital General Information
THOMAS JEFFERSON UNIVERSITY HOSPITAL,THOMAS JEFFERSON UNIVERSITY HOSPITAL,Jefferson Health,JEFFERSON HEALTH,hospital,PHILADELPHIA,PA,inferred_idn_relationship,Facility name contains 'THOMAS JEFFERSON UNIVERSITY',CMS Hospital General Information,https://data.cms.gov/provider-data/dataset/xubh-q36u,2026-02-25,2026-04-19,Name match in CMS Hospital General Information: THOMAS JEFFERSON UNIVERSITY HOSPITAL associated with Jefferson Health,0.8,False,html,Dataset: CMS Hospital General Information
UPMC HORIZON,UPMC HORIZON,UPMC,UPMC,hospital,GREENVILLE,PA,inferred_idn_relationship,Facility name contains 'UPMC',CMS Hospital General Information,https://data.cms.gov/provider-data/dataset/xubh-q36u,2026-02-25,2026-04-19,Name match in CMS Hospital General Information: UPMC HORIZON associated with UPMC,0.8,False,html,Dataset: CMS Hospital General Information
PENN PRESBYTERIAN MEDICAL CENTER,PENN PRESBYTERIAN MEDICAL CENTER,Presbyterian Healthcare Services,PRESBYTERIAN HEALTHCARE SERVICES,hospital,PHILADELPHIA,PA,inferred_idn_relationship,Facility name contains 'PRESBYTERIAN ',CMS Hospital General Information,https://data.cms.gov/provider-data/dataset/xubh-q36u,2026-02-25,2026-04-19,Name match in CMS Hospital General Information: PENN PRESBYTERIAN MEDICAL CENTER associated with Presbyterian Healthcare Services,0.8,False,html,Dataset: CMS Hospital General Information
UPMC HANOVER,UPMC HANOVER,UPMC,UPMC,hospital,HANOVER,PA,inferred_idn_relationship,Facility name contains 'UPMC',CMS Hospital General Information,https://data.cms.gov/provider-data/dataset/xubh-q36u,2026-02-25,2026-04-19,Name match in CMS Hospital General Information: UPMC HANOVER associated with UPMC,0.8,False,html,Dataset: CMS Hospital General Information
GEISINGER WYOMING VALLEY MEDICAL CENTER,GEISINGER WYOMING VALLEY MEDICAL CENTER,Geisinger,GEISINGER,hospital,WILKES BARRE,PA,inferred_idn_relationship,Facility name contains 'GEISINGER',CMS Hospital General Information,https://data.cms.gov/provider-data/dataset/xubh-q36u,2026-02-25,2026-04-19,Name match in CMS Hospital General Information: GEISINGER WYOMING VALLEY MEDICAL CENTER associated with Geisinger,0.8,False,html,Dataset: CMS Hospital General Information
UPMC EAST,UPMC EAST,UPMC,UPMC,hospital,MONROEVILLE,PA,inferred_idn_relationship,Facility name contains 'UPMC',CMS Hospital General Information,https://data.cms.gov/provider-data/dataset/xubh-q36u,2026-02-25,2026-04-19,Name match in CMS Hospital General Information: UPMC EAST associated with UPMC,0.8,False,html,Dataset: CMS Hospital General Information
GEISINGER ST. LUKE'S  HOSPITAL,GEISINGER ST. LUKE'S  HOSPITAL,Geisinger,GEISINGER,hospital,ORWIGSBURG,PA,inferred_idn_relationship,Facility name contains 'GEISINGER',CMS Hospital General Information,https://data.cms.gov/provider-data/dataset/xubh-q36u,2026-02-25,2026-04-19,Name match in CMS Hospital General Information: GEISINGER ST. LUKE'S  HOSPITAL associated with Geisinger,0.8,False,html,Dataset: CMS Hospital General Information
GEISINGER MEDICAL CENTER MUNCY,GEISINGER MEDICAL CENTER MUNCY,Geisinger,GEISINGER,hospital,MUNCY,PA,inferred_idn_relationship,Facility name contains 'GEISINGER',CMS Hospital General Information,https://data.cms.gov/provider-data/dataset/xubh-q36u,2026-02-25,2026-04-19,Name match in CMS Hospital General Information: GEISINGER MEDICAL CENTER MUNCY associated with Geisinger,0.8,False,html,Dataset: CMS Hospital General Information
GEISINGER JERSEY SHORE HOSPITAL,GEISINGER JERSEY SHORE HOSPITAL,Geisinger,GEISINGER,hospital,JERSEY SHORE,PA,inferred_idn_relationship,Facility name contains 'GEISINGER',CMS Hospital General Information,https://data.cms.gov/provider-data/dataset/xubh-q36u,2026-02-25,2026-04-19,Name match in CMS Hospital General Information: GEISINGER JERSEY SHORE HOSPITAL associated with Geisinger,0.8,False,html,Dataset: CMS Hospital General Information
UPMC MUNCY,UPMC MUNCY,UPMC,UPMC,hospital,MUNCY,PA,inferred_idn_relationship,Facility name contains 'UPMC',CMS Hospital General Information,https://data.cms.gov/provider-data/dataset/xubh-q36u,2026-02-25,2026-04-19,Name match in CMS Hospital General Information: UPMC MUNCY associated with UPMC,0.8,False,html,Dataset: CMS Hospital General Information
UPMC COLE,UPMC COLE,UPMC,UPMC,hospital,COUDERSPORT,PA,inferred_idn_relationship,Facility name contains 'UPMC',CMS Hospital General Information,https://data.cms.gov/provider-data/dataset/xubh-q36u,2026-02-25,2026-04-19,Name match in CMS Hospital General Information: UPMC COLE associated with UPMC,0.8,False,html,Dataset: CMS Hospital General Information
UPMC WELLSBORO,UPMC WELLSBORO,UPMC,UPMC,hospital,WELLSBORO,PA,inferred_idn_relationship,Facility name contains 'UPMC',CMS Hospital General Information,https://data.cms.gov/provider-data/dataset/xubh-q36u,2026-02-25,2026-04-19,Name match in CMS Hospital General Information: UPMC WELLSBORO associated with UPMC,0.8,False,html,Dataset: CMS Hospital General Information
UPMC KANE,UPMC KANE,UPMC,UPMC,hospital,KANE,PA,inferred_idn_relationship,Facility name contains 'UPMC',CMS Hospital General Information,https://data.cms.gov/provider-data/dataset/xubh-q36u,2026-02-25,2026-04-19,Name match in CMS Hospital General Information: UPMC KANE associated with UPMC,0.8,False,html,Dataset: CMS Hospital General Information
UPMC CHILDREN'S HOSPITAL OF PITTSBURGH,UPMC CHILDREN'S HOSPITAL OF PITTSBURGH,UPMC,UPMC,hospital,PITTSBURGH,PA,inferred_idn_relationship,Facility name contains 'UPMC',CMS Hospital General Information,https://data.cms.gov/provider-data/dataset/xubh-q36u,2026-02-25,2026-04-19,Name match in CMS Hospital General Information: UPMC CHILDREN'S HOSPITAL OF PITTSBURGH associated with UPMC,0.8,False,html,Dataset: CMS Hospital General Information
GEISINGER BEHAVIORAL HEALTH CENTER NORTHEAST,GEISINGER BEHAVIORAL HEALTH CENTER NORTHEAST,Geisinger,GEISINGER,hospital,MOOSIC,PA,inferred_idn_relationship,Facility name contains 'GEISINGER',CMS Hospital General Information,https://data.cms.gov/provider-data/dataset/xubh-q36u,2026-02-25,2026-04-19,Name match in CMS Hospital General Information: GEISINGER BEHAVIORAL HEALTH CENTER NORTHEAST associated with Geisinger,0.8,False,html,Dataset: CMS Hospital General Information
PRESBYTERIAN COMMUNITY HOSPITAL,PRESBYTERIAN COMMUNITY HOSPITAL,Presbyterian Healthcare Services,PRESBYTERIAN HEALTHCARE SERVICES,hospital,SAN JUAN,PR,inferred_idn_relationship,Facility name contains 'PRESBYTERIAN ',CMS Hospital General Information,https://data.cms.gov/provider-data/dataset/xubh-q36u,2026-02-25,2026-04-19,Name match in CMS Hospital General Information: PRESBYTERIAN COMMUNITY HOSPITAL associated with Presbyterian Healthcare Services,0.8,False,html,Dataset: CMS Hospital General Information
DOCTORS CENTER HOSPITAL ORLANDO HEALTH DORADO,DOCTORS CENTER HOSPITAL ORLANDO HEALTH DORADO,Orlando Health,ORLANDO HEALTH,hospital,DORADO,PR,inferred_idn_relationship,Facility name contains 'ORLANDO HEALTH',CMS Hospital General Information,https://data.cms.gov/provider-data/dataset/xubh-q36u,2026-02-25,2026-04-19,Name match in CMS Hospital General Information: DOCTORS CENTER HOSPITAL ORLANDO HEALTH DORADO associated with Orlando Health,0.8,False,html,Dataset: CMS Hospital General Information
PROVIDENCE VA MEDICAL CENTER,PROVIDENCE VA MEDICAL CENTER,Providence,PROVIDENCE,hospital,PROVIDENCE,RI,inferred_idn_relationship,Facility name contains 'PROVIDENCE ',CMS Hospital General Information,https://data.cms.gov/provider-data/dataset/xubh-q36u,2026-02-25,2026-04-19,Name match in CMS Hospital General Information: PROVIDENCE VA MEDICAL CENTER associated with Providence,0.8,False,html,Dataset: CMS Hospital General Information
PRISMA HEALTH OCONEE MEMORIAL HOSPITAL,PRISMA HEALTH OCONEE MEMORIAL HOSPITAL,Prisma Health,PRISMA HEALTH,hospital,SENECA,SC,inferred_idn_relationship,Facility name contains 'PRISMA HEALTH',CMS Hospital General Information,https://data.cms.gov/provider-data/dataset/xubh-q36u,2026-02-25,2026-04-19,Name match in CMS Hospital General Information: PRISMA HEALTH OCONEE MEMORIAL HOSPITAL associated with Prisma Health,0.8,False,html,Dataset: CMS Hospital General Information
PRISMA HEALTH BAPTIST EASLEY HOSPITAL,PRISMA HEALTH BAPTIST EASLEY HOSPITAL,Prisma Health,PRISMA HEALTH,hospital,EASLEY,SC,inferred_idn_relationship,Facility name contains 'PRISMA HEALTH',CMS Hospital General Information,https://data.cms.gov/provider-data/dataset/xubh-q36u,2026-02-25,2026-04-19,Name match in CMS Hospital General Information: PRISMA HEALTH BAPTIST EASLEY HOSPITAL associated with Prisma Health,0.8,False,html,Dataset: CMS Hospital General Information
PRISMA HEALTH RICHLAND HOSPITAL,PRISMA HEALTH RICHLAND HOSPITAL,Prisma Health,PRISMA HEALTH,hospital,COLUMBIA,SC,inferred_idn_relationship,Facility name contains 'PRISMA HEALTH',CMS Hospital General Information,https://data.cms.gov/provider-data/dataset/xubh-q36u,2026-02-25,2026-04-19,Name match in CMS Hospital General Information: PRISMA HEALTH RICHLAND HOSPITAL associated with Prisma Health,0.8,False,html,Dataset: CMS Hospital General Information
PRISMA HEALTH GREER MEMORIAL HOSPITAL,PRISMA HEALTH GREER MEMORIAL HOSPITAL,Prisma Health,PRISMA HEALTH,hospital,SPARTANBURG,SC,inferred_idn_relationship,Facility name contains 'PRISMA HEALTH',CMS Hospital General Information,https://data.cms.gov/provider-data/dataset/xubh-q36u,2026-02-25,2026-04-19,Name match in CMS Hospital General Information: PRISMA HEALTH GREER MEMORIAL HOSPITAL associated with Prisma Health,0.8,False,html,Dataset: CMS Hospital General Information
PRISMA HEALTH HILLCREST HOSPITAL,PRISMA HEALTH HILLCREST HOSPITAL,Prisma Health,PRISMA HEALTH,hospital,SIMPSONVILLE,SC,inferred_idn_relationship,Facility name contains 'PRISMA HEALTH',CMS Hospital General Information,https://data.cms.gov/provider-data/dataset/xubh-q36u,2026-02-25,2026-04-19,Name match in CMS Hospital General Information: PRISMA HEALTH HILLCREST HOSPITAL associated with Prisma Health,0.8,False,html,Dataset: CMS Hospital General Information
PRISMA HEALTH LAURENS COUNTY HOSPITAL,PRISMA HEALTH LAURENS COUNTY HOSPITAL,Prisma Health,PRISMA HEALTH,hospital,CLINTON,SC,inferred_idn_relationship,Facility name contains 'PRISMA HEALTH',CMS Hospital General Information,https://data.cms.gov/provider-data/dataset/xubh-q36u,2026-02-25,2026-04-19,Name match in CMS Hospital General Information: PRISMA HEALTH LAURENS COUNTY HOSPITAL associated with Prisma Health,0.8,False,html,Dataset: CMS Hospital General Information
BON SECOURS-ST FRANCIS XAVIER HOSPITAL,BON SECOURS-ST FRANCIS XAVIER HOSPITAL,Bon Secours Mercy Health,BON SECOURS MERCY HEALTH,hospital,CHARLESTON,SC,inferred_idn_relationship,Facility name contains 'BON SECOURS',CMS Hospital General Information,https://data.cms.gov/provider-data/dataset/xubh-q36u,2026-02-25,2026-04-19,Name match in CMS Hospital General Information: BON SECOURS-ST FRANCIS XAVIER HOSPITAL associated with Bon Secours Mercy Health,0.8,False,html,Dataset: CMS Hospital General Information
PRISMA HEALTH TUOMEY HOSPITAL,PRISMA HEALTH TUOMEY HOSPITAL,Prisma Health,PRISMA HEALTH,hospital,SUMTER,SC,inferred_idn_relationship,Facility name contains 'PRISMA HEALTH',CMS Hospital General Information,https://data.cms.gov/provider-data/dataset/xubh-q36u,2026-02-25,2026-04-19,Name match in CMS Hospital General Information: PRISMA HEALTH TUOMEY HOSPITAL associated with Prisma Health,0.8,False,html,Dataset: CMS Hospital General Information
PRISMA HEALTH GREENVILLE MEMORIAL HOSPITAL,PRISMA HEALTH GREENVILLE MEMORIAL HOSPITAL,Prisma Health,PRISMA HEALTH,hospital,GREENVILLE,SC,inferred_idn_relationship,Facility name contains 'PRISMA HEALTH',CMS Hospital General Information,https://data.cms.gov/provider-data/dataset/xubh-q36u,2026-02-25,2026-04-19,Name match in CMS Hospital General Information: PRISMA HEALTH GREENVILLE MEMORIAL HOSPITAL associated with Prisma Health,0.8,False,html,Dataset: CMS Hospital General Information
PRISMA HEALTH BAPTIST,PRISMA HEALTH BAPTIST,Prisma Health,PRISMA HEALTH,hospital,COLUMBIA,SC,inferred_idn_relationship,Facility name contains 'PRISMA HEALTH',CMS Hospital General Information,https://data.cms.gov/provider-data/dataset/xubh-q36u,2026-02-25,2026-04-19,Name match in CMS Hospital General Information: PRISMA HEALTH BAPTIST associated with Prisma Health,0.8,False,html,Dataset: CMS Hospital General Information
PRISMA HEALTH  PATEWOOD HOSPITAL,PRISMA HEALTH  PATEWOOD HOSPITAL,Prisma Health,PRISMA HEALTH,hospital,GREENVILLE,SC,inferred_idn_relationship,Facility name contains 'PRISMA HEALTH',CMS Hospital General Information,https://data.cms.gov/provider-data/dataset/xubh-q36u,2026-02-25,2026-04-19,Name match in CMS Hospital General Information: PRISMA HEALTH  PATEWOOD HOSPITAL associated with Prisma Health,0.8,False,html,Dataset: CMS Hospital General Information
PRISMA HEALTH BAPTIST PARKRIDGE,PRISMA HEALTH BAPTIST PARKRIDGE,Prisma Health,PRISMA HEALTH,hospital,COLUMBIA,SC,inferred_idn_relationship,Facility name contains 'PRISMA HEALTH',CMS Hospital General Information,https://data.cms.gov/provider-data/dataset/xubh-q36u,2026-02-25,2026-04-19,Name match in CMS Hospital General Information: PRISMA HEALTH BAPTIST PARKRIDGE associated with Prisma Health,0.8,False,html,Dataset: CMS Hospital General Information
HIGHPOINT HEALTH-SUMNER WITH ASCENSION SAINT THOMA,HIGHPOINT HEALTH-SUMNER WITH ASCENSION SAINT THOMA,Ascension,ASCENSION,hospital,GALLATIN,TN,inferred_idn_relationship,Facility name contains 'ASCENSION',CMS Hospital General Information,https://data.cms.gov/provider-data/dataset/xubh-q36u,2026-02-25,2026-04-19,Name match in CMS Hospital General Information: HIGHPOINT HEALTH-SUMNER WITH ASCENSION SAINT THOMA associated with Ascension,0.8,False,html,Dataset: CMS Hospital General Information
METHODIST MEDICAL CENTER OF OAK RIDGE,METHODIST MEDICAL CENTER OF OAK RIDGE,Methodist Health System,METHODIST HEALTH SYSTEM,hospital,OAK RIDGE,TN,inferred_idn_relationship,Facility name contains 'METHODIST ',CMS Hospital General Information,https://data.cms.gov/provider-data/dataset/xubh-q36u,2026-02-25,2026-04-19,Name match in CMS Hospital General Information: METHODIST MEDICAL CENTER OF OAK RIDGE associated with Methodist Health System,0.8,False,html,Dataset: CMS Hospital General Information
VANDERBILT UNIVERSITY MEDICAL CENTER,VANDERBILT UNIVERSITY MEDICAL CENTER,Vanderbilt University Medical Center,VANDERBILT UNIVERSITY MEDICAL CENTER,hospital,NASHVILLE,TN,inferred_idn_relationship,Facility name contains 'VANDERBILT',CMS Hospital General Information,https://data.cms.gov/provider-data/dataset/xubh-q36u,2026-02-25,2026-04-19,Name match in CMS Hospital General Information: VANDERBILT UNIVERSITY MEDICAL CENTER associated with Vanderbilt University Medical Center,0.8,False,html,Dataset: CMS Hospital General Information
METHODIST HOSPITALS OF MEMPHIS,METHODIST HOSPITALS OF MEMPHIS,Methodist Health System,METHODIST HEALTH SYSTEM,hospital,MEMPHIS,TN,inferred_idn_relationship,Facility name contains 'METHODIST ',CMS Hospital General Information,https://data.cms.gov/provider-data/dataset/xubh-q36u,2026-02-25,2026-04-19,Name match in CMS Hospital General Information: METHODIST HOSPITALS OF MEMPHIS associated with Methodist Health System,0.8,False,html,Dataset: CMS Hospital General Information
ASCENSION SAINT THOMAS HOSPITAL,ASCENSION SAINT THOMAS HOSPITAL,Ascension,ASCENSION,hospital,NASHVILLE,TN,inferred_idn_relationship,Facility name contains 'ASCENSION',CMS Hospital General Information,https://data.cms.gov/provider-data/dataset/xubh-q36u,2026-02-25,2026-04-19,Name match in CMS Hospital General Information: ASCENSION SAINT THOMAS HOSPITAL associated with Ascension,0.8,False,html,Dataset: CMS Hospital General Information
VANDERBILT BEDFORD HOSPITAL,VANDERBILT BEDFORD HOSPITAL,Vanderbilt University Medical Center,VANDERBILT UNIVERSITY MEDICAL CENTER,hospital,SHELBYVILLE,TN,inferred_idn_relationship,Facility name contains 'VANDERBILT',CMS Hospital General Information,https://data.cms.gov/provider-data/dataset/xubh-q36u,2026-02-25,2026-04-19,Name match in CMS Hospital General Information: VANDERBILT BEDFORD HOSPITAL associated with Vanderbilt University Medical Center,0.8,False,html,Dataset: CMS Hospital General Information
VANDERBILT TULLAHOMA-HARTON HOSPITAL,VANDERBILT TULLAHOMA-HARTON HOSPITAL,Vanderbilt University Medical Center,VANDERBILT UNIVERSITY MEDICAL CENTER,hospital,TULLAHOMA,TN,inferred_idn_relationship,Facility name contains 'VANDERBILT',CMS Hospital General Information,https://data.cms.gov/provider-data/dataset/xubh-q36u,2026-02-25,2026-04-19,Name match in CMS Hospital General Information: VANDERBILT TULLAHOMA-HARTON HOSPITAL associated with Vanderbilt University Medical Center,0.8,False,html,Dataset: CMS Hospital General Information
VANDERBILT WILSON COUNTY HOSPITAL,VANDERBILT WILSON COUNTY HOSPITAL,Vanderbilt University Medical Center,VANDERBILT UNIVERSITY MEDICAL CENTER,hospital,LEBANON,TN,inferred_idn_relationship,Facility name contains 'VANDERBILT',CMS Hospital General Information,https://data.cms.gov/provider-data/dataset/xubh-q36u,2026-02-25,2026-04-19,Name match in CMS Hospital General Information: VANDERBILT WILSON COUNTY HOSPITAL associated with Vanderbilt University Medical Center,0.8,False,html,Dataset: CMS Hospital General Information
HIGHPOINT HEALTH-TROUSDALE WITH ASCENSION SAINT,HIGHPOINT HEALTH-TROUSDALE WITH ASCENSION SAINT,Ascension,ASCENSION,hospital,HARTSVILLE,TN,inferred_idn_relationship,Facility name contains 'ASCENSION',CMS Hospital General Information,https://data.cms.gov/provider-data/dataset/xubh-q36u,2026-02-25,2026-04-19,Name match in CMS Hospital General Information: HIGHPOINT HEALTH-TROUSDALE WITH ASCENSION SAINT associated with Ascension,0.8,False,html,Dataset: CMS Hospital General Information
ASCENSION SAINT THOMAS THREE RIVERS,ASCENSION SAINT THOMAS THREE RIVERS,Ascension,ASCENSION,hospital,WAVERLY,TN,inferred_idn_relationship,Facility name contains 'ASCENSION',CMS Hospital General Information,https://data.cms.gov/provider-data/dataset/xubh-q36u,2026-02-25,2026-04-19,Name match in CMS Hospital General Information: ASCENSION SAINT THOMAS THREE RIVERS associated with Ascension,0.8,False,html,Dataset: CMS Hospital General Information
HIGHPOINT HEALTH-RIVERVIEW WITH ASCENSION SAINT TH,HIGHPOINT HEALTH-RIVERVIEW WITH ASCENSION SAINT TH,Ascension,ASCENSION,hospital,CARTHAGE,TN,inferred_idn_relationship,Facility name contains 'ASCENSION',CMS Hospital General Information,https://data.cms.gov/provider-data/dataset/xubh-q36u,2026-02-25,2026-04-19,Name match in CMS Hospital General Information: HIGHPOINT HEALTH-RIVERVIEW WITH ASCENSION SAINT TH associated with Ascension,0.8,False,html,Dataset: CMS Hospital General Information
ASCENSION SAINT THOMAS BEHAVIORAL HEALTH HOSPITAL,ASCENSION SAINT THOMAS BEHAVIORAL HEALTH HOSPITAL,Ascension,ASCENSION,hospital,NASHVILLE,TN,inferred_idn_relationship,Facility name contains 'ASCENSION',CMS Hospital General Information,https://data.cms.gov/provider-data/dataset/xubh-q36u,2026-02-25,2026-04-19,Name match in CMS Hospital General Information: ASCENSION SAINT THOMAS BEHAVIORAL HEALTH HOSPITAL associated with Ascension,0.8,False,html,Dataset: CMS Hospital General Information
THE HOSPITALS OF PROVIDENCE - MEMORIAL CAMPUS,THE HOSPITALS OF PROVIDENCE - MEMORIAL CAMPUS,Providence,PROVIDENCE,hospital,EL PASO,TX,inferred_idn_relationship,Facility name contains 'PROVIDENCE ',CMS Hospital General Information,https://data.cms.gov/provider-data/dataset/xubh-q36u,2026-02-25,2026-04-19,Name match in CMS Hospital General Information: THE HOSPITALS OF PROVIDENCE - MEMORIAL CAMPUS associated with Providence,0.8,False,html,Dataset: CMS Hospital General Information
ASCENSION PROVIDENCE,ASCENSION PROVIDENCE,Ascension,ASCENSION,hospital,WACO,TX,inferred_idn_relationship,Facility name contains 'ASCENSION',CMS Hospital General Information,https://data.cms.gov/provider-data/dataset/xubh-q36u,2026-02-25,2026-04-19,Name match in CMS Hospital General Information: ASCENSION PROVIDENCE associated with Ascension,0.8,False,html,Dataset: CMS Hospital General Information
METHODIST DALLAS MEDICAL CENTER,METHODIST DALLAS MEDICAL CENTER,Methodist Health System,METHODIST HEALTH SYSTEM,hospital,DALLAS,TX,inferred_idn_relationship,Facility name contains 'METHODIST ',CMS Hospital General Information,https://data.cms.gov/provider-data/dataset/xubh-q36u,2026-02-25,2026-04-19,Name match in CMS Hospital General Information: METHODIST DALLAS MEDICAL CENTER associated with Methodist Health System,0.8,False,html,Dataset: CMS Hospital General Information
BAYLOR SCOTT & WHITE MEDICAL CENTER - TEMPLE,BAYLOR SCOTT & WHITE MEDICAL CENTER - TEMPLE,Baylor Scott & White Health,BAYLOR SCOTT & WHITE HEALTH,hospital,TEMPLE,TX,inferred_idn_relationship,Facility name contains 'BAYLOR SCOTT & WHITE',CMS Hospital General Information,https://data.cms.gov/provider-data/dataset/xubh-q36u,2026-02-25,2026-04-19,Name match in CMS Hospital General Information: BAYLOR SCOTT & WHITE MEDICAL CENTER - TEMPLE associated with Baylor Scott & White Health,0.8,False,html,Dataset: CMS Hospital General Information
ASCENSION SETON MEDICAL CENTER AUSTIN,ASCENSION SETON MEDICAL CENTER AUSTIN,Ascension,ASCENSION,hospital,AUSTIN,TX,inferred_idn_relationship,Facility name contains 'ASCENSION',CMS Hospital General Information,https://data.cms.gov/provider-data/dataset/xubh-q36u,2026-02-25,2026-04-19,Name match in CMS Hospital General Information: ASCENSION SETON MEDICAL CENTER AUSTIN associated with Ascension,0.8,False,html,Dataset: CMS Hospital General Information
MEMORIAL HERMANN - TEXAS MEDICAL CENTER,MEMORIAL HERMANN - TEXAS MEDICAL CENTER,Memorial Hermann Health System,MEMORIAL HERMANN HEALTH SYSTEM,hospital,HOUSTON,TX,inferred_idn_relationship,Facility name contains 'MEMORIAL HERMANN',CMS Hospital General Information,https://data.cms.gov/provider-data/dataset/xubh-q36u,2026-02-25,2026-04-19,Name match in CMS Hospital General Information: MEMORIAL HERMANN - TEXAS MEDICAL CENTER associated with Memorial Hermann Health System,0.8,False,html,Dataset: CMS Hospital General Information
BAYLOR SCOTT & WHITE MEDICAL CENTER AT IRVING,BAYLOR SCOTT & WHITE MEDICAL CENTER AT IRVING,Baylor Scott & White Health,BAYLOR SCOTT & WHITE HEALTH,hospital,IRVING,TX,inferred_idn_relationship,Facility name contains 'BAYLOR SCOTT & WHITE',CMS Hospital General Information,https://data.cms.gov/provider-data/dataset/xubh-q36u,2026-02-25,2026-04-19,Name match in CMS Hospital General Information: BAYLOR SCOTT & WHITE MEDICAL CENTER AT IRVING associated with Baylor Scott & White Health,0.8,False,html,Dataset: CMS Hospital General Information
UT HEALTH EAST TEXAS TYLER REGIONAL HOSPITAL,UT HEALTH EAST TEXAS TYLER REGIONAL HOSPITAL,UT Health,UT HEALTH,hospital,TYLER,TX,inferred_idn_relationship,Facility name contains 'UT HEALTH',CMS Hospital General Information,https://data.cms.gov/provider-data/dataset/xubh-q36u,2026-02-25,2026-04-19,Name match in CMS Hospital General Information: UT HEALTH EAST TEXAS TYLER REGIONAL HOSPITAL associated with UT Health,0.8,False,html,Dataset: CMS Hospital General Information
HCA HOUSTON HEALTHCARE SOUTHEAST,HCA HOUSTON HEALTHCARE SOUTHEAST,HCA Healthcare,HCA HEALTHCARE,hospital,PASADENA,TX,health_system_owned,Facility name contains 'HCA ',CMS Hospital General Information,https://data.cms.gov/provider-data/dataset/xubh-q36u,2026-02-25,2026-04-19,Name match in CMS Hospital General Information: HCA HOUSTON HEALTHCARE SOUTHEAST associated with HCA Healthcare,0.9,False,html,Dataset: CMS Hospital General Information
BAYLOR SCOTT & WHITE MEDICAL CENTER HILLCREST,BAYLOR SCOTT & WHITE MEDICAL CENTER HILLCREST,Baylor Scott & White Health,BAYLOR SCOTT & WHITE HEALTH,hospital,WACO,TX,inferred_idn_relationship,Facility name contains 'BAYLOR SCOTT & WHITE',CMS Hospital General Information,https://data.cms.gov/provider-data/dataset/xubh-q36u,2026-02-25,2026-04-19,Name match in CMS Hospital General Information: BAYLOR SCOTT & WHITE MEDICAL CENTER HILLCREST associated with Baylor Scott & White Health,0.8,False,html,Dataset: CMS Hospital General Information
TEXAS HEALTH HARRIS METHODIST FORT WORTH,TEXAS HEALTH HARRIS METHODIST FORT WORTH,Methodist Health System,METHODIST HEALTH SYSTEM,hospital,FORT WORTH,TX,inferred_idn_relationship,Facility name contains 'METHODIST ',CMS Hospital General Information,https://data.cms.gov/provider-data/dataset/xubh-q36u,2026-02-25,2026-04-19,Name match in CMS Hospital General Information: TEXAS HEALTH HARRIS METHODIST FORT WORTH associated with Methodist Health System,0.8,False,html,Dataset: CMS Hospital General Information
ASCENSION SETON SMITHVILLE,ASCENSION SETON SMITHVILLE,Ascension,ASCENSION,hospital,SMITHVILLE,TX,inferred_idn_relationship,Facility name contains 'ASCENSION',CMS Hospital General Information,https://data.cms.gov/provider-data/dataset/xubh-q36u,2026-02-25,2026-04-19,Name match in CMS Hospital General Information: ASCENSION SETON SMITHVILLE associated with Ascension,0.8,False,html,Dataset: CMS Hospital General Information
TEXAS HEALTH HARRIS METHODIST HOSPITAL CLEBURNE,TEXAS HEALTH HARRIS METHODIST HOSPITAL CLEBURNE,Methodist Health System,METHODIST HEALTH SYSTEM,hospital,CLEBURNE,TX,inferred_idn_relationship,Facility name contains 'METHODIST ',CMS Hospital General Information,https://data.cms.gov/provider-data/dataset/xubh-q36u,2026-02-25,2026-04-19,Name match in CMS Hospital General Information: TEXAS HEALTH HARRIS METHODIST HOSPITAL CLEBURNE associated with Methodist Health System,0.8,False,html,Dataset: CMS Hospital General Information
ADVENTHEALTH CENTRAL TEXAS,ADVENTHEALTH CENTRAL TEXAS,AdventHealth,ADVENTHEALTH,hospital,KILLEEN,TX,inferred_idn_relationship,Facility name contains 'ADVENTHEALTH',CMS Hospital General Information,https://data.cms.gov/provider-data/dataset/xubh-q36u,2026-02-25,2026-04-19,Name match in CMS Hospital General Information: ADVENTHEALTH CENTRAL TEXAS associated with AdventHealth,0.8,False,html,Dataset: CMS Hospital General Information
METHODIST HOSPITAL ATASCOSA,METHODIST HOSPITAL ATASCOSA,Methodist Health System,METHODIST HEALTH SYSTEM,hospital,JOURDANTON,TX,inferred_idn_relationship,Facility name contains 'METHODIST ',CMS Hospital General Information,https://data.cms.gov/provider-data/dataset/xubh-q36u,2026-02-25,2026-04-19,Name match in CMS Hospital General Information: METHODIST HOSPITAL ATASCOSA associated with Methodist Health System,0.8,False,html,Dataset: CMS Hospital General Information
MEMORIAL HERMANN HOSPITAL SYSTEM,MEMORIAL HERMANN HOSPITAL SYSTEM,Memorial Hermann Health System,MEMORIAL HERMANN HEALTH SYSTEM,hospital,HOUSTON,TX,inferred_idn_relationship,Facility name contains 'MEMORIAL HERMANN',CMS Hospital General Information,https://data.cms.gov/provider-data/dataset/xubh-q36u,2026-02-25,2026-04-19,Name match in CMS Hospital General Information: MEMORIAL HERMANN HOSPITAL SYSTEM associated with Memorial Hermann Health System,0.8,False,html,Dataset: CMS Hospital General Information
UT HEALTH EAST TEXAS JACKSONVILLE HOSPITAL,UT HEALTH EAST TEXAS JACKSONVILLE HOSPITAL,UT Health,UT HEALTH,hospital,JACKSONVILLE,TX,inferred_idn_relationship,Facility name contains 'UT HEALTH',CMS Hospital General Information,https://data.cms.gov/provider-data/dataset/xubh-q36u,2026-02-25,2026-04-19,Name match in CMS Hospital General Information: UT HEALTH EAST TEXAS JACKSONVILLE HOSPITAL associated with UT Health,0.8,False,html,Dataset: CMS Hospital General Information
UT HEALTH EAST TEXAS CARTHAGE HOSPITAL,UT HEALTH EAST TEXAS CARTHAGE HOSPITAL,UT Health,UT HEALTH,hospital,CARTHAGE,TX,inferred_idn_relationship,Facility name contains 'UT HEALTH',CMS Hospital General Information,https://data.cms.gov/provider-data/dataset/xubh-q36u,2026-02-25,2026-04-19,Name match in CMS Hospital General Information: UT HEALTH EAST TEXAS CARTHAGE HOSPITAL associated with UT Health,0.8,False,html,Dataset: CMS Hospital General Information
HCA HOUSTON HEALTHCARE CONROE,HCA HOUSTON HEALTHCARE CONROE,HCA Healthcare,HCA HEALTHCARE,hospital,CONROE,TX,health_system_owned,Facility name contains 'HCA ',CMS Hospital General Information,https://data.cms.gov/provider-data/dataset/xubh-q36u,2026-02-25,2026-04-19,Name match in CMS Hospital General Information: HCA HOUSTON HEALTHCARE CONROE associated with HCA Healthcare,0.9,False,html,Dataset: CMS Hospital General Information
TEXAS HEALTH PRESBYTERIAN HOSPITAL KAUFMAN,TEXAS HEALTH PRESBYTERIAN HOSPITAL KAUFMAN,Presbyterian Healthcare Services,PRESBYTERIAN HEALTHCARE SERVICES,hospital,KAUFMAN,TX,inferred_idn_relationship,Facility name contains 'PRESBYTERIAN ',CMS Hospital General Information,https://data.cms.gov/provider-data/dataset/xubh-q36u,2026-02-25,2026-04-19,Name match in CMS Hospital General Information: TEXAS HEALTH PRESBYTERIAN HOSPITAL KAUFMAN associated with Presbyterian Healthcare Services,0.8,False,html,Dataset: CMS Hospital General Information
TEXAS HEALTH HARRIS METHODIST HOSPITAL STEPHENVILL,TEXAS HEALTH HARRIS METHODIST HOSPITAL STEPHENVILL,Methodist Health System,METHODIST HEALTH SYSTEM,hospital,STEPHENVILLE,TX,inferred_idn_relationship,Facility name contains 'METHODIST ',CMS Hospital General Information,https://data.cms.gov/provider-data/dataset/xubh-q36u,2026-02-25,2026-04-19,Name match in CMS Hospital General Information: TEXAS HEALTH HARRIS METHODIST HOSPITAL STEPHENVILL associated with Methodist Health System,0.8,False,html,Dataset: CMS Hospital General Information
HOUSTON METHODIST HOSPITAL,HOUSTON METHODIST HOSPITAL,Methodist Health System,METHODIST HEALTH SYSTEM,hospital,HOUSTON,TX,inferred_idn_relationship,Facility name contains 'METHODIST ',CMS Hospital General Information,https://data.cms.gov/provider-data/dataset/xubh-q36u,2026-02-25,2026-04-19,Name match in CMS Hospital General Information: HOUSTON METHODIST HOSPITAL associated with Methodist Health System,0.8,False,html,Dataset: CMS Hospital General Information
BAYLOR SCOTT & WHITE MEDICAL CENTER- WAXAHACHIE,BAYLOR SCOTT & WHITE MEDICAL CENTER- WAXAHACHIE,Baylor Scott & White Health,BAYLOR SCOTT & WHITE HEALTH,hospital,WAXAHACHIE,TX,inferred_idn_relationship,Facility name contains 'BAYLOR SCOTT & WHITE',CMS Hospital General Information,https://data.cms.gov/provider-data/dataset/xubh-q36u,2026-02-25,2026-04-19,Name match in CMS Hospital General Information: BAYLOR SCOTT & WHITE MEDICAL CENTER- WAXAHACHIE associated with Baylor Scott & White Health,0.8,False,html,Dataset: CMS Hospital General Information
METHODIST HOSPITAL,METHODIST HOSPITAL,Methodist Health System,METHODIST HEALTH SYSTEM,hospital,SAN ANTONIO,TX,inferred_idn_relationship,Facility name contains 'METHODIST ',CMS Hospital General Information,https://data.cms.gov/provider-data/dataset/xubh-q36u,2026-02-25,2026-04-19,Name match in CMS Hospital General Information: METHODIST HOSPITAL associated with Methodist Health System,0.8,False,html,Dataset: CMS Hospital General Information
UT HEALTH EAST TEXAS ATHENS HOSPITAL,UT HEALTH EAST TEXAS ATHENS HOSPITAL,UT Health,UT HEALTH,hospital,ATHENS,TX,inferred_idn_relationship,Facility name contains 'UT HEALTH',CMS Hospital General Information,https://data.cms.gov/provider-data/dataset/xubh-q36u,2026-02-25,2026-04-19,Name match in CMS Hospital General Information: UT HEALTH EAST TEXAS ATHENS HOSPITAL associated with UT Health,0.8,False,html,Dataset: CMS Hospital General Information
TEXAS HEALTH HARRIS METHODIST HOSPITAL AZLE,TEXAS HEALTH HARRIS METHODIST HOSPITAL AZLE,Methodist Health System,METHODIST HEALTH SYSTEM,hospital,AZLE,TX,inferred_idn_relationship,Facility name contains 'METHODIST ',CMS Hospital General Information,https://data.cms.gov/provider-data/dataset/xubh-q36u,2026-02-25,2026-04-19,Name match in CMS Hospital General Information: TEXAS HEALTH HARRIS METHODIST HOSPITAL AZLE associated with Methodist Health System,0.8,False,html,Dataset: CMS Hospital General Information
HOUSTON METHODIST BAYTOWN HOSPITAL,HOUSTON METHODIST BAYTOWN HOSPITAL,Methodist Health System,METHODIST HEALTH SYSTEM,hospital,BAYTOWN,TX,inferred_idn_relationship,Facility name contains 'METHODIST ',CMS Hospital General Information,https://data.cms.gov/provider-data/dataset/xubh-q36u,2026-02-25,2026-04-19,Name match in CMS Hospital General Information: HOUSTON METHODIST BAYTOWN HOSPITAL associated with Methodist Health System,0.8,False,html,Dataset: CMS Hospital General Information
TEXAS HEALTH PRESBYTERIAN HOSPITAL DALLAS,TEXAS HEALTH PRESBYTERIAN HOSPITAL DALLAS,Presbyterian Healthcare Services,PRESBYTERIAN HEALTHCARE SERVICES,hospital,DALLAS,TX,inferred_idn_relationship,Facility name contains 'PRESBYTERIAN ',CMS Hospital General Information,https://data.cms.gov/provider-data/dataset/xubh-q36u,2026-02-25,2026-04-19,Name match in CMS Hospital General Information: TEXAS HEALTH PRESBYTERIAN HOSPITAL DALLAS associated with Presbyterian Healthcare Services,0.8,False,html,Dataset: CMS Hospital General Information
UT HEALTH EAST TEXAS HENDERSON HOSPITAL,UT HEALTH EAST TEXAS HENDERSON HOSPITAL,UT Health,UT HEALTH,hospital,HENDERSON,TX,inferred_idn_relationship,Facility name contains 'UT HEALTH',CMS Hospital General Information,https://data.cms.gov/provider-data/dataset/xubh-q36u,2026-02-25,2026-04-19,Name match in CMS Hospital General Information: UT HEALTH EAST TEXAS HENDERSON HOSPITAL associated with UT Health,0.8,False,html,Dataset: CMS Hospital General Information
METHODIST RICHARDSON MEDICAL CENTER,METHODIST RICHARDSON MEDICAL CENTER,Methodist Health System,METHODIST HEALTH SYSTEM,hospital,RICHARDSON,TX,inferred_idn_relationship,Facility name contains 'METHODIST ',CMS Hospital General Information,https://data.cms.gov/provider-data/dataset/xubh-q36u,2026-02-25,2026-04-19,Name match in CMS Hospital General Information: METHODIST RICHARDSON MEDICAL CENTER associated with Methodist Health System,0.8,False,html,Dataset: CMS Hospital General Information
BAYLOR SCOTT & WHITE MEDICAL CENTER  GRAPEVINE,BAYLOR SCOTT & WHITE MEDICAL CENTER  GRAPEVINE,Baylor Scott & White Health,BAYLOR SCOTT & WHITE HEALTH,hospital,GRAPEVINE,TX,inferred_idn_relationship,Facility name contains 'BAYLOR SCOTT & WHITE',CMS Hospital General Information,https://data.cms.gov/provider-data/dataset/xubh-q36u,2026-02-25,2026-04-19,Name match in CMS Hospital General Information: BAYLOR SCOTT & WHITE MEDICAL CENTER  GRAPEVINE associated with Baylor Scott & White Health,0.8,False,html,Dataset: CMS Hospital General Information
MEMORIAL HERMANN MEMORIAL CITY HOSPITAL,MEMORIAL HERMANN MEMORIAL CITY HOSPITAL,Memorial Hermann Health System,MEMORIAL HERMANN HEALTH SYSTEM,hospital,HOUSTON,TX,inferred_idn_relationship,Facility name contains 'MEMORIAL HERMANN',CMS Hospital General Information,https://data.cms.gov/provider-data/dataset/xubh-q36u,2026-02-25,2026-04-19,Name match in CMS Hospital General Information: MEMORIAL HERMANN MEMORIAL CITY HOSPITAL associated with Memorial Hermann Health System,0.8,False,html,Dataset: CMS Hospital General Information
HCA HOUSTON HEALTHCARE CLEAR LAKE,HCA HOUSTON HEALTHCARE CLEAR LAKE,HCA Healthcare,HCA HEALTHCARE,hospital,WEBSTER,TX,health_system_owned,Facility name contains 'HCA ',CMS Hospital General Information,https://data.cms.gov/provider-data/dataset/xubh-q36u,2026-02-25,2026-04-19,Name match in CMS Hospital General Information: HCA HOUSTON HEALTHCARE CLEAR LAKE associated with HCA Healthcare,0.9,False,html,Dataset: CMS Hospital General Information
HCA HOUSTON HEALTHCARE NORTHWEST,HCA HOUSTON HEALTHCARE NORTHWEST,HCA Healthcare,HCA HEALTHCARE,hospital,HOUSTON,TX,health_system_owned,Facility name contains 'HCA ',CMS Hospital General Information,https://data.cms.gov/provider-data/dataset/xubh-q36u,2026-02-25,2026-04-19,Name match in CMS Hospital General Information: HCA HOUSTON HEALTHCARE NORTHWEST associated with HCA Healthcare,0.9,False,html,Dataset: CMS Hospital General Information
TEXAS HEALTH HARRIS METHODIST HURST-EULESS-BEDFORD,TEXAS HEALTH HARRIS METHODIST HURST-EULESS-BEDFORD,Methodist Health System,METHODIST HEALTH SYSTEM,hospital,BEDFORD,TX,inferred_idn_relationship,Facility name contains 'METHODIST ',CMS Hospital General Information,https://data.cms.gov/provider-data/dataset/xubh-q36u,2026-02-25,2026-04-19,Name match in CMS Hospital General Information: TEXAS HEALTH HARRIS METHODIST HURST-EULESS-BEDFORD associated with Methodist Health System,0.8,False,html,Dataset: CMS Hospital General Information
HCA HOUSTON HEALTHCARE WEST,HCA HOUSTON HEALTHCARE WEST,HCA Healthcare,HCA HEALTHCARE,hospital,HOUSTON,TX,health_system_owned,Facility name contains 'HCA ',CMS Hospital General Information,https://data.cms.gov/provider-data/dataset/xubh-q36u,2026-02-25,2026-04-19,Name match in CMS Hospital General Information: HCA HOUSTON HEALTHCARE WEST associated with HCA Healthcare,0.9,False,html,Dataset: CMS Hospital General Information
HCA HOUSTON HEALTHCARE MEDICAL CENTER,HCA HOUSTON HEALTHCARE MEDICAL CENTER,HCA Healthcare,HCA HEALTHCARE,hospital,HOUSTON,TX,health_system_owned,Facility name contains 'HCA ',CMS Hospital General Information,https://data.cms.gov/provider-data/dataset/xubh-q36u,2026-02-25,2026-04-19,Name match in CMS Hospital General Information: HCA HOUSTON HEALTHCARE MEDICAL CENTER associated with HCA Healthcare,0.9,False,html,Dataset: CMS Hospital General Information
HCA HOUSTON HEALTHCARE TOMBALL,HCA HOUSTON HEALTHCARE TOMBALL,HCA Healthcare,HCA HEALTHCARE,hospital,TOMBALL,TX,health_system_owned,Facility name contains 'HCA ',CMS Hospital General Information,https://data.cms.gov/provider-data/dataset/xubh-q36u,2026-02-25,2026-04-19,Name match in CMS Hospital General Information: HCA HOUSTON HEALTHCARE TOMBALL associated with HCA Healthcare,0.9,False,html,Dataset: CMS Hospital General Information
MEMORIAL HERMANN NORTHEAST HOSPITAL,MEMORIAL HERMANN NORTHEAST HOSPITAL,Memorial Hermann Health System,MEMORIAL HERMANN HEALTH SYSTEM,hospital,HUMBLE,TX,inferred_idn_relationship,Facility name contains 'MEMORIAL HERMANN',CMS Hospital General Information,https://data.cms.gov/provider-data/dataset/xubh-q36u,2026-02-25,2026-04-19,Name match in CMS Hospital General Information: MEMORIAL HERMANN NORTHEAST HOSPITAL associated with Memorial Hermann Health System,0.8,False,html,Dataset: CMS Hospital General Information
HOUSTON METHODIST CLEAR LAKE HOSPITAL,HOUSTON METHODIST CLEAR LAKE HOSPITAL,Methodist Health System,METHODIST HEALTH SYSTEM,hospital,NASSAU BAY,TX,inferred_idn_relationship,Facility name contains 'METHODIST ',CMS Hospital General Information,https://data.cms.gov/provider-data/dataset/xubh-q36u,2026-02-25,2026-04-19,Name match in CMS Hospital General Information: HOUSTON METHODIST CLEAR LAKE HOSPITAL associated with Methodist Health System,0.8,False,html,Dataset: CMS Hospital General Information
METHODIST CHARLTON MEDICAL CENTER,METHODIST CHARLTON MEDICAL CENTER,Methodist Health System,METHODIST HEALTH SYSTEM,hospital,DALLAS,TX,inferred_idn_relationship,Facility name contains 'METHODIST ',CMS Hospital General Information,https://data.cms.gov/provider-data/dataset/xubh-q36u,2026-02-25,2026-04-19,Name match in CMS Hospital General Information: METHODIST CHARLTON MEDICAL CENTER associated with Methodist Health System,0.8,False,html,Dataset: CMS Hospital General Information
TEXAS HEALTH PRESBYTERIAN HOSPITAL DENTON,TEXAS HEALTH PRESBYTERIAN HOSPITAL DENTON,Presbyterian Healthcare Services,PRESBYTERIAN HEALTHCARE SERVICES,hospital,DENTON,TX,inferred_idn_relationship,Facility name contains 'PRESBYTERIAN ',CMS Hospital General Information,https://data.cms.gov/provider-data/dataset/xubh-q36u,2026-02-25,2026-04-19,Name match in CMS Hospital General Information: TEXAS HEALTH PRESBYTERIAN HOSPITAL DENTON associated with Presbyterian Healthcare Services,0.8,False,html,Dataset: CMS Hospital General Information
TEXAS HEALTH PRESBYTERIAN HOSPITAL PLANO,TEXAS HEALTH PRESBYTERIAN HOSPITAL PLANO,Presbyterian Healthcare Services,PRESBYTERIAN HEALTHCARE SERVICES,hospital,PLANO,TX,inferred_idn_relationship,Facility name contains 'PRESBYTERIAN ',CMS Hospital General Information,https://data.cms.gov/provider-data/dataset/xubh-q36u,2026-02-25,2026-04-19,Name match in CMS Hospital General Information: TEXAS HEALTH PRESBYTERIAN HOSPITAL PLANO associated with Presbyterian Healthcare Services,0.8,False,html,Dataset: CMS Hospital General Information
HCA HOUSTON HEALTHCARE KINGWOOD,HCA HOUSTON HEALTHCARE KINGWOOD,HCA Healthcare,HCA HEALTHCARE,hospital,KINGWOOD,TX,health_system_owned,Facility name contains 'HCA ',CMS Hospital General Information,https://data.cms.gov/provider-data/dataset/xubh-q36u,2026-02-25,2026-04-19,Name match in CMS Hospital General Information: HCA HOUSTON HEALTHCARE KINGWOOD associated with HCA Healthcare,0.9,False,html,Dataset: CMS Hospital General Information
TEXAS HEALTH HARRIS METHODIST HOSPITAL SOUTHWEST F,TEXAS HEALTH HARRIS METHODIST HOSPITAL SOUTHWEST F,Methodist Health System,METHODIST HEALTH SYSTEM,hospital,FORT WORTH,TX,inferred_idn_relationship,Facility name contains 'METHODIST ',CMS Hospital General Information,https://data.cms.gov/provider-data/dataset/xubh-q36u,2026-02-25,2026-04-19,Name match in CMS Hospital General Information: TEXAS HEALTH HARRIS METHODIST HOSPITAL SOUTHWEST F associated with Methodist Health System,0.8,False,html,Dataset: CMS Hospital General Information
HOUSTON METHODIST SUGARLAND HOSPITAL,HOUSTON METHODIST SUGARLAND HOSPITAL,Methodist Health System,METHODIST HEALTH SYSTEM,hospital,SUGAR LAND,TX,inferred_idn_relationship,Facility name contains 'METHODIST ',CMS Hospital General Information,https://data.cms.gov/provider-data/dataset/xubh-q36u,2026-02-25,2026-04-19,Name match in CMS Hospital General Information: HOUSTON METHODIST SUGARLAND HOSPITAL associated with Methodist Health System,0.8,False,html,Dataset: CMS Hospital General Information
TEXAS HEALTH PRESBYTERIAN HOSPITAL ALLEN,TEXAS HEALTH PRESBYTERIAN HOSPITAL ALLEN,Presbyterian Healthcare Services,PRESBYTERIAN HEALTHCARE SERVICES,hospital,ALLEN,TX,inferred_idn_relationship,Facility name contains 'PRESBYTERIAN ',CMS Hospital General Information,https://data.cms.gov/provider-data/dataset/xubh-q36u,2026-02-25,2026-04-19,Name match in CMS Hospital General Information: TEXAS HEALTH PRESBYTERIAN HOSPITAL ALLEN associated with Presbyterian Healthcare Services,0.8,False,html,Dataset: CMS Hospital General Information
HOUSTON METHODIST WILLOWBROOK HOSPITAL,HOUSTON METHODIST WILLOWBROOK HOSPITAL,Methodist Health System,METHODIST HEALTH SYSTEM,hospital,HOUSTON,TX,inferred_idn_relationship,Facility name contains 'METHODIST ',CMS Hospital General Information,https://data.cms.gov/provider-data/dataset/xubh-q36u,2026-02-25,2026-04-19,Name match in CMS Hospital General Information: HOUSTON METHODIST WILLOWBROOK HOSPITAL associated with Methodist Health System,0.8,False,html,Dataset: CMS Hospital General Information
MEMORIAL HERMANN KATY HOSPITAL,MEMORIAL HERMANN KATY HOSPITAL,Memorial Hermann Health System,MEMORIAL HERMANN HEALTH SYSTEM,hospital,KATY,TX,inferred_idn_relationship,Facility name contains 'MEMORIAL HERMANN',CMS Hospital General Information,https://data.cms.gov/provider-data/dataset/xubh-q36u,2026-02-25,2026-04-19,Name match in CMS Hospital General Information: MEMORIAL HERMANN KATY HOSPITAL associated with Memorial Hermann Health System,0.8,False,html,Dataset: CMS Hospital General Information
MEMORIAL HERMANN SUGAR LAND HOSPITAL,MEMORIAL HERMANN SUGAR LAND HOSPITAL,Memorial Hermann Health System,MEMORIAL HERMANN HEALTH SYSTEM,hospital,SUGAR LAND,TX,inferred_idn_relationship,Facility name contains 'MEMORIAL HERMANN',CMS Hospital General Information,https://data.cms.gov/provider-data/dataset/xubh-q36u,2026-02-25,2026-04-19,Name match in CMS Hospital General Information: MEMORIAL HERMANN SUGAR LAND HOSPITAL associated with Memorial Hermann Health System,0.8,False,html,Dataset: CMS Hospital General Information
BAYLOR SCOTT & WHITE HEART & VASCULAR HOSPITAL - DALLAS,BAYLOR SCOTT & WHITE HEART & VASCULAR HOSPITAL - DALLAS,Baylor Scott & White Health,BAYLOR SCOTT & WHITE HEALTH,hospital,DALLAS,TX,inferred_idn_relationship,Facility name contains 'BAYLOR SCOTT & WHITE',CMS Hospital General Information,https://data.cms.gov/provider-data/dataset/xubh-q36u,2026-02-25,2026-04-19,Name match in CMS Hospital General Information: BAYLOR SCOTT & WHITE HEART & VASCULAR HOSPITAL - DALLAS associated with Baylor Scott & White Health,0.8,False,html,Dataset: CMS Hospital General Information
BAYLOR SCOTT & WHITE MEDICAL CENTER - FRISCO,BAYLOR SCOTT & WHITE MEDICAL CENTER - FRISCO,Baylor Scott & White Health,BAYLOR SCOTT & WHITE HEALTH,hospital,FRISCO,TX,inferred_idn_relationship,Facility name contains 'BAYLOR SCOTT & WHITE',CMS Hospital General Information,https://data.cms.gov/provider-data/dataset/xubh-q36u,2026-02-25,2026-04-19,Name match in CMS Hospital General Information: BAYLOR SCOTT & WHITE MEDICAL CENTER - FRISCO associated with Baylor Scott & White Health,0.8,False,html,Dataset: CMS Hospital General Information
BAYLOR SCOTT & WHITE TEXAS SPINE & JOINT HOSPITAL,BAYLOR SCOTT & WHITE TEXAS SPINE & JOINT HOSPITAL,Baylor Scott & White Health,BAYLOR SCOTT & WHITE HEALTH,hospital,TYLER,TX,inferred_idn_relationship,Facility name contains 'BAYLOR SCOTT & WHITE',CMS Hospital General Information,https://data.cms.gov/provider-data/dataset/xubh-q36u,2026-02-25,2026-04-19,Name match in CMS Hospital General Information: BAYLOR SCOTT & WHITE TEXAS SPINE & JOINT HOSPITAL associated with Baylor Scott & White Health,0.8,False,html,Dataset: CMS Hospital General Information
ASCENSION SETON  SOUTHWEST,ASCENSION SETON  SOUTHWEST,Ascension,ASCENSION,hospital,AUSTIN,TX,inferred_idn_relationship,Facility name contains 'ASCENSION',CMS Hospital General Information,https://data.cms.gov/provider-data/dataset/xubh-q36u,2026-02-25,2026-04-19,Name match in CMS Hospital General Information: ASCENSION SETON  SOUTHWEST associated with Ascension,0.8,False,html,Dataset: CMS Hospital General Information
ASCENSION SETON NORTHWEST,ASCENSION SETON NORTHWEST,Ascension,ASCENSION,hospital,AUSTIN,TX,inferred_idn_relationship,Facility name contains 'ASCENSION',CMS Hospital General Information,https://data.cms.gov/provider-data/dataset/xubh-q36u,2026-02-25,2026-04-19,Name match in CMS Hospital General Information: ASCENSION SETON NORTHWEST associated with Ascension,0.8,False,html,Dataset: CMS Hospital General Information
TEXAS HEALTH HARRIS METHODIST HOSPITAL SOUTHLAKE,TEXAS HEALTH HARRIS METHODIST HOSPITAL SOUTHLAKE,Methodist Health System,METHODIST HEALTH SYSTEM,hospital,SOUTHLAKE,TX,inferred_idn_relationship,Facility name contains 'METHODIST ',CMS Hospital General Information,https://data.cms.gov/provider-data/dataset/xubh-q36u,2026-02-25,2026-04-19,Name match in CMS Hospital General Information: TEXAS HEALTH HARRIS METHODIST HOSPITAL SOUTHLAKE associated with Methodist Health System,0.8,False,html,Dataset: CMS Hospital General Information
TEXAS INSTITUTE FOR SURGERY AT PRESBYTERIAN HOSPIT,TEXAS INSTITUTE FOR SURGERY AT PRESBYTERIAN HOSPIT,Presbyterian Healthcare Services,PRESBYTERIAN HEALTHCARE SERVICES,hospital,DALLAS,TX,inferred_idn_relationship,Facility name contains 'PRESBYTERIAN ',CMS Hospital General Information,https://data.cms.gov/provider-data/dataset/xubh-q36u,2026-02-25,2026-04-19,Name match in CMS Hospital General Information: TEXAS INSTITUTE FOR SURGERY AT PRESBYTERIAN HOSPIT associated with Presbyterian Healthcare Services,0.8,False,html,Dataset: CMS Hospital General Information
BAYLOR SCOTT & WHITE MEDICAL CENTER PLANO,BAYLOR SCOTT & WHITE MEDICAL CENTER PLANO,Baylor Scott & White Health,BAYLOR SCOTT & WHITE HEALTH,hospital,PLANO,TX,inferred_idn_relationship,Facility name contains 'BAYLOR SCOTT & WHITE',CMS Hospital General Information,https://data.cms.gov/provider-data/dataset/xubh-q36u,2026-02-25,2026-04-19,Name match in CMS Hospital General Information: BAYLOR SCOTT & WHITE MEDICAL CENTER PLANO associated with Baylor Scott & White Health,0.8,False,html,Dataset: CMS Hospital General Information
ADVENTHEALTH ROLLINS BROOK,ADVENTHEALTH ROLLINS BROOK,AdventHealth,ADVENTHEALTH,hospital,LAMPASAS,TX,inferred_idn_relationship,Facility name contains 'ADVENTHEALTH',CMS Hospital General Information,https://data.cms.gov/provider-data/dataset/xubh-q36u,2026-02-25,2026-04-19,Name match in CMS Hospital General Information: ADVENTHEALTH ROLLINS BROOK associated with AdventHealth,0.8,False,html,Dataset: CMS Hospital General Information
OTTO KAISER MEMORIAL HOSPITAL,OTTO KAISER MEMORIAL HOSPITAL,Kaiser Permanente,KAISER PERMANENTE,hospital,KENEDY,TX,inferred_idn_relationship,Facility name contains 'KAISER ',CMS Hospital General Information,https://data.cms.gov/provider-data/dataset/xubh-q36u,2026-02-25,2026-04-19,Name match in CMS Hospital General Information: OTTO KAISER MEMORIAL HOSPITAL associated with Kaiser Permanente,0.8,False,html,Dataset: CMS Hospital General Information
ASCENSION SETON HIGHLAND LAKES,ASCENSION SETON HIGHLAND LAKES,Ascension,ASCENSION,hospital,BURNET,TX,inferred_idn_relationship,Facility name contains 'ASCENSION',CMS Hospital General Information,https://data.cms.gov/provider-data/dataset/xubh-q36u,2026-02-25,2026-04-19,Name match in CMS Hospital General Information: ASCENSION SETON HIGHLAND LAKES associated with Ascension,0.8,False,html,Dataset: CMS Hospital General Information
UT HEALTH EAST TEXAS PITTSBURG HOSPITAL,UT HEALTH EAST TEXAS PITTSBURG HOSPITAL,UT Health,UT HEALTH,hospital,PITTSBURG,TX,inferred_idn_relationship,Facility name contains 'UT HEALTH',CMS Hospital General Information,https://data.cms.gov/provider-data/dataset/xubh-q36u,2026-02-25,2026-04-19,Name match in CMS Hospital General Information: UT HEALTH EAST TEXAS PITTSBURG HOSPITAL associated with UT Health,0.8,False,html,Dataset: CMS Hospital General Information
ASCENSION SETON EDGAR B DAVIS,ASCENSION SETON EDGAR B DAVIS,Ascension,ASCENSION,hospital,LULING,TX,inferred_idn_relationship,Facility name contains 'ASCENSION',CMS Hospital General Information,https://data.cms.gov/provider-data/dataset/xubh-q36u,2026-02-25,2026-04-19,Name match in CMS Hospital General Information: ASCENSION SETON EDGAR B DAVIS associated with Ascension,0.8,False,html,Dataset: CMS Hospital General Information
BAYLOR SCOTT & WHITE MEDICAL CENTER -TAYLOR,BAYLOR SCOTT & WHITE MEDICAL CENTER -TAYLOR,Baylor Scott & White Health,BAYLOR SCOTT & WHITE HEALTH,hospital,TAYLOR,TX,inferred_idn_relationship,Facility name contains 'BAYLOR SCOTT & WHITE',CMS Hospital General Information,https://data.cms.gov/provider-data/dataset/xubh-q36u,2026-02-25,2026-04-19,Name match in CMS Hospital General Information: BAYLOR SCOTT & WHITE MEDICAL CENTER -TAYLOR associated with Baylor Scott & White Health,0.8,False,html,Dataset: CMS Hospital General Information
UT HEALTH EAST TEXAS QUITMAN HOSPITAL,UT HEALTH EAST TEXAS QUITMAN HOSPITAL,UT Health,UT HEALTH,hospital,QUITMAN,TX,inferred_idn_relationship,Facility name contains 'UT HEALTH',CMS Hospital General Information,https://data.cms.gov/provider-data/dataset/xubh-q36u,2026-02-25,2026-04-19,Name match in CMS Hospital General Information: UT HEALTH EAST TEXAS QUITMAN HOSPITAL associated with UT Health,0.8,False,html,Dataset: CMS Hospital General Information
BAYLOR SCOTT & WHITE HOSPITAL BRENHAM,BAYLOR SCOTT & WHITE HOSPITAL BRENHAM,Baylor Scott & White Health,BAYLOR SCOTT & WHITE HEALTH,hospital,BRENHAM,TX,inferred_idn_relationship,Facility name contains 'BAYLOR SCOTT & WHITE',CMS Hospital General Information,https://data.cms.gov/provider-data/dataset/xubh-q36u,2026-02-25,2026-04-19,Name match in CMS Hospital General Information: BAYLOR SCOTT & WHITE HOSPITAL BRENHAM associated with Baylor Scott & White Health,0.8,False,html,Dataset: CMS Hospital General Information
INTERMOUNTAIN HEALTH UTAH VALLEY HOSPITAL,INTERMOUNTAIN HEALTH UTAH VALLEY HOSPITAL,Intermountain Healthcare,INTERMOUNTAIN HEALTHCARE,hospital,PROVO,UT,inferred_idn_relationship,Facility name contains 'INTERMOUNTAIN',CMS Hospital General Information,https://data.cms.gov/provider-data/dataset/xubh-q36u,2026-02-25,2026-04-19,Name match in CMS Hospital General Information: INTERMOUNTAIN HEALTH UTAH VALLEY HOSPITAL associated with Intermountain Healthcare,0.8,False,html,Dataset: CMS Hospital General Information
INTERMOUNTAIN MEDICAL CENTER,INTERMOUNTAIN MEDICAL CENTER,Intermountain Healthcare,INTERMOUNTAIN HEALTHCARE,hospital,MURRAY,UT,inferred_idn_relationship,Facility name contains 'INTERMOUNTAIN',CMS Hospital General Information,https://data.cms.gov/provider-data/dataset/xubh-q36u,2026-02-25,2026-04-19,Name match in CMS Hospital General Information: INTERMOUNTAIN MEDICAL CENTER associated with Intermountain Healthcare,0.8,False,html,Dataset: CMS Hospital General Information
INTERMOUNTAIN HEALTH ALTA VIEW HOSPITAL,INTERMOUNTAIN HEALTH ALTA VIEW HOSPITAL,Intermountain Healthcare,INTERMOUNTAIN HEALTHCARE,hospital,SANDY,UT,inferred_idn_relationship,Facility name contains 'INTERMOUNTAIN',CMS Hospital General Information,https://data.cms.gov/provider-data/dataset/xubh-q36u,2026-02-25,2026-04-19,Name match in CMS Hospital General Information: INTERMOUNTAIN HEALTH ALTA VIEW HOSPITAL associated with Intermountain Healthcare,0.8,False,html,Dataset: CMS Hospital General Information
INTERMOUNTAIN HEALTH LAYTON HOSPITAL,INTERMOUNTAIN HEALTH LAYTON HOSPITAL,Intermountain Healthcare,INTERMOUNTAIN HEALTHCARE,hospital,LAYTON,UT,inferred_idn_relationship,Facility name contains 'INTERMOUNTAIN',CMS Hospital General Information,https://data.cms.gov/provider-data/dataset/xubh-q36u,2026-02-25,2026-04-19,Name match in CMS Hospital General Information: INTERMOUNTAIN HEALTH LAYTON HOSPITAL associated with Intermountain Healthcare,0.8,False,html,Dataset: CMS Hospital General Information
INTERMOUNTAIN HEALTH SPANISH FORK HOSPITAL,INTERMOUNTAIN HEALTH SPANISH FORK HOSPITAL,Intermountain Healthcare,INTERMOUNTAIN HEALTHCARE,hospital,SPANISH FORK,UT,inferred_idn_relationship,Facility name contains 'INTERMOUNTAIN',CMS Hospital General Information,https://data.cms.gov/provider-data/dataset/xubh-q36u,2026-02-25,2026-04-19,Name match in CMS Hospital General Information: INTERMOUNTAIN HEALTH SPANISH FORK HOSPITAL associated with Intermountain Healthcare,0.8,False,html,Dataset: CMS Hospital General Information
INTERMOUNTAIN HEALTH DELTA COMMUNITY HOSPITAL,INTERMOUNTAIN HEALTH DELTA COMMUNITY HOSPITAL,Intermountain Healthcare,INTERMOUNTAIN HEALTHCARE,hospital,DELTA,UT,inferred_idn_relationship,Facility name contains 'INTERMOUNTAIN',CMS Hospital General Information,https://data.cms.gov/provider-data/dataset/xubh-q36u,2026-02-25,2026-04-19,Name match in CMS Hospital General Information: INTERMOUNTAIN HEALTH DELTA COMMUNITY HOSPITAL associated with Intermountain Healthcare,0.8,False,html,Dataset: CMS Hospital General Information
INTERMOUNTAIN HEALTH SANPETE VALLEY HOSPITAL,INTERMOUNTAIN HEALTH SANPETE VALLEY HOSPITAL,Intermountain Healthcare,INTERMOUNTAIN HEALTHCARE,hospital,MOUNT PLEASANT,UT,inferred_idn_relationship,Facility name contains 'INTERMOUNTAIN',CMS Hospital General Information,https://data.cms.gov/provider-data/dataset/xubh-q36u,2026-02-25,2026-04-19,Name match in CMS Hospital General Information: INTERMOUNTAIN HEALTH SANPETE VALLEY HOSPITAL associated with Intermountain Healthcare,0.8,False,html,Dataset: CMS Hospital General Information
INTERMOUNTAIN HEALTH HEBER VALLEY HOSPITAL,INTERMOUNTAIN HEALTH HEBER VALLEY HOSPITAL,Intermountain Healthcare,INTERMOUNTAIN HEALTHCARE,hospital,HEBER CITY,UT,inferred_idn_relationship,Facility name contains 'INTERMOUNTAIN',CMS Hospital General Information,https://data.cms.gov/provider-data/dataset/xubh-q36u,2026-02-25,2026-04-19,Name match in CMS Hospital General Information: INTERMOUNTAIN HEALTH HEBER VALLEY HOSPITAL associated with Intermountain Healthcare,0.8,False,html,Dataset: CMS Hospital General Information
INTERMOUNTAIN HEALTH GARFIELD MEMORIAL HOSPITAL,INTERMOUNTAIN HEALTH GARFIELD MEMORIAL HOSPITAL,Intermountain Healthcare,INTERMOUNTAIN HEALTHCARE,hospital,PANGUITCH,UT,inferred_idn_relationship,Facility name contains 'INTERMOUNTAIN',CMS Hospital General Information,https://data.cms.gov/provider-data/dataset/xubh-q36u,2026-02-25,2026-04-19,Name match in CMS Hospital General Information: INTERMOUNTAIN HEALTH GARFIELD MEMORIAL HOSPITAL associated with Intermountain Healthcare,0.8,False,html,Dataset: CMS Hospital General Information
SENTARA RMH MEDICAL CENTER,SENTARA RMH MEDICAL CENTER,Sentara Healthcare,SENTARA HEALTHCARE,hospital,HARRISONBURG,VA,inferred_idn_relationship,Facility name contains 'SENTARA',CMS Hospital General Information,https://data.cms.gov/provider-data/dataset/xubh-q36u,2026-02-25,2026-04-19,Name match in CMS Hospital General Information: SENTARA RMH MEDICAL CENTER associated with Sentara Healthcare,0.8,False,html,Dataset: CMS Hospital General Information
SENTARA NORFOLK GENERAL HOSPITAL,SENTARA NORFOLK GENERAL HOSPITAL,Sentara Healthcare,SENTARA HEALTHCARE,hospital,NORFOLK,VA,inferred_idn_relationship,Facility name contains 'SENTARA',CMS Hospital General Information,https://data.cms.gov/provider-data/dataset/xubh-q36u,2026-02-25,2026-04-19,Name match in CMS Hospital General Information: SENTARA NORFOLK GENERAL HOSPITAL associated with Sentara Healthcare,0.8,False,html,Dataset: CMS Hospital General Information
UNIVERSITY OF VIRGINIA MEDICAL CENTER,UNIVERSITY OF VIRGINIA MEDICAL CENTER,UVA Health,UVA HEALTH,hospital,CHARLOTTESVILLE,VA,inferred_idn_relationship,Facility name contains 'UNIVERSITY OF VIRGINIA',CMS Hospital General Information,https://data.cms.gov/provider-data/dataset/xubh-q36u,2026-02-25,2026-04-19,Name match in CMS Hospital General Information: UNIVERSITY OF VIRGINIA MEDICAL CENTER associated with UVA Health,0.8,False,html,Dataset: CMS Hospital General Information
SENTARA HALIFAX REGIONAL HOSPITAL,SENTARA HALIFAX REGIONAL HOSPITAL,Sentara Healthcare,SENTARA HEALTHCARE,hospital,SOUTH BOSTON,VA,inferred_idn_relationship,Facility name contains 'SENTARA',CMS Hospital General Information,https://data.cms.gov/provider-data/dataset/xubh-q36u,2026-02-25,2026-04-19,Name match in CMS Hospital General Information: SENTARA HALIFAX REGIONAL HOSPITAL associated with Sentara Healthcare,0.8,False,html,Dataset: CMS Hospital General Information
BON SECOURS MARYVIEW MEDICAL CENTER,BON SECOURS MARYVIEW MEDICAL CENTER,Bon Secours Mercy Health,BON SECOURS MERCY HEALTH,hospital,PORTSMOUTH,VA,inferred_idn_relationship,Facility name contains 'BON SECOURS',CMS Hospital General Information,https://data.cms.gov/provider-data/dataset/xubh-q36u,2026-02-25,2026-04-19,Name match in CMS Hospital General Information: BON SECOURS MARYVIEW MEDICAL CENTER associated with Bon Secours Mercy Health,0.8,False,html,Dataset: CMS Hospital General Information
SENTARA OBICI HOSPITAL,SENTARA OBICI HOSPITAL,Sentara Healthcare,SENTARA HEALTHCARE,hospital,SUFFOLK,VA,inferred_idn_relationship,Facility name contains 'SENTARA',CMS Hospital General Information,https://data.cms.gov/provider-data/dataset/xubh-q36u,2026-02-25,2026-04-19,Name match in CMS Hospital General Information: SENTARA OBICI HOSPITAL associated with Sentara Healthcare,0.8,False,html,Dataset: CMS Hospital General Information
SENTARA LEIGH HOSPITAL,SENTARA LEIGH HOSPITAL,Sentara Healthcare,SENTARA HEALTHCARE,hospital,NORFOLK,VA,inferred_idn_relationship,Facility name contains 'SENTARA',CMS Hospital General Information,https://data.cms.gov/provider-data/dataset/xubh-q36u,2026-02-25,2026-04-19,Name match in CMS Hospital General Information: SENTARA LEIGH HOSPITAL associated with Sentara Healthcare,0.8,False,html,Dataset: CMS Hospital General Information
SENTARA VIRGINIA BEACH GENERAL HOSPITAL,SENTARA VIRGINIA BEACH GENERAL HOSPITAL,Sentara Healthcare,SENTARA HEALTHCARE,hospital,VIRGINIA BEACH,VA,inferred_idn_relationship,Facility name contains 'SENTARA',CMS Hospital General Information,https://data.cms.gov/provider-data/dataset/xubh-q36u,2026-02-25,2026-04-19,Name match in CMS Hospital General Information: SENTARA VIRGINIA BEACH GENERAL HOSPITAL associated with Sentara Healthcare,0.8,False,html,Dataset: CMS Hospital General Information
BON SECOURS ST MARYS HOSPITAL,BON SECOURS ST MARYS HOSPITAL,Bon Secours Mercy Health,BON SECOURS MERCY HEALTH,hospital,RICHMOND,VA,inferred_idn_relationship,Facility name contains 'BON SECOURS',CMS Hospital General Information,https://data.cms.gov/provider-data/dataset/xubh-q36u,2026-02-25,2026-04-19,Name match in CMS Hospital General Information: BON SECOURS ST MARYS HOSPITAL associated with Bon Secours Mercy Health,0.8,False,html,Dataset: CMS Hospital General Information
SENTARA WILLIAMSBURG REGIONAL MEDICAL CENTER,SENTARA WILLIAMSBURG REGIONAL MEDICAL CENTER,Sentara Healthcare,SENTARA HEALTHCARE,hospital,WILLIAMSBURG,VA,inferred_idn_relationship,Facility name contains 'SENTARA',CMS Hospital General Information,https://data.cms.gov/provider-data/dataset/xubh-q36u,2026-02-25,2026-04-19,Name match in CMS Hospital General Information: SENTARA WILLIAMSBURG REGIONAL MEDICAL CENTER associated with Sentara Healthcare,0.8,False,html,Dataset: CMS Hospital General Information
BON SECOURS SOUTHSIDE MEDICAL CENTER,BON SECOURS SOUTHSIDE MEDICAL CENTER,Bon Secours Mercy Health,BON SECOURS MERCY HEALTH,hospital,PETERSBURG,VA,inferred_idn_relationship,Facility name contains 'BON SECOURS',CMS Hospital General Information,https://data.cms.gov/provider-data/dataset/xubh-q36u,2026-02-25,2026-04-19,Name match in CMS Hospital General Information: BON SECOURS SOUTHSIDE MEDICAL CENTER associated with Bon Secours Mercy Health,0.8,False,html,Dataset: CMS Hospital General Information
BON SECOURS MEMORIAL REGIONAL MEDICAL CENTER,BON SECOURS MEMORIAL REGIONAL MEDICAL CENTER,Bon Secours Mercy Health,BON SECOURS MERCY HEALTH,hospital,MECHANICSVILLE,VA,inferred_idn_relationship,Facility name contains 'BON SECOURS',CMS Hospital General Information,https://data.cms.gov/provider-data/dataset/xubh-q36u,2026-02-25,2026-04-19,Name match in CMS Hospital General Information: BON SECOURS MEMORIAL REGIONAL MEDICAL CENTER associated with Bon Secours Mercy Health,0.8,False,html,Dataset: CMS Hospital General Information
SENTARA MARTHA JEFFERSON HOSPITAL,SENTARA MARTHA JEFFERSON HOSPITAL,Sentara Healthcare,SENTARA HEALTHCARE,hospital,CHARLOTTESVILLE,VA,inferred_idn_relationship,Facility name contains 'SENTARA',CMS Hospital General Information,https://data.cms.gov/provider-data/dataset/xubh-q36u,2026-02-25,2026-04-19,Name match in CMS Hospital General Information: SENTARA MARTHA JEFFERSON HOSPITAL associated with Sentara Healthcare,0.8,False,html,Dataset: CMS Hospital General Information
BON SECOURS SOUTHAMPTON MEMORIAL HOSPITAL,BON SECOURS SOUTHAMPTON MEMORIAL HOSPITAL,Bon Secours Mercy Health,BON SECOURS MERCY HEALTH,hospital,FRANKLIN,VA,inferred_idn_relationship,Facility name contains 'BON SECOURS',CMS Hospital General Information,https://data.cms.gov/provider-data/dataset/xubh-q36u,2026-02-25,2026-04-19,Name match in CMS Hospital General Information: BON SECOURS SOUTHAMPTON MEMORIAL HOSPITAL associated with Bon Secours Mercy Health,0.8,False,html,Dataset: CMS Hospital General Information
SENTARA CAREPLEX HOSPITAL,SENTARA CAREPLEX HOSPITAL,Sentara Healthcare,SENTARA HEALTHCARE,hospital,HAMPTON,VA,inferred_idn_relationship,Facility name contains 'SENTARA',CMS Hospital General Information,https://data.cms.gov/provider-data/dataset/xubh-q36u,2026-02-25,2026-04-19,Name match in CMS Hospital General Information: SENTARA CAREPLEX HOSPITAL associated with Sentara Healthcare,0.8,False,html,Dataset: CMS Hospital General Information
BON SECOURS RICHMOND COMMUNITY HOSPITAL,BON SECOURS RICHMOND COMMUNITY HOSPITAL,Bon Secours Mercy Health,BON SECOURS MERCY HEALTH,hospital,RICHMOND,VA,inferred_idn_relationship,Facility name contains 'BON SECOURS',CMS Hospital General Information,https://data.cms.gov/provider-data/dataset/xubh-q36u,2026-02-25,2026-04-19,Name match in CMS Hospital General Information: BON SECOURS RICHMOND COMMUNITY HOSPITAL associated with Bon Secours Mercy Health,0.8,False,html,Dataset: CMS Hospital General Information
BON SECOURS SOUTHERN VIRGINIA MEDICAL CENTER,BON SECOURS SOUTHERN VIRGINIA MEDICAL CENTER,Bon Secours Mercy Health,BON SECOURS MERCY HEALTH,hospital,EMPORIA,VA,inferred_idn_relationship,Facility name contains 'BON SECOURS',CMS Hospital General Information,https://data.cms.gov/provider-data/dataset/xubh-q36u,2026-02-25,2026-04-19,Name match in CMS Hospital General Information: BON SECOURS SOUTHERN VIRGINIA MEDICAL CENTER associated with Bon Secours Mercy Health,0.8,False,html,Dataset: CMS Hospital General Information
SENTARA NORTHERN VIRGINIA MEDICAL CENTER,SENTARA NORTHERN VIRGINIA MEDICAL CENTER,Sentara Healthcare,SENTARA HEALTHCARE,hospital,WOODBRIDGE,VA,inferred_idn_relationship,Facility name contains 'SENTARA',CMS Hospital General Information,https://data.cms.gov/provider-data/dataset/xubh-q36u,2026-02-25,2026-04-19,Name match in CMS Hospital General Information: SENTARA NORTHERN VIRGINIA MEDICAL CENTER associated with Sentara Healthcare,0.8,False,html,Dataset: CMS Hospital General Information
SENTARA PRINCESS ANNE HOSPITAL,SENTARA PRINCESS ANNE HOSPITAL,Sentara Healthcare,SENTARA HEALTHCARE,hospital,VIRGINIA BEACH,VA,inferred_idn_relationship,Facility name contains 'SENTARA',CMS Hospital General Information,https://data.cms.gov/provider-data/dataset/xubh-q36u,2026-02-25,2026-04-19,Name match in CMS Hospital General Information: SENTARA PRINCESS ANNE HOSPITAL associated with Sentara Healthcare,0.8,False,html,Dataset: CMS Hospital General Information
BON SECOURS ST FRANCIS MEDICAL CENTER,BON SECOURS ST FRANCIS MEDICAL CENTER,Bon Secours Mercy Health,BON SECOURS MERCY HEALTH,hospital,MIDLOTHIAN,VA,inferred_idn_relationship,Facility name contains 'BON SECOURS',CMS Hospital General Information,https://data.cms.gov/provider-data/dataset/xubh-q36u,2026-02-25,2026-04-19,Name match in CMS Hospital General Information: BON SECOURS ST FRANCIS MEDICAL CENTER associated with Bon Secours Mercy Health,0.8,False,html,Dataset: CMS Hospital General Information
UNIVERSITY OF WASHINGTON MEDICAL CTR,UNIVERSITY OF WASHINGTON MEDICAL CTR,UW Medicine,UW MEDICINE,hospital,SEATTLE,WA,inferred_idn_relationship,Facility name contains 'UNIVERSITY OF WASHINGTON',CMS Hospital General Information,https://data.cms.gov/provider-data/dataset/xubh-q36u,2026-02-25,2026-04-19,Name match in CMS Hospital General Information: UNIVERSITY OF WASHINGTON MEDICAL CTR associated with UW Medicine,0.8,False,html,Dataset: CMS Hospital General Information
PROVIDENCE REGIONAL MEDICAL CENTER EVERETT,PROVIDENCE REGIONAL MEDICAL CENTER EVERETT,Providence,PROVIDENCE,hospital,EVERETT,WA,inferred_idn_relationship,Facility name contains 'PROVIDENCE ',CMS Hospital General Information,https://data.cms.gov/provider-data/dataset/xubh-q36u,2026-02-25,2026-04-19,Name match in CMS Hospital General Information: PROVIDENCE REGIONAL MEDICAL CENTER EVERETT associated with Providence,0.8,False,html,Dataset: CMS Hospital General Information
PROVIDENCE CENTRALIA HOSPITAL,PROVIDENCE CENTRALIA HOSPITAL,Providence,PROVIDENCE,hospital,CENTRALIA,WA,inferred_idn_relationship,Facility name contains 'PROVIDENCE ',CMS Hospital General Information,https://data.cms.gov/provider-data/dataset/xubh-q36u,2026-02-25,2026-04-19,Name match in CMS Hospital General Information: PROVIDENCE CENTRALIA HOSPITAL associated with Providence,0.8,False,html,Dataset: CMS Hospital General Information
PROVIDENCE ST PETER HOSPITAL,PROVIDENCE ST PETER HOSPITAL,Providence,PROVIDENCE,hospital,OLYMPIA,WA,inferred_idn_relationship,Facility name contains 'PROVIDENCE ',CMS Hospital General Information,https://data.cms.gov/provider-data/dataset/xubh-q36u,2026-02-25,2026-04-19,Name match in CMS Hospital General Information: PROVIDENCE ST PETER HOSPITAL associated with Providence,0.8,False,html,Dataset: CMS Hospital General Information
KAISER PERMANENTE CENTRAL HOSPITAL,KAISER PERMANENTE CENTRAL HOSPITAL,Kaiser Permanente,KAISER PERMANENTE,hospital,SEATTLE,WA,inferred_idn_relationship,Facility name contains 'KAISER ',CMS Hospital General Information,https://data.cms.gov/provider-data/dataset/xubh-q36u,2026-02-25,2026-04-19,Name match in CMS Hospital General Information: KAISER PERMANENTE CENTRAL HOSPITAL associated with Kaiser Permanente,0.8,False,html,Dataset: CMS Hospital General Information
PROVIDENCE HOLY FAMILY HOSPITAL,PROVIDENCE HOLY FAMILY HOSPITAL,Providence,PROVIDENCE,hospital,SPOKANE,WA,inferred_idn_relationship,Facility name contains 'PROVIDENCE ',CMS Hospital General Information,https://data.cms.gov/provider-data/dataset/xubh-q36u,2026-02-25,2026-04-19,Name match in CMS Hospital General Information: PROVIDENCE HOLY FAMILY HOSPITAL associated with Providence,0.8,False,html,Dataset: CMS Hospital General Information
JEFFERSON HEALTHCARE,JEFFERSON HEALTHCARE,Jefferson Health,JEFFERSON HEALTH,hospital,PORT TOWNSEND,WA,inferred_idn_relationship,Facility name contains 'JEFFERSON HEALTH',CMS Hospital General Information,https://data.cms.gov/provider-data/dataset/xubh-q36u,2026-02-25,2026-04-19,Name match in CMS Hospital General Information: JEFFERSON HEALTHCARE associated with Jefferson Health,0.8,False,html,Dataset: CMS Hospital General Information
PROVIDENCE MOUNT CARMEL HOSPITAL,PROVIDENCE MOUNT CARMEL HOSPITAL,Providence,PROVIDENCE,hospital,COLVILLE,WA,inferred_idn_relationship,Facility name contains 'PROVIDENCE ',CMS Hospital General Information,https://data.cms.gov/provider-data/dataset/xubh-q36u,2026-02-25,2026-04-19,Name match in CMS Hospital General Information: PROVIDENCE MOUNT CARMEL HOSPITAL associated with Providence,0.8,False,html,Dataset: CMS Hospital General Information
MAYO CLINIC HEALTH SYSTEM-FRANCISCAN MEDICAL CENTER INC,MAYO CLINIC HEALTH SYSTEM-FRANCISCAN MEDICAL CENTER INC,Mayo Clinic,MAYO CLINIC,hospital,LA CROSSE,WI,inferred_idn_relationship,Facility name contains 'MAYO CLINIC',CMS Hospital General Information,https://data.cms.gov/provider-data/dataset/xubh-q36u,2026-02-25,2026-04-19,Name match in CMS Hospital General Information: MAYO CLINIC HEALTH SYSTEM-FRANCISCAN MEDICAL CENTER INC associated with Mayo Clinic,0.8,False,html,Dataset: CMS Hospital General Information
ASCENSION NE WISCONSIN - ST ELIZABETH CAMPUS,ASCENSION NE WISCONSIN - ST ELIZABETH CAMPUS,Ascension,ASCENSION,hospital,APPLETON,WI,inferred_idn_relationship,Facility name contains 'ASCENSION',CMS Hospital General Information,https://data.cms.gov/provider-data/dataset/xubh-q36u,2026-02-25,2026-04-19,Name match in CMS Hospital General Information: ASCENSION NE WISCONSIN - ST ELIZABETH CAMPUS associated with Ascension,0.8,False,html,Dataset: CMS Hospital General Information
FROEDTERT SOUTH INC.,FROEDTERT SOUTH INC.,Froedtert Health,FROEDTERT HEALTH,hospital,KENOSHA,WI,inferred_idn_relationship,Facility name contains 'FROEDTERT',CMS Hospital General Information,https://data.cms.gov/provider-data/dataset/xubh-q36u,2026-02-25,2026-04-19,Name match in CMS Hospital General Information: FROEDTERT SOUTH INC. associated with Froedtert Health,0.8,False,html,Dataset: CMS Hospital General Information
ASCENSION COLUMBIA ST MARYS HOSPITAL MILWAUKEE,ASCENSION COLUMBIA ST MARYS HOSPITAL MILWAUKEE,Ascension,ASCENSION,hospital,MILWAUKEE,WI,inferred_idn_relationship,Facility name contains 'ASCENSION',CMS Hospital General Information,https://data.cms.gov/provider-data/dataset/xubh-q36u,2026-02-25,2026-04-19,Name match in CMS Hospital General Information: ASCENSION COLUMBIA ST MARYS HOSPITAL MILWAUKEE associated with Ascension,0.8,False,html,Dataset: CMS Hospital General Information
MERCY HEALTH SYSTEM CORP,MERCY HEALTH SYSTEM CORP,Mercy,MERCY,hospital,JANESVILLE,WI,inferred_idn_relationship,Facility name contains 'MERCY ',CMS Hospital General Information,https://data.cms.gov/provider-data/dataset/xubh-q36u,2026-02-25,2026-04-19,Name match in CMS Hospital General Information: MERCY HEALTH SYSTEM CORP associated with Mercy,0.8,False,html,Dataset: CMS Hospital General Information
MAYO CLINIC HEALTH SYSTEM EAU CLAIRE HOSPITAL,MAYO CLINIC HEALTH SYSTEM EAU CLAIRE HOSPITAL,Mayo Clinic,MAYO CLINIC,hospital,EAU CLAIRE,WI,inferred_idn_relationship,Facility name contains 'MAYO CLINIC',CMS Hospital General Information,https://data.cms.gov/provider-data/dataset/xubh-q36u,2026-02-25,2026-04-19,Name match in CMS Hospital General Information: MAYO CLINIC HEALTH SYSTEM EAU CLAIRE HOSPITAL associated with Mayo Clinic,0.8,False,html,Dataset: CMS Hospital General Information
ASCENSION ST FRANCIS HOSPITAL,ASCENSION ST FRANCIS HOSPITAL,Ascension,ASCENSION,hospital,MILWAUKEE,WI,inferred_idn_relationship,Facility name contains 'ASCENSION',CMS Hospital General Information,https://data.cms.gov/provider-data/dataset/xubh-q36u,2026-02-25,2026-04-19,Name match in CMS Hospital General Information: ASCENSION ST FRANCIS HOSPITAL associated with Ascension,0.8,False,html,Dataset: CMS Hospital General Information
ASCENSION ALL SAINTS HOSPITAL,ASCENSION ALL SAINTS HOSPITAL,Ascension,ASCENSION,hospital,RACINE,WI,inferred_idn_relationship,Facility name contains 'ASCENSION',CMS Hospital General Information,https://data.cms.gov/provider-data/dataset/xubh-q36u,2026-02-25,2026-04-19,Name match in CMS Hospital General Information: ASCENSION ALL SAINTS HOSPITAL associated with Ascension,0.8,False,html,Dataset: CMS Hospital General Information
ASCENSION SE WISCONSIN HOSPITAL,ASCENSION SE WISCONSIN HOSPITAL,Ascension,ASCENSION,hospital,MILWAUKEE,WI,inferred_idn_relationship,Facility name contains 'ASCENSION',CMS Hospital General Information,https://data.cms.gov/provider-data/dataset/xubh-q36u,2026-02-25,2026-04-19,Name match in CMS Hospital General Information: ASCENSION SE WISCONSIN HOSPITAL associated with Ascension,0.8,False,html,Dataset: CMS Hospital General Information
FROEDTERT MEMORIAL LUTHERAN HOSPITAL,FROEDTERT MEMORIAL LUTHERAN HOSPITAL,Froedtert Health,FROEDTERT HEALTH,hospital,MILWAUKEE,WI,inferred_idn_relationship,Facility name contains 'FROEDTERT',CMS Hospital General Information,https://data.cms.gov/provider-data/dataset/xubh-q36u,2026-02-25,2026-04-19,Name match in CMS Hospital General Information: FROEDTERT MEMORIAL LUTHERAN HOSPITAL associated with Froedtert Health,0.8,False,html,Dataset: CMS Hospital General Information
FROEDTERT COMMUNITY HOSPITAL,FROEDTERT COMMUNITY HOSPITAL,Froedtert Health,FROEDTERT HEALTH,hospital,NEW BERLIN,WI,inferred_idn_relationship,Facility name contains 'FROEDTERT',CMS Hospital General Information,https://data.cms.gov/provider-data/dataset/xubh-q36u,2026-02-25,2026-04-19,Name match in CMS Hospital General Information: FROEDTERT COMMUNITY HOSPITAL associated with Froedtert Health,0.8,False,html,Dataset: CMS Hospital General Information
ASCENSION WISCONSIN HOSP MENOMONEE FALLS CAMPUS,ASCENSION WISCONSIN HOSP MENOMONEE FALLS CAMPUS,Ascension,ASCENSION,hospital,MENOMONEE FALLS,WI,inferred_idn_relationship,Facility name contains 'ASCENSION',CMS Hospital General Information,https://data.cms.gov/provider-data/dataset/xubh-q36u,2026-02-25,2026-04-19,Name match in CMS Hospital General Information: ASCENSION WISCONSIN HOSP MENOMONEE FALLS CAMPUS associated with Ascension,0.8,False,html,Dataset: CMS Hospital General Information
MAYO CLINIC HEALTH SYSTEM OAKRIDGE,MAYO CLINIC HEALTH SYSTEM OAKRIDGE,Mayo Clinic,MAYO CLINIC,hospital,OSSEO,WI,inferred_idn_relationship,Facility name contains 'MAYO CLINIC',CMS Hospital General Information,https://data.cms.gov/provider-data/dataset/xubh-q36u,2026-02-25,2026-04-19,Name match in CMS Hospital General Information: MAYO CLINIC HEALTH SYSTEM OAKRIDGE associated with Mayo Clinic,0.8,False,html,Dataset: CMS Hospital General Information
MAYO CLINIC HLTH SYSTM FRANCISCAN HLTHCARE SPARTA,MAYO CLINIC HLTH SYSTM FRANCISCAN HLTHCARE SPARTA,Mayo Clinic,MAYO CLINIC,hospital,SPARTA,WI,inferred_idn_relationship,Facility name contains 'MAYO CLINIC',CMS Hospital General Information,https://data.cms.gov/provider-data/dataset/xubh-q36u,2026-02-25,2026-04-19,Name match in CMS Hospital General Information: MAYO CLINIC HLTH SYSTM FRANCISCAN HLTHCARE SPARTA associated with Mayo Clinic,0.8,False,html,Dataset: CMS Hospital General Information
MAYO CLINIC HEALTH SYSTEM CHIPPEWA VALLEY,MAYO CLINIC HEALTH SYSTEM CHIPPEWA VALLEY,Mayo Clinic,MAYO CLINIC,hospital,BLOOMER,WI,inferred_idn_relationship,Facility name contains 'MAYO CLINIC',CMS Hospital General Information,https://data.cms.gov/provider-data/dataset/xubh-q36u,2026-02-25,2026-04-19,Name match in CMS Hospital General Information: MAYO CLINIC HEALTH SYSTEM CHIPPEWA VALLEY associated with Mayo Clinic,0.8,False,html,Dataset: CMS Hospital General Information
MAYO CLINIC HEALTH SYSTEM-NORTHLAND,MAYO CLINIC HEALTH SYSTEM-NORTHLAND,Mayo Clinic,MAYO CLINIC,hospital,BARRON,WI,inferred_idn_relationship,Facility name contains 'MAYO CLINIC',CMS Hospital General Information,https://data.cms.gov/provider-data/dataset/xubh-q36u,2026-02-25,2026-04-19,Name match in CMS Hospital General Information: MAYO CLINIC HEALTH SYSTEM-NORTHLAND associated with Mayo Clinic,0.8,False,html,Dataset: CMS Hospital General Information
ASCENSION CALUMET HOSPITAL,ASCENSION CALUMET HOSPITAL,Ascension,ASCENSION,hospital,CHILTON,WI,inferred_idn_relationship,Facility name contains 'ASCENSION',CMS Hospital General Information,https://data.cms.gov/provider-data/dataset/xubh-q36u,2026-02-25,2026-04-19,Name match in CMS Hospital General Information: ASCENSION CALUMET HOSPITAL associated with Ascension,0.8,False,html,Dataset: CMS Hospital General Information
MAYO CLINIC HEALTH SYSTEM-RED CEDAR INC,MAYO CLINIC HEALTH SYSTEM-RED CEDAR INC,Mayo Clinic,MAYO CLINIC,hospital,MENOMONIE,WI,inferred_idn_relationship,Facility name contains 'MAYO CLINIC',CMS Hospital General Information,https://data.cms.gov/provider-data/dataset/xubh-q36u,2026-02-25,2026-04-19,Name match in CMS Hospital General Information: MAYO CLINIC HEALTH SYSTEM-RED CEDAR INC associated with Mayo Clinic,0.8,False,html,Dataset: CMS Hospital General Information
MERCY WALWORTH HOSPITAL & MEDICAL CENTER,MERCY WALWORTH HOSPITAL & MEDICAL CENTER,Mercy,MERCY,hospital,LAKE GENEVA,WI,inferred_idn_relationship,Facility name contains 'MERCY ',CMS Hospital General Information,https://data.cms.gov/provider-data/dataset/xubh-q36u,2026-02-25,2026-04-19,Name match in CMS Hospital General Information: MERCY WALWORTH HOSPITAL & MEDICAL CENTER associated with Mercy,0.8,False,html,Dataset: CMS Hospital General Information
MEMORIAL HERMANN SURGICAL HOSPITAL KINGWOOD,MEMORIAL HERMANN SURGICAL HOSPITAL KINGWOOD,Memorial Hermann Health System,MEMORIAL HERMANN HEALTH SYSTEM,hospital,KINGWOOD,TX,inferred_idn_relationship,Facility name contains 'MEMORIAL HERMANN',CMS Hospital General Information,https://data.cms.gov/provider-data/dataset/xubh-q36u,2026-02-25,2026-04-19,Name match in CMS Hospital General Information: MEMORIAL HERMANN SURGICAL HOSPITAL KINGWOOD associated with Memorial Hermann Health System,0.8,False,html,Dataset: CMS Hospital General Information
MEMORIAL HERMANN HOUSTON PHYSICIANS HOSPITAL,MEMORIAL HERMANN HOUSTON PHYSICIANS HOSPITAL,Memorial Hermann Health System,MEMORIAL HERMANN HEALTH SYSTEM,hospital,WEBSTER,TX,inferred_idn_relationship,Facility name contains 'MEMORIAL HERMANN',CMS Hospital General Information,https://data.cms.gov/provider-data/dataset/xubh-q36u,2026-02-25,2026-04-19,Name match in CMS Hospital General Information: MEMORIAL HERMANN HOUSTON PHYSICIANS HOSPITAL associated with Memorial Hermann Health System,0.8,False,html,Dataset: CMS Hospital General Information
METHODIST MANSFIELD MEDICAL CENTER,METHODIST MANSFIELD MEDICAL CENTER,Methodist Health System,METHODIST HEALTH SYSTEM,hospital,MANSFIELD,TX,inferred_idn_relationship,Facility name contains 'METHODIST ',CMS Hospital General Information,https://data.cms.gov/provider-data/dataset/xubh-q36u,2026-02-25,2026-04-19,Name match in CMS Hospital General Information: METHODIST MANSFIELD MEDICAL CENTER associated with Methodist Health System,0.8,False,html,Dataset: CMS Hospital General Information
BAYLOR SCOTT & WHITE THE HEART HOSPITAL PLANO,BAYLOR SCOTT & WHITE THE HEART HOSPITAL PLANO,Baylor Scott & White Health,BAYLOR SCOTT & WHITE HEALTH,hospital,PLANO,TX,inferred_idn_relationship,Facility name contains 'BAYLOR SCOTT & WHITE',CMS Hospital General Information,https://data.cms.gov/provider-data/dataset/xubh-q36u,2026-02-25,2026-04-19,Name match in CMS Hospital General Information: BAYLOR SCOTT & WHITE THE HEART HOSPITAL PLANO associated with Baylor Scott & White Health,0.8,False,html,Dataset: CMS Hospital General Information
BAYLOR SCOTT & WHITE MEDICAL CENTER - ROUND ROCK,BAYLOR SCOTT & WHITE MEDICAL CENTER - ROUND ROCK,Baylor Scott & White Health,BAYLOR SCOTT & WHITE HEALTH,hospital,ROUND ROCK,TX,inferred_idn_relationship,Facility name contains 'BAYLOR SCOTT & WHITE',CMS Hospital General Information,https://data.cms.gov/provider-data/dataset/xubh-q36u,2026-02-25,2026-04-19,Name match in CMS Hospital General Information: BAYLOR SCOTT & WHITE MEDICAL CENTER - ROUND ROCK associated with Baylor Scott & White Health,0.8,False,html,Dataset: CMS Hospital General Information
ASCENSION SETON WILLIAMSON,ASCENSION SETON WILLIAMSON,Ascension,ASCENSION,hospital,ROUND ROCK,TX,inferred_idn_relationship,Facility name contains 'ASCENSION',CMS Hospital General Information,https://data.cms.gov/provider-data/dataset/xubh-q36u,2026-02-25,2026-04-19,Name match in CMS Hospital General Information: ASCENSION SETON WILLIAMSON associated with Ascension,0.8,False,html,Dataset: CMS Hospital General Information
TEXAS HEALTH PRESBYTERIAN HOSPITAL ROCKWALL,TEXAS HEALTH PRESBYTERIAN HOSPITAL ROCKWALL,Presbyterian Healthcare Services,PRESBYTERIAN HEALTHCARE SERVICES,hospital,ROCKWALL,TX,inferred_idn_relationship,Facility name contains 'PRESBYTERIAN ',CMS Hospital General Information,https://data.cms.gov/provider-data/dataset/xubh-q36u,2026-02-25,2026-04-19,Name match in CMS Hospital General Information: TEXAS HEALTH PRESBYTERIAN HOSPITAL ROCKWALL associated with Presbyterian Healthcare Services,0.8,False,html,Dataset: CMS Hospital General Information
THE HOSPITALS OF PROVIDENCE - EAST CAMPUS,THE HOSPITALS OF PROVIDENCE - EAST CAMPUS,Providence,PROVIDENCE,hospital,EL PASO,TX,inferred_idn_relationship,Facility name contains 'PROVIDENCE ',CMS Hospital General Information,https://data.cms.gov/provider-data/dataset/xubh-q36u,2026-02-25,2026-04-19,Name match in CMS Hospital General Information: THE HOSPITALS OF PROVIDENCE - EAST CAMPUS associated with Providence,0.8,False,html,Dataset: CMS Hospital General Information
METHODIST HOSPITAL  STONE OAK,METHODIST HOSPITAL  STONE OAK,Methodist Health System,METHODIST HEALTH SYSTEM,hospital,SAN ANTONIO,TX,inferred_idn_relationship,Facility name contains 'METHODIST ',CMS Hospital General Information,https://data.cms.gov/provider-data/dataset/xubh-q36u,2026-02-25,2026-04-19,Name match in CMS Hospital General Information: METHODIST HOSPITAL  STONE OAK associated with Methodist Health System,0.8,False,html,Dataset: CMS Hospital General Information
ASCENSION  SETON HAYS,ASCENSION  SETON HAYS,Ascension,ASCENSION,hospital,KYLE,TX,inferred_idn_relationship,Facility name contains 'ASCENSION',CMS Hospital General Information,https://data.cms.gov/provider-data/dataset/xubh-q36u,2026-02-25,2026-04-19,Name match in CMS Hospital General Information: ASCENSION  SETON HAYS associated with Ascension,0.8,False,html,Dataset: CMS Hospital General Information
TEXAS HEALTH PRESBYTERIAN HOSPITAL FLOWER MOUND,TEXAS HEALTH PRESBYTERIAN HOSPITAL FLOWER MOUND,Presbyterian Healthcare Services,PRESBYTERIAN HEALTHCARE SERVICES,hospital,FLOWER MOUND,TX,inferred_idn_relationship,Facility name contains 'PRESBYTERIAN ',CMS Hospital General Information,https://data.cms.gov/provider-data/dataset/xubh-q36u,2026-02-25,2026-04-19,Name match in CMS Hospital General Information: TEXAS HEALTH PRESBYTERIAN HOSPITAL FLOWER MOUND associated with Presbyterian Healthcare Services,0.8,False,html,Dataset: CMS Hospital General Information
METHODIST MCKINNEY HOSPITAL,METHODIST MCKINNEY HOSPITAL,Methodist Health System,METHODIST HEALTH SYSTEM,hospital,MCKINNEY,TX,inferred_idn_relationship,Facility name contains 'METHODIST ',CMS Hospital General Information,https://data.cms.gov/provider-data/dataset/xubh-q36u,2026-02-25,2026-04-19,Name match in CMS Hospital General Information: METHODIST MCKINNEY HOSPITAL associated with Methodist Health System,0.8,False,html,Dataset: CMS Hospital General Information
METHODIST HOSPITAL FOR SURGERY,METHODIST HOSPITAL FOR SURGERY,Methodist Health System,METHODIST HEALTH SYSTEM,hospital,ADDISON,TX,inferred_idn_relationship,Facility name contains 'METHODIST ',CMS Hospital General Information,https://data.cms.gov/provider-data/dataset/xubh-q36u,2026-02-25,2026-04-19,Name match in CMS Hospital General Information: METHODIST HOSPITAL FOR SURGERY associated with Methodist Health System,0.8,False,html,Dataset: CMS Hospital General Information
HOUSTON METHODIST WEST HOSPITAL,HOUSTON METHODIST WEST HOSPITAL,Methodist Health System,METHODIST HEALTH SYSTEM,hospital,HOUSTON,TX,inferred_idn_relationship,Facility name contains 'METHODIST ',CMS Hospital General Information,https://data.cms.gov/provider-data/dataset/xubh-q36u,2026-02-25,2026-04-19,Name match in CMS Hospital General Information: HOUSTON METHODIST WEST HOSPITAL associated with Methodist Health System,0.8,False,html,Dataset: CMS Hospital General Information
TEXAS HEALTH HARRIS METHODIST HOSPITAL ALLIANCE,TEXAS HEALTH HARRIS METHODIST HOSPITAL ALLIANCE,Methodist Health System,METHODIST HEALTH SYSTEM,hospital,FORT WORTH,TX,inferred_idn_relationship,Facility name contains 'METHODIST ',CMS Hospital General Information,https://data.cms.gov/provider-data/dataset/xubh-q36u,2026-02-25,2026-04-19,Name match in CMS Hospital General Information: TEXAS HEALTH HARRIS METHODIST HOSPITAL ALLIANCE associated with Methodist Health System,0.8,False,html,Dataset: CMS Hospital General Information
BAYLOR SCOTT & WHITE MEDICAL CENTER- COLLEGE STATI,BAYLOR SCOTT & WHITE MEDICAL CENTER- COLLEGE STATI,Baylor Scott & White Health,BAYLOR SCOTT & WHITE HEALTH,hospital,COLLEGE STATION,TX,inferred_idn_relationship,Facility name contains 'BAYLOR SCOTT & WHITE',CMS Hospital General Information,https://data.cms.gov/provider-data/dataset/xubh-q36u,2026-02-25,2026-04-19,Name match in CMS Hospital General Information: BAYLOR SCOTT & WHITE MEDICAL CENTER- COLLEGE STATI associated with Baylor Scott & White Health,0.8,False,html,Dataset: CMS Hospital General Information
HCA HOUSTON HEALTHCARE PEARLAND,HCA HOUSTON HEALTHCARE PEARLAND,HCA Healthcare,HCA HEALTHCARE,hospital,PEARLAND,TX,health_system_owned,Facility name contains 'HCA ',CMS Hospital General Information,https://data.cms.gov/provider-data/dataset/xubh-q36u,2026-02-25,2026-04-19,Name match in CMS Hospital General Information: HCA HOUSTON HEALTHCARE PEARLAND associated with HCA Healthcare,0.9,False,html,Dataset: CMS Hospital General Information
BAYLOR SCOTT & WHITE MEDICAL CENTER - MARBLE FALLS,BAYLOR SCOTT & WHITE MEDICAL CENTER - MARBLE FALLS,Baylor Scott & White Health,BAYLOR SCOTT & WHITE HEALTH,hospital,MARBLE FALLS,TX,inferred_idn_relationship,Facility name contains 'BAYLOR SCOTT & WHITE',CMS Hospital General Information,https://data.cms.gov/provider-data/dataset/xubh-q36u,2026-02-25,2026-04-19,Name match in CMS Hospital General Information: BAYLOR SCOTT & WHITE MEDICAL CENTER - MARBLE FALLS associated with Baylor Scott & White Health,0.8,False,html,Dataset: CMS Hospital General Information
THE HOSPITALS OF PROVIDENCE TRANSMOUNTAIN CAMPUS,THE HOSPITALS OF PROVIDENCE TRANSMOUNTAIN CAMPUS,Providence,PROVIDENCE,hospital,EL PASO,TX,inferred_idn_relationship,Facility name contains 'PROVIDENCE ',CMS Hospital General Information,https://data.cms.gov/provider-data/dataset/xubh-q36u,2026-02-25,2026-04-19,Name match in CMS Hospital General Information: THE HOSPITALS OF PROVIDENCE TRANSMOUNTAIN CAMPUS associated with Providence,0.8,False,html,Dataset: CMS Hospital General Information
HOUSTON METHODIST THE WOODLANDS HOSPITAL,HOUSTON METHODIST THE WOODLANDS HOSPITAL,Methodist Health System,METHODIST HEALTH SYSTEM,hospital,THE WOODLANDS,TX,inferred_idn_relationship,Facility name contains 'METHODIST ',CMS Hospital General Information,https://data.cms.gov/provider-data/dataset/xubh-q36u,2026-02-25,2026-04-19,Name match in CMS Hospital General Information: HOUSTON METHODIST THE WOODLANDS HOSPITAL associated with Methodist Health System,0.8,False,html,Dataset: CMS Hospital General Information
THE HOSPITALS OF PROVIDENCE HORIZON CITY CAMPUS,THE HOSPITALS OF PROVIDENCE HORIZON CITY CAMPUS,Providence,PROVIDENCE,hospital,HORIZON CITY,TX,inferred_idn_relationship,Facility name contains 'PROVIDENCE ',CMS Hospital General Information,https://data.cms.gov/provider-data/dataset/xubh-q36u,2026-02-25,2026-04-19,Name match in CMS Hospital General Information: THE HOSPITALS OF PROVIDENCE HORIZON CITY CAMPUS associated with Providence,0.8,False,html,Dataset: CMS Hospital General Information
BAYLOR SCOTT & WHITE MEDICAL CENTER PFLUGERVILLE,BAYLOR SCOTT & WHITE MEDICAL CENTER PFLUGERVILLE,Baylor Scott & White Health,BAYLOR SCOTT & WHITE HEALTH,hospital,PFLUGERVILLE,TX,inferred_idn_relationship,Facility name contains 'BAYLOR SCOTT & WHITE',CMS Hospital General Information,https://data.cms.gov/provider-data/dataset/xubh-q36u,2026-02-25,2026-04-19,Name match in CMS Hospital General Information: BAYLOR SCOTT & WHITE MEDICAL CENTER PFLUGERVILLE associated with Baylor Scott & White Health,0.8,False,html,Dataset: CMS Hospital General Information
BAYLOR SCOTT & WHITE MEDICAL CENTER - BUDA,BAYLOR SCOTT & WHITE MEDICAL CENTER - BUDA,Baylor Scott & White Health,BAYLOR SCOTT & WHITE HEALTH,hospital,BUDA,TX,inferred_idn_relationship,Facility name contains 'BAYLOR SCOTT & WHITE',CMS Hospital General Information,https://data.cms.gov/provider-data/dataset/xubh-q36u,2026-02-25,2026-04-19,Name match in CMS Hospital General Information: BAYLOR SCOTT & WHITE MEDICAL CENTER - BUDA associated with Baylor Scott & White Health,0.8,False,html,Dataset: CMS Hospital General Information
METHODIST SOUTHLAKE MEDICAL CENTER,METHODIST SOUTHLAKE MEDICAL CENTER,Methodist Health System,METHODIST HEALTH SYSTEM,hospital,SOUTHLAKE,TX,inferred_idn_relationship,Facility name contains 'METHODIST ',CMS Hospital General Information,https://data.cms.gov/provider-data/dataset/xubh-q36u,2026-02-25,2026-04-19,Name match in CMS Hospital General Information: METHODIST SOUTHLAKE MEDICAL CENTER associated with Methodist Health System,0.8,False,html,Dataset: CMS Hospital General Information
BAYLOR SCOTT & WHITE MEDICAL CENTER- AUSTIN,BAYLOR SCOTT & WHITE MEDICAL CENTER- AUSTIN,Baylor Scott & White Health,BAYLOR SCOTT & WHITE HEALTH,hospital,AUSTIN,TX,inferred_idn_relationship,Facility name contains 'BAYLOR SCOTT & WHITE',CMS Hospital General Information,https://data.cms.gov/provider-data/dataset/xubh-q36u,2026-02-25,2026-04-19,Name match in CMS Hospital General Information: BAYLOR SCOTT & WHITE MEDICAL CENTER- AUSTIN associated with Baylor Scott & White Health,0.8,False,html,Dataset: CMS Hospital General Information
METHODIST MIDLOTHIAN MEDICAL CENTER,METHODIST MIDLOTHIAN MEDICAL CENTER,Methodist Health System,METHODIST HEALTH SYSTEM,hospital,MIDLOTHIAN,TX,inferred_idn_relationship,Facility name contains 'METHODIST ',CMS Hospital General Information,https://data.cms.gov/provider-data/dataset/xubh-q36u,2026-02-25,2026-04-19,Name match in CMS Hospital General Information: METHODIST MIDLOTHIAN MEDICAL CENTER associated with Methodist Health System,0.8,False,html,Dataset: CMS Hospital General Information
UT HEALTH SAN ANTONIO MULTISPECIALTY & RESEARCH HO,UT HEALTH SAN ANTONIO MULTISPECIALTY & RESEARCH HO,UT Health,UT HEALTH,hospital,SAN ANTONIO,TX,inferred_idn_relationship,Facility name contains 'UT HEALTH',CMS Hospital General Information,https://data.cms.gov/provider-data/dataset/xubh-q36u,2026-02-25,2026-04-19,Name match in CMS Hospital General Information: UT HEALTH SAN ANTONIO MULTISPECIALTY & RESEARCH HO associated with UT Health,0.8,False,html,Dataset: CMS Hospital General Information
METHODIST CELINA MEDICAL CENTER,METHODIST CELINA MEDICAL CENTER,Methodist Health System,METHODIST HEALTH SYSTEM,hospital,CELINA,TX,inferred_idn_relationship,Facility name contains 'METHODIST ',CMS Hospital General Information,https://data.cms.gov/provider-data/dataset/xubh-q36u,2026-02-25,2026-04-19,Name match in CMS Hospital General Information: METHODIST CELINA MEDICAL CENTER associated with Methodist Health System,0.8,False,html,Dataset: CMS Hospital General Information
HOUSTON METHODIST CYPRESS HOSPITAL,HOUSTON METHODIST CYPRESS HOSPITAL,Methodist Health System,METHODIST HEALTH SYSTEM,hospital,CYPRESS,TX,inferred_idn_relationship,Facility name contains 'METHODIST ',CMS Hospital General Information,https://data.cms.gov/provider-data/dataset/xubh-q36u,2026-02-25,2026-04-19,Name match in CMS Hospital General Information: HOUSTON METHODIST CYPRESS HOSPITAL associated with Methodist Health System,0.8,False,html,Dataset: CMS Hospital General Information
ENCOMPASS HEALTH LAKESHORE REHABILITATION HOSPITAL,ENCOMPASS HEALTH LAKESHORE REHABILITATION HOSPITAL,Encompass Health,ENCOMPASS HEALTH,IRF,BIRMINGHAM,AL,inferred_idn_relationship,Facility name contains 'ENCOMPASS HEALTH',CMS Inpatient Rehabilitation Facility - General Information,https://data.cms.gov/provider-data/dataset/7t8x-u3ir,2026-02-25,2026-04-19,Name match in CMS Inpatient Rehabilitation Facility - General Information: ENCOMPASS HEALTH LAKESHORE REHABILITATION HOSPITAL associated with Encompass Health,0.8,False,html,Dataset: CMS Inpatient Rehabilitation Facility - General Information
ENCOMPASS HEALTH REHABILITATION HOSPITAL NORTH AL,ENCOMPASS HEALTH REHABILITATION HOSPITAL NORTH AL,Encompass Health,ENCOMPASS HEALTH,IRF,HUNTSVILLE,AL,inferred_idn_relationship,Facility name contains 'ENCOMPASS HEALTH',CMS Inpatient Rehabilitation Facility - General Information,https://data.cms.gov/provider-data/dataset/7t8x-u3ir,2026-02-25,2026-04-19,Name match in CMS Inpatient Rehabilitation Facility - General Information: ENCOMPASS HEALTH REHABILITATION HOSPITAL NORTH AL associated with Encompass Health,0.8,False,html,Dataset: CMS Inpatient Rehabilitation Facility - General Information
ENCOMPASS HEALTH REHABILITATION HOSPITAL OF DOTHAN,ENCOMPASS HEALTH REHABILITATION HOSPITAL OF DOTHAN,Encompass Health,ENCOMPASS HEALTH,IRF,DOTHAN,AL,inferred_idn_relationship,Facility name contains 'ENCOMPASS HEALTH',CMS Inpatient Rehabilitation Facility - General Information,https://data.cms.gov/provider-data/dataset/7t8x-u3ir,2026-02-25,2026-04-19,Name match in CMS Inpatient Rehabilitation Facility - General Information: ENCOMPASS HEALTH REHABILITATION HOSPITAL OF DOTHAN associated with Encompass Health,0.8,False,html,Dataset: CMS Inpatient Rehabilitation Facility - General Information
ENCOMPASS HEALTH REHABILITATION HOSPITAL OF SHELBY,ENCOMPASS HEALTH REHABILITATION HOSPITAL OF SHELBY,Encompass Health,ENCOMPASS HEALTH,IRF,PELHAM,AL,inferred_idn_relationship,Facility name contains 'ENCOMPASS HEALTH',CMS Inpatient Rehabilitation Facility - General Information,https://data.cms.gov/provider-data/dataset/7t8x-u3ir,2026-02-25,2026-04-19,Name match in CMS Inpatient Rehabilitation Facility - General Information: ENCOMPASS HEALTH REHABILITATION HOSPITAL OF SHELBY associated with Encompass Health,0.8,False,html,Dataset: CMS Inpatient Rehabilitation Facility - General Information
ENCOMPASS HEALTH REHABILITATION HOSPITAL GADSDEN,ENCOMPASS HEALTH REHABILITATION HOSPITAL GADSDEN,Encompass Health,ENCOMPASS HEALTH,IRF,GADSDEN,AL,inferred_idn_relationship,Facility name contains 'ENCOMPASS HEALTH',CMS Inpatient Rehabilitation Facility - General Information,https://data.cms.gov/provider-data/dataset/7t8x-u3ir,2026-02-25,2026-04-19,Name match in CMS Inpatient Rehabilitation Facility - General Information: ENCOMPASS HEALTH REHABILITATION HOSPITAL GADSDEN associated with Encompass Health,0.8,False,html,Dataset: CMS Inpatient Rehabilitation Facility - General Information
ENCOMPASS HEALTH REHAB HOSPITAL OF SCOTTSDALE,ENCOMPASS HEALTH REHAB HOSPITAL OF SCOTTSDALE,Encompass Health,ENCOMPASS HEALTH,IRF,SCOTTSDALE,AZ,inferred_idn_relationship,Facility name contains 'ENCOMPASS HEALTH',CMS Inpatient Rehabilitation Facility - General Information,https://data.cms.gov/provider-data/dataset/7t8x-u3ir,2026-02-25,2026-04-19,Name match in CMS Inpatient Rehabilitation Facility - General Information: ENCOMPASS HEALTH REHAB HOSPITAL OF SCOTTSDALE associated with Encompass Health,0.8,False,html,Dataset: CMS Inpatient Rehabilitation Facility - General Information
ENCOMPASS HEALTH REHABILITATION INSTITUTE OF TUCSO,ENCOMPASS HEALTH REHABILITATION INSTITUTE OF TUCSO,Encompass Health,ENCOMPASS HEALTH,IRF,TUCSON,AZ,inferred_idn_relationship,Facility name contains 'ENCOMPASS HEALTH',CMS Inpatient Rehabilitation Facility - General Information,https://data.cms.gov/provider-data/dataset/7t8x-u3ir,2026-02-25,2026-04-19,Name match in CMS Inpatient Rehabilitation Facility - General Information: ENCOMPASS HEALTH REHABILITATION INSTITUTE OF TUCSO associated with Encompass Health,0.8,False,html,Dataset: CMS Inpatient Rehabilitation Facility - General Information
ENCOMPASS HEALTH REHABILITATION HOSPITAL OF NORTHW,ENCOMPASS HEALTH REHABILITATION HOSPITAL OF NORTHW,Encompass Health,ENCOMPASS HEALTH,IRF,TUCSON,AZ,inferred_idn_relationship,Facility name contains 'ENCOMPASS HEALTH',CMS Inpatient Rehabilitation Facility - General Information,https://data.cms.gov/provider-data/dataset/7t8x-u3ir,2026-02-25,2026-04-19,Name match in CMS Inpatient Rehabilitation Facility - General Information: ENCOMPASS HEALTH REHABILITATION HOSPITAL OF NORTHW associated with Encompass Health,0.8,False,html,Dataset: CMS Inpatient Rehabilitation Facility - General Information
ENCOMPASS HEALTH VALLEY OF THE SUN REHAB HOSPITAL,ENCOMPASS HEALTH VALLEY OF THE SUN REHAB HOSPITAL,Encompass Health,ENCOMPASS HEALTH,IRF,GLENDALE,AZ,inferred_idn_relationship,Facility name contains 'ENCOMPASS HEALTH',CMS Inpatient Rehabilitation Facility - General Information,https://data.cms.gov/provider-data/dataset/7t8x-u3ir,2026-02-25,2026-04-19,Name match in CMS Inpatient Rehabilitation Facility - General Information: ENCOMPASS HEALTH VALLEY OF THE SUN REHAB HOSPITAL associated with Encompass Health,0.8,False,html,Dataset: CMS Inpatient Rehabilitation Facility - General Information
ENCOMPASS HEALTH REHABILITATION HOSPITAL OF EAST V,ENCOMPASS HEALTH REHABILITATION HOSPITAL OF EAST V,Encompass Health,ENCOMPASS HEALTH,IRF,MESA,AZ,inferred_idn_relationship,Facility name contains 'ENCOMPASS HEALTH',CMS Inpatient Rehabilitation Facility - General Information,https://data.cms.gov/provider-data/dataset/7t8x-u3ir,2026-02-25,2026-04-19,Name match in CMS Inpatient Rehabilitation Facility - General Information: ENCOMPASS HEALTH REHABILITATION HOSPITAL OF EAST V associated with Encompass Health,0.8,False,html,Dataset: CMS Inpatient Rehabilitation Facility - General Information
BAPTIST HEALTH REHABILITATION INSTITUTE,BAPTIST HEALTH REHABILITATION INSTITUTE,Baptist Health,BAPTIST HEALTH,IRF,LITTLE ROCK,AR,inferred_idn_relationship,Facility name contains 'BAPTIST HEALTH',CMS Inpatient Rehabilitation Facility - General Information,https://data.cms.gov/provider-data/dataset/7t8x-u3ir,2026-02-25,2026-04-19,Name match in CMS Inpatient Rehabilitation Facility - General Information: BAPTIST HEALTH REHABILITATION INSTITUTE associated with Baptist Health,0.8,False,html,Dataset: CMS Inpatient Rehabilitation Facility - General Information
ENCOMPASS HEALTH REHABILITATION HOSPITAL FT SMITH,ENCOMPASS HEALTH REHABILITATION HOSPITAL FT SMITH,Encompass Health,ENCOMPASS HEALTH,IRF,FORT SMITH,AR,inferred_idn_relationship,Facility name contains 'ENCOMPASS HEALTH',CMS Inpatient Rehabilitation Facility - General Information,https://data.cms.gov/provider-data/dataset/7t8x-u3ir,2026-02-25,2026-04-19,Name match in CMS Inpatient Rehabilitation Facility - General Information: ENCOMPASS HEALTH REHABILITATION HOSPITAL FT SMITH associated with Encompass Health,0.8,False,html,Dataset: CMS Inpatient Rehabilitation Facility - General Information
ENCOMPASS HEALTH REHABILITATION HOSPITAL,ENCOMPASS HEALTH REHABILITATION HOSPITAL,Encompass Health,ENCOMPASS HEALTH,IRF,JONESBORO,AR,inferred_idn_relationship,Facility name contains 'ENCOMPASS HEALTH',CMS Inpatient Rehabilitation Facility - General Information,https://data.cms.gov/provider-data/dataset/7t8x-u3ir,2026-02-25,2026-04-19,Name match in CMS Inpatient Rehabilitation Facility - General Information: ENCOMPASS HEALTH REHABILITATION HOSPITAL associated with Encompass Health,0.8,False,html,Dataset: CMS Inpatient Rehabilitation Facility - General Information
ENCOMPASS HEALTH REHAB HOSP A PARTNER OF WASH REG,ENCOMPASS HEALTH REHAB HOSP A PARTNER OF WASH REG,Encompass Health,ENCOMPASS HEALTH,IRF,FAYETTEVILLE,AR,inferred_idn_relationship,Facility name contains 'ENCOMPASS HEALTH',CMS Inpatient Rehabilitation Facility - General Information,https://data.cms.gov/provider-data/dataset/7t8x-u3ir,2026-02-25,2026-04-19,Name match in CMS Inpatient Rehabilitation Facility - General Information: ENCOMPASS HEALTH REHAB HOSP A PARTNER OF WASH REG associated with Encompass Health,0.8,False,html,Dataset: CMS Inpatient Rehabilitation Facility - General Information
MERCY REHABILITATION HOSPITAL NORTHWEST AR,MERCY REHABILITATION HOSPITAL NORTHWEST AR,Mercy,MERCY,IRF,ROGERS,AR,inferred_idn_relationship,Facility name contains 'MERCY ',CMS Inpatient Rehabilitation Facility - General Information,https://data.cms.gov/provider-data/dataset/7t8x-u3ir,2026-02-25,2026-04-19,Name match in CMS Inpatient Rehabilitation Facility - General Information: MERCY REHABILITATION HOSPITAL NORTHWEST AR associated with Mercy,0.8,False,html,Dataset: CMS Inpatient Rehabilitation Facility - General Information
MERCY REHABILITATION HOSPITAL,MERCY REHABILITATION HOSPITAL,Mercy,MERCY,IRF,FORT SMITH,AR,inferred_idn_relationship,Facility name contains 'MERCY ',CMS Inpatient Rehabilitation Facility - General Information,https://data.cms.gov/provider-data/dataset/7t8x-u3ir,2026-02-25,2026-04-19,Name match in CMS Inpatient Rehabilitation Facility - General Information: MERCY REHABILITATION HOSPITAL associated with Mercy,0.8,False,html,Dataset: CMS Inpatient Rehabilitation Facility - General Information
BAPTIST HEALTH REHAB INSTITUTE - NORTH LITTLE ROCK,BAPTIST HEALTH REHAB INSTITUTE - NORTH LITTLE ROCK,Baptist Health,BAPTIST HEALTH,IRF,NORTH LITTLE ROCK,AR,inferred_idn_relationship,Facility name contains 'BAPTIST HEALTH',CMS Inpatient Rehabilitation Facility - General Information,https://data.cms.gov/provider-data/dataset/7t8x-u3ir,2026-02-25,2026-04-19,Name match in CMS Inpatient Rehabilitation Facility - General Information: BAPTIST HEALTH REHAB INSTITUTE - NORTH LITTLE ROCK associated with Baptist Health,0.8,False,html,Dataset: CMS Inpatient Rehabilitation Facility - General Information
ARKANSAS METHODIST HOSPITAL,ARKANSAS METHODIST HOSPITAL,Methodist Health System,METHODIST HEALTH SYSTEM,IRF,PARAGOULD,AR,inferred_idn_relationship,Facility name contains 'METHODIST ',CMS Inpatient Rehabilitation Facility - General Information,https://data.cms.gov/provider-data/dataset/7t8x-u3ir,2026-02-25,2026-04-19,Name match in CMS Inpatient Rehabilitation Facility - General Information: ARKANSAS METHODIST HOSPITAL associated with Methodist Health System,0.8,False,html,Dataset: CMS Inpatient Rehabilitation Facility - General Information
BAPTIST HEALTH MEDICAL CENTER-CONWAY,BAPTIST HEALTH MEDICAL CENTER-CONWAY,Baptist Health,BAPTIST HEALTH,IRF,CONWAY,AR,inferred_idn_relationship,Facility name contains 'BAPTIST HEALTH',CMS Inpatient Rehabilitation Facility - General Information,https://data.cms.gov/provider-data/dataset/7t8x-u3ir,2026-02-25,2026-04-19,Name match in CMS Inpatient Rehabilitation Facility - General Information: BAPTIST HEALTH MEDICAL CENTER-CONWAY associated with Baptist Health,0.8,False,html,Dataset: CMS Inpatient Rehabilitation Facility - General Information
ENCOMPASS HEALTH REHABILITATON HOSPITAL OF BAKERS,ENCOMPASS HEALTH REHABILITATON HOSPITAL OF BAKERS,Encompass Health,ENCOMPASS HEALTH,IRF,BAKERSFIELD,CA,inferred_idn_relationship,Facility name contains 'ENCOMPASS HEALTH',CMS Inpatient Rehabilitation Facility - General Information,https://data.cms.gov/provider-data/dataset/7t8x-u3ir,2026-02-25,2026-04-19,Name match in CMS Inpatient Rehabilitation Facility - General Information: ENCOMPASS HEALTH REHABILITATON HOSPITAL OF BAKERS associated with Encompass Health,0.8,False,html,Dataset: CMS Inpatient Rehabilitation Facility - General Information
ENCOMPASS HEALTH REHABILITATION HOSPITAL OF TUSTIN,ENCOMPASS HEALTH REHABILITATION HOSPITAL OF TUSTIN,Encompass Health,ENCOMPASS HEALTH,IRF,TUSTIN,CA,inferred_idn_relationship,Facility name contains 'ENCOMPASS HEALTH',CMS Inpatient Rehabilitation Facility - General Information,https://data.cms.gov/provider-data/dataset/7t8x-u3ir,2026-02-25,2026-04-19,Name match in CMS Inpatient Rehabilitation Facility - General Information: ENCOMPASS HEALTH REHABILITATION HOSPITAL OF TUSTIN associated with Encompass Health,0.8,False,html,Dataset: CMS Inpatient Rehabilitation Facility - General Information
ENCOMPASS HEALTH REHABILITATION HOSPITAL OF MODEST,ENCOMPASS HEALTH REHABILITATION HOSPITAL OF MODEST,Encompass Health,ENCOMPASS HEALTH,IRF,MODESTO,CA,inferred_idn_relationship,Facility name contains 'ENCOMPASS HEALTH',CMS Inpatient Rehabilitation Facility - General Information,https://data.cms.gov/provider-data/dataset/7t8x-u3ir,2026-02-25,2026-04-19,Name match in CMS Inpatient Rehabilitation Facility - General Information: ENCOMPASS HEALTH REHABILITATION HOSPITAL OF MODEST associated with Encompass Health,0.8,False,html,Dataset: CMS Inpatient Rehabilitation Facility - General Information
ENCOMPASS HEALTH REHABILITATION HOSPITAL OF MURRIE,ENCOMPASS HEALTH REHABILITATION HOSPITAL OF MURRIE,Encompass Health,ENCOMPASS HEALTH,IRF,MURRIETA,CA,inferred_idn_relationship,Facility name contains 'ENCOMPASS HEALTH',CMS Inpatient Rehabilitation Facility - General Information,https://data.cms.gov/provider-data/dataset/7t8x-u3ir,2026-02-25,2026-04-19,Name match in CMS Inpatient Rehabilitation Facility - General Information: ENCOMPASS HEALTH REHABILITATION HOSPITAL OF MURRIE associated with Encompass Health,0.8,False,html,Dataset: CMS Inpatient Rehabilitation Facility - General Information
KAISER FOUNDATION REHAB CENTER,KAISER FOUNDATION REHAB CENTER,Kaiser Permanente,KAISER PERMANENTE,IRF,VALLEJO,CA,inferred_idn_relationship,Facility name contains 'KAISER ',CMS Inpatient Rehabilitation Facility - General Information,https://data.cms.gov/provider-data/dataset/7t8x-u3ir,2026-02-25,2026-04-19,Name match in CMS Inpatient Rehabilitation Facility - General Information: KAISER FOUNDATION REHAB CENTER associated with Kaiser Permanente,0.8,False,html,Dataset: CMS Inpatient Rehabilitation Facility - General Information
PROVIDENCE LITTLE CO OF MARY MEDICAL CTR SAN PEDRO,PROVIDENCE LITTLE CO OF MARY MEDICAL CTR SAN PEDRO,Providence,PROVIDENCE,IRF,SAN PEDRO,CA,inferred_idn_relationship,Facility name contains 'PROVIDENCE ',CMS Inpatient Rehabilitation Facility - General Information,https://data.cms.gov/provider-data/dataset/7t8x-u3ir,2026-02-25,2026-04-19,Name match in CMS Inpatient Rehabilitation Facility - General Information: PROVIDENCE LITTLE CO OF MARY MEDICAL CTR SAN PEDRO associated with Providence,0.8,False,html,Dataset: CMS Inpatient Rehabilitation Facility - General Information
VALLEY PRESBYTERIAN HOSPITAL REHABILITATION CENTER,VALLEY PRESBYTERIAN HOSPITAL REHABILITATION CENTER,Presbyterian Healthcare Services,PRESBYTERIAN HEALTHCARE SERVICES,IRF,VAN NUYS,CA,inferred_idn_relationship,Facility name contains 'PRESBYTERIAN ',CMS Inpatient Rehabilitation Facility - General Information,https://data.cms.gov/provider-data/dataset/7t8x-u3ir,2026-02-25,2026-04-19,Name match in CMS Inpatient Rehabilitation Facility - General Information: VALLEY PRESBYTERIAN HOSPITAL REHABILITATION CENTER associated with Presbyterian Healthcare Services,0.8,False,html,Dataset: CMS Inpatient Rehabilitation Facility - General Information
PRESBYTERIAN INTERCOMMUNITY,PRESBYTERIAN INTERCOMMUNITY,Presbyterian Healthcare Services,PRESBYTERIAN HEALTHCARE SERVICES,IRF,WHITTIER,CA,inferred_idn_relationship,Facility name contains 'PRESBYTERIAN ',CMS Inpatient Rehabilitation Facility - General Information,https://data.cms.gov/provider-data/dataset/7t8x-u3ir,2026-02-25,2026-04-19,Name match in CMS Inpatient Rehabilitation Facility - General Information: PRESBYTERIAN INTERCOMMUNITY associated with Presbyterian Healthcare Services,0.8,False,html,Dataset: CMS Inpatient Rehabilitation Facility - General Information
PROVIDENCE ST JOSEPH MED CTR,PROVIDENCE ST JOSEPH MED CTR,Providence,PROVIDENCE,IRF,BURBANK,CA,inferred_idn_relationship,Facility name contains 'PROVIDENCE ',CMS Inpatient Rehabilitation Facility - General Information,https://data.cms.gov/provider-data/dataset/7t8x-u3ir,2026-02-25,2026-04-19,Name match in CMS Inpatient Rehabilitation Facility - General Information: PROVIDENCE ST JOSEPH MED CTR associated with Providence,0.8,False,html,Dataset: CMS Inpatient Rehabilitation Facility - General Information
METHODIST HOSP S CALIFORNIA,METHODIST HOSP S CALIFORNIA,Methodist Health System,METHODIST HEALTH SYSTEM,IRF,ARCADIA,CA,inferred_idn_relationship,Facility name contains 'METHODIST ',CMS Inpatient Rehabilitation Facility - General Information,https://data.cms.gov/provider-data/dataset/7t8x-u3ir,2026-02-25,2026-04-19,Name match in CMS Inpatient Rehabilitation Facility - General Information: METHODIST HOSP S CALIFORNIA associated with Methodist Health System,0.8,False,html,Dataset: CMS Inpatient Rehabilitation Facility - General Information
KINDRED HOSPITAL PARAMOUNT,KINDRED HOSPITAL PARAMOUNT,Kindred Healthcare,KINDRED HEALTHCARE,IRF,PARAMOUNT,CA,inferred_idn_relationship,Facility name contains 'KINDRED ',CMS Inpatient Rehabilitation Facility - General Information,https://data.cms.gov/provider-data/dataset/7t8x-u3ir,2026-02-25,2026-04-19,Name match in CMS Inpatient Rehabilitation Facility - General Information: KINDRED HOSPITAL PARAMOUNT associated with Kindred Healthcare,0.8,False,html,Dataset: CMS Inpatient Rehabilitation Facility - General Information
HCA HEALTHONE SPALDING REHABILITATION,HCA HEALTHONE SPALDING REHABILITATION,HCA Healthcare,HCA HEALTHCARE,IRF,AURORA,CO,health_system_owned,Facility name contains 'HCA ',CMS Inpatient Rehabilitation Facility - General Information,https://data.cms.gov/provider-data/dataset/7t8x-u3ir,2026-02-25,2026-04-19,Name match in CMS Inpatient Rehabilitation Facility - General Information: HCA HEALTHONE SPALDING REHABILITATION associated with HCA Healthcare,0.9,False,html,Dataset: CMS Inpatient Rehabilitation Facility - General Information
ENCOMPASS HEALTH REHABILITATION HOSPITAL OF CO SPG,ENCOMPASS HEALTH REHABILITATION HOSPITAL OF CO SPG,Encompass Health,ENCOMPASS HEALTH,IRF,COLORADO SPRINGS,CO,inferred_idn_relationship,Facility name contains 'ENCOMPASS HEALTH',CMS Inpatient Rehabilitation Facility - General Information,https://data.cms.gov/provider-data/dataset/7t8x-u3ir,2026-02-25,2026-04-19,Name match in CMS Inpatient Rehabilitation Facility - General Information: ENCOMPASS HEALTH REHABILITATION HOSPITAL OF CO SPG associated with Encompass Health,0.8,False,html,Dataset: CMS Inpatient Rehabilitation Facility - General Information
ENCOMPASS HEALTH REHAB HOSPITAL OF LITTLETON,ENCOMPASS HEALTH REHAB HOSPITAL OF LITTLETON,Encompass Health,ENCOMPASS HEALTH,IRF,LITTLETON,CO,inferred_idn_relationship,Facility name contains 'ENCOMPASS HEALTH',CMS Inpatient Rehabilitation Facility - General Information,https://data.cms.gov/provider-data/dataset/7t8x-u3ir,2026-02-25,2026-04-19,Name match in CMS Inpatient Rehabilitation Facility - General Information: ENCOMPASS HEALTH REHAB HOSPITAL OF LITTLETON associated with Encompass Health,0.8,False,html,Dataset: CMS Inpatient Rehabilitation Facility - General Information
COMMONSPIRIT ST. ANTHONY HOSPITAL,COMMONSPIRIT ST. ANTHONY HOSPITAL,CommonSpirit Health,COMMONSPIRIT HEALTH,IRF,LAKEWOOD,CO,inferred_idn_relationship,Facility name contains 'COMMONSPIRIT',CMS Inpatient Rehabilitation Facility - General Information,https://data.cms.gov/provider-data/dataset/7t8x-u3ir,2026-02-25,2026-04-19,Name match in CMS Inpatient Rehabilitation Facility - General Information: COMMONSPIRIT ST. ANTHONY HOSPITAL associated with CommonSpirit Health,0.8,False,html,Dataset: CMS Inpatient Rehabilitation Facility - General Information
KINDRED HOSPITAL-DENVER,KINDRED HOSPITAL-DENVER,Kindred Healthcare,KINDRED HEALTHCARE,IRF,DENVER,CO,inferred_idn_relationship,Facility name contains 'KINDRED ',CMS Inpatient Rehabilitation Facility - General Information,https://data.cms.gov/provider-data/dataset/7t8x-u3ir,2026-02-25,2026-04-19,Name match in CMS Inpatient Rehabilitation Facility - General Information: KINDRED HOSPITAL-DENVER associated with Kindred Healthcare,0.8,False,html,Dataset: CMS Inpatient Rehabilitation Facility - General Information
MOUNT SINAI REHABILITATION HOSPITAL INC,MOUNT SINAI REHABILITATION HOSPITAL INC,Mount Sinai Health System,MOUNT SINAI HEALTH SYSTEM,IRF,HARTFORD,CT,inferred_idn_relationship,Facility name contains 'MOUNT SINAI',CMS Inpatient Rehabilitation Facility - General Information,https://data.cms.gov/provider-data/dataset/7t8x-u3ir,2026-02-25,2026-04-19,Name match in CMS Inpatient Rehabilitation Facility - General Information: MOUNT SINAI REHABILITATION HOSPITAL INC associated with Mount Sinai Health System,0.8,False,html,Dataset: CMS Inpatient Rehabilitation Facility - General Information
YALE NEW HAVEN HOSPITAL,YALE NEW HAVEN HOSPITAL,Yale New Haven Health,YALE NEW HAVEN HEALTH,IRF,MILFORD,CT,inferred_idn_relationship,Facility name contains 'YALE NEW HAVEN',CMS Inpatient Rehabilitation Facility - General Information,https://data.cms.gov/provider-data/dataset/7t8x-u3ir,2026-02-25,2026-04-19,Name match in CMS Inpatient Rehabilitation Facility - General Information: YALE NEW HAVEN HOSPITAL associated with Yale New Haven Health,0.8,False,html,Dataset: CMS Inpatient Rehabilitation Facility - General Information
ENCOMPASS HEALTH REHAB HOSPITAL OF MIDDLETOWN,ENCOMPASS HEALTH REHAB HOSPITAL OF MIDDLETOWN,Encompass Health,ENCOMPASS HEALTH,IRF,MIDDLETOWN,DE,inferred_idn_relationship,Facility name contains 'ENCOMPASS HEALTH',CMS Inpatient Rehabilitation Facility - General Information,https://data.cms.gov/provider-data/dataset/7t8x-u3ir,2026-02-25,2026-04-19,Name match in CMS Inpatient Rehabilitation Facility - General Information: ENCOMPASS HEALTH REHAB HOSPITAL OF MIDDLETOWN associated with Encompass Health,0.8,False,html,Dataset: CMS Inpatient Rehabilitation Facility - General Information
ENCOMPASS HEALTH REHAB HOSPITAL OF SUNRISE,ENCOMPASS HEALTH REHAB HOSPITAL OF SUNRISE,Encompass Health,ENCOMPASS HEALTH,IRF,SUNRISE,FL,inferred_idn_relationship,Facility name contains 'ENCOMPASS HEALTH',CMS Inpatient Rehabilitation Facility - General Information,https://data.cms.gov/provider-data/dataset/7t8x-u3ir,2026-02-25,2026-04-19,Name match in CMS Inpatient Rehabilitation Facility - General Information: ENCOMPASS HEALTH REHAB HOSPITAL OF SUNRISE associated with Encompass Health,0.8,False,html,Dataset: CMS Inpatient Rehabilitation Facility - General Information
ENCOMPASS HEALTH REHAB HOSPITAL OF SARASOTA,ENCOMPASS HEALTH REHAB HOSPITAL OF SARASOTA,Encompass Health,ENCOMPASS HEALTH,IRF,SARASOTA,FL,inferred_idn_relationship,Facility name contains 'ENCOMPASS HEALTH',CMS Inpatient Rehabilitation Facility - General Information,https://data.cms.gov/provider-data/dataset/7t8x-u3ir,2026-02-25,2026-04-19,Name match in CMS Inpatient Rehabilitation Facility - General Information: ENCOMPASS HEALTH REHAB HOSPITAL OF SARASOTA associated with Encompass Health,0.8,False,html,Dataset: CMS Inpatient Rehabilitation Facility - General Information
ENCOMPASS HEALTH REHAB HOSPITAL OF TREASURE COAST,ENCOMPASS HEALTH REHAB HOSPITAL OF TREASURE COAST,Encompass Health,ENCOMPASS HEALTH,IRF,VERO BEACH,FL,inferred_idn_relationship,Facility name contains 'ENCOMPASS HEALTH',CMS Inpatient Rehabilitation Facility - General Information,https://data.cms.gov/provider-data/dataset/7t8x-u3ir,2026-02-25,2026-04-19,Name match in CMS Inpatient Rehabilitation Facility - General Information: ENCOMPASS HEALTH REHAB HOSPITAL OF TREASURE COAST associated with Encompass Health,0.8,False,html,Dataset: CMS Inpatient Rehabilitation Facility - General Information
ENCOMPASS HEALTH REHABILITATION HOSPITAL OF TALLAH,ENCOMPASS HEALTH REHABILITATION HOSPITAL OF TALLAH,Encompass Health,ENCOMPASS HEALTH,IRF,TALLAHASSEE,FL,inferred_idn_relationship,Facility name contains 'ENCOMPASS HEALTH',CMS Inpatient Rehabilitation Facility - General Information,https://data.cms.gov/provider-data/dataset/7t8x-u3ir,2026-02-25,2026-04-19,Name match in CMS Inpatient Rehabilitation Facility - General Information: ENCOMPASS HEALTH REHABILITATION HOSPITAL OF TALLAH associated with Encompass Health,0.8,False,html,Dataset: CMS Inpatient Rehabilitation Facility - General Information
SEA PINES REHAB HOSP AFFILIATE OF ENCOMPASS HEALTH,SEA PINES REHAB HOSP AFFILIATE OF ENCOMPASS HEALTH,Encompass Health,ENCOMPASS HEALTH,IRF,MELBOURNE,FL,health_system_owned,Facility name contains 'ENCOMPASS HEALTH',CMS Inpatient Rehabilitation Facility - General Information,https://data.cms.gov/provider-data/dataset/7t8x-u3ir,2026-02-25,2026-04-19,Name match in CMS Inpatient Rehabilitation Facility - General Information: SEA PINES REHAB HOSP AFFILIATE OF ENCOMPASS HEALTH associated with Encompass Health,1.0,True,html,Dataset: CMS Inpatient Rehabilitation Facility - General Information
ENCOMPASS HEALTH REHABILITATION HOSPITAL OF LARGO,ENCOMPASS HEALTH REHABILITATION HOSPITAL OF LARGO,Encompass Health,ENCOMPASS HEALTH,IRF,LARGO,FL,inferred_idn_relationship,Facility name contains 'ENCOMPASS HEALTH',CMS Inpatient Rehabilitation Facility - General Information,https://data.cms.gov/provider-data/dataset/7t8x-u3ir,2026-02-25,2026-04-19,Name match in CMS Inpatient Rehabilitation Facility - General Information: ENCOMPASS HEALTH REHABILITATION HOSPITAL OF LARGO associated with Encompass Health,0.8,False,html,Dataset: CMS Inpatient Rehabilitation Facility - General Information
ENCOMPASS HEALTH REHABILITATION HOSPITAL OF MIAMI,ENCOMPASS HEALTH REHABILITATION HOSPITAL OF MIAMI,Encompass Health,ENCOMPASS HEALTH,IRF,MIAMI,FL,inferred_idn_relationship,Facility name contains 'ENCOMPASS HEALTH',CMS Inpatient Rehabilitation Facility - General Information,https://data.cms.gov/provider-data/dataset/7t8x-u3ir,2026-02-25,2026-04-19,Name match in CMS Inpatient Rehabilitation Facility - General Information: ENCOMPASS HEALTH REHABILITATION HOSPITAL OF MIAMI associated with Encompass Health,0.8,False,html,Dataset: CMS Inpatient Rehabilitation Facility - General Information
ENCOMPASS HEALTH REHABILITATION HOSPITAL OF PANAMA,ENCOMPASS HEALTH REHABILITATION HOSPITAL OF PANAMA,Encompass Health,ENCOMPASS HEALTH,IRF,PANAMA CITY,FL,inferred_idn_relationship,Facility name contains 'ENCOMPASS HEALTH',CMS Inpatient Rehabilitation Facility - General Information,https://data.cms.gov/provider-data/dataset/7t8x-u3ir,2026-02-25,2026-04-19,Name match in CMS Inpatient Rehabilitation Facility - General Information: ENCOMPASS HEALTH REHABILITATION HOSPITAL OF PANAMA associated with Encompass Health,0.8,False,html,Dataset: CMS Inpatient Rehabilitation Facility - General Information
ENCOMPASS HEALTH REHAB HOSPITAL OF SPRING HILL,ENCOMPASS HEALTH REHAB HOSPITAL OF SPRING HILL,Encompass Health,ENCOMPASS HEALTH,IRF,BROOKSVILLE,FL,inferred_idn_relationship,Facility name contains 'ENCOMPASS HEALTH',CMS Inpatient Rehabilitation Facility - General Information,https://data.cms.gov/provider-data/dataset/7t8x-u3ir,2026-02-25,2026-04-19,Name match in CMS Inpatient Rehabilitation Facility - General Information: ENCOMPASS HEALTH REHAB HOSPITAL OF SPRING HILL associated with Encompass Health,0.8,False,html,Dataset: CMS Inpatient Rehabilitation Facility - General Information
ENCOMPASS HEALTH REHAB HOSPITAL OF CENTRAL FLORIDA,ENCOMPASS HEALTH REHAB HOSPITAL OF CENTRAL FLORIDA,Encompass Health,ENCOMPASS HEALTH,IRF,OCALA,FL,inferred_idn_relationship,Facility name contains 'ENCOMPASS HEALTH',CMS Inpatient Rehabilitation Facility - General Information,https://data.cms.gov/provider-data/dataset/7t8x-u3ir,2026-02-25,2026-04-19,Name match in CMS Inpatient Rehabilitation Facility - General Information: ENCOMPASS HEALTH REHAB HOSPITAL OF CENTRAL FLORIDA associated with Encompass Health,0.8,False,html,Dataset: CMS Inpatient Rehabilitation Facility - General Information
ENCOMPASS HEALTH REHAB HOSPITAL AN AFFILIATE OF MA,ENCOMPASS HEALTH REHAB HOSPITAL AN AFFILIATE OF MA,Encompass Health,ENCOMPASS HEALTH,IRF,STUART,FL,health_system_owned,Facility name contains 'ENCOMPASS HEALTH',CMS Inpatient Rehabilitation Facility - General Information,https://data.cms.gov/provider-data/dataset/7t8x-u3ir,2026-02-25,2026-04-19,Name match in CMS Inpatient Rehabilitation Facility - General Information: ENCOMPASS HEALTH REHAB HOSPITAL AN AFFILIATE OF MA associated with Encompass Health,1.0,True,html,Dataset: CMS Inpatient Rehabilitation Facility - General Information
ENCOMPASS HEALTH REHABILITATION HOSPITAL OF ALTAMO,ENCOMPASS HEALTH REHABILITATION HOSPITAL OF ALTAMO,Encompass Health,ENCOMPASS HEALTH,IRF,ALTAMONTE SPRINGS,FL,inferred_idn_relationship,Facility name contains 'ENCOMPASS HEALTH',CMS Inpatient Rehabilitation Facility - General Information,https://data.cms.gov/provider-data/dataset/7t8x-u3ir,2026-02-25,2026-04-19,Name match in CMS Inpatient Rehabilitation Facility - General Information: ENCOMPASS HEALTH REHABILITATION HOSPITAL OF ALTAMO associated with Encompass Health,0.8,False,html,Dataset: CMS Inpatient Rehabilitation Facility - General Information
UF HEALTH REHABILITATION HOSPITAL,UF HEALTH REHABILITATION HOSPITAL,UF Health,UF HEALTH,IRF,GAINESVILLE,FL,inferred_idn_relationship,Facility name contains 'UF HEALTH',CMS Inpatient Rehabilitation Facility - General Information,https://data.cms.gov/provider-data/dataset/7t8x-u3ir,2026-02-25,2026-04-19,Name match in CMS Inpatient Rehabilitation Facility - General Information: UF HEALTH REHABILITATION HOSPITAL associated with UF Health,0.8,False,html,Dataset: CMS Inpatient Rehabilitation Facility - General Information
ENCOMPASS HEALTH REHABILITATION HOSPITAL OF NORTH,ENCOMPASS HEALTH REHABILITATION HOSPITAL OF NORTH,Encompass Health,ENCOMPASS HEALTH,IRF,LUTZ,FL,inferred_idn_relationship,Facility name contains 'ENCOMPASS HEALTH',CMS Inpatient Rehabilitation Facility - General Information,https://data.cms.gov/provider-data/dataset/7t8x-u3ir,2026-02-25,2026-04-19,Name match in CMS Inpatient Rehabilitation Facility - General Information: ENCOMPASS HEALTH REHABILITATION HOSPITAL OF NORTH associated with Encompass Health,0.8,False,html,Dataset: CMS Inpatient Rehabilitation Facility - General Information
ENCOMPASS HEALTH REHABILITATION HOSPITAL OF PENSAC,ENCOMPASS HEALTH REHABILITATION HOSPITAL OF PENSAC,Encompass Health,ENCOMPASS HEALTH,IRF,PENSACOLA,FL,inferred_idn_relationship,Facility name contains 'ENCOMPASS HEALTH',CMS Inpatient Rehabilitation Facility - General Information,https://data.cms.gov/provider-data/dataset/7t8x-u3ir,2026-02-25,2026-04-19,Name match in CMS Inpatient Rehabilitation Facility - General Information: ENCOMPASS HEALTH REHABILITATION HOSPITAL OF PENSAC associated with Encompass Health,0.8,False,html,Dataset: CMS Inpatient Rehabilitation Facility - General Information
ENCOMPASS HEALTH REHABILITATION HOSPITAL OF ST AUG,ENCOMPASS HEALTH REHABILITATION HOSPITAL OF ST AUG,Encompass Health,ENCOMPASS HEALTH,IRF,SAINT AUGUSTINE,FL,inferred_idn_relationship,Facility name contains 'ENCOMPASS HEALTH',CMS Inpatient Rehabilitation Facility - General Information,https://data.cms.gov/provider-data/dataset/7t8x-u3ir,2026-02-25,2026-04-19,Name match in CMS Inpatient Rehabilitation Facility - General Information: ENCOMPASS HEALTH REHABILITATION HOSPITAL OF ST AUG associated with Encompass Health,0.8,False,html,Dataset: CMS Inpatient Rehabilitation Facility - General Information
ENCOMPASS HEALTH REHABILITATION HOSPITAL OF LAKELA,ENCOMPASS HEALTH REHABILITATION HOSPITAL OF LAKELA,Encompass Health,ENCOMPASS HEALTH,IRF,LAKELAND,FL,inferred_idn_relationship,Facility name contains 'ENCOMPASS HEALTH',CMS Inpatient Rehabilitation Facility - General Information,https://data.cms.gov/provider-data/dataset/7t8x-u3ir,2026-02-25,2026-04-19,Name match in CMS Inpatient Rehabilitation Facility - General Information: ENCOMPASS HEALTH REHABILITATION HOSPITAL OF LAKELA associated with Encompass Health,0.8,False,html,Dataset: CMS Inpatient Rehabilitation Facility - General Information
ENCOMPASS HEALTH REHABILITATION HOSPITAL OF JACKSO,ENCOMPASS HEALTH REHABILITATION HOSPITAL OF JACKSO,Encompass Health,ENCOMPASS HEALTH,IRF,JACKSONVILLE,FL,inferred_idn_relationship,Facility name contains 'ENCOMPASS HEALTH',CMS Inpatient Rehabilitation Facility - General Information,https://data.cms.gov/provider-data/dataset/7t8x-u3ir,2026-02-25,2026-04-19,Name match in CMS Inpatient Rehabilitation Facility - General Information: ENCOMPASS HEALTH REHABILITATION HOSPITAL OF JACKSO associated with Encompass Health,0.8,False,html,Dataset: CMS Inpatient Rehabilitation Facility - General Information
ENCOMPASS HEALTH REHABILITATION HOSPITAL OF CLERMO,ENCOMPASS HEALTH REHABILITATION HOSPITAL OF CLERMO,Encompass Health,ENCOMPASS HEALTH,IRF,CLERMONT,FL,inferred_idn_relationship,Facility name contains 'ENCOMPASS HEALTH',CMS Inpatient Rehabilitation Facility - General Information,https://data.cms.gov/provider-data/dataset/7t8x-u3ir,2026-02-25,2026-04-19,Name match in CMS Inpatient Rehabilitation Facility - General Information: ENCOMPASS HEALTH REHABILITATION HOSPITAL OF CLERMO associated with Encompass Health,0.8,False,html,Dataset: CMS Inpatient Rehabilitation Facility - General Information
ENCOMPASS HEALTH REHABILITATION HOSPITAL OF KISSIM,ENCOMPASS HEALTH REHABILITATION HOSPITAL OF KISSIM,Encompass Health,ENCOMPASS HEALTH,IRF,KISSIMMEE,FL,inferred_idn_relationship,Facility name contains 'ENCOMPASS HEALTH',CMS Inpatient Rehabilitation Facility - General Information,https://data.cms.gov/provider-data/dataset/7t8x-u3ir,2026-02-25,2026-04-19,Name match in CMS Inpatient Rehabilitation Facility - General Information: ENCOMPASS HEALTH REHABILITATION HOSPITAL OF KISSIM associated with Encompass Health,0.8,False,html,Dataset: CMS Inpatient Rehabilitation Facility - General Information
UF HEALTH REHABILITATION HOSPITAL - JACKSONVILLE,UF HEALTH REHABILITATION HOSPITAL - JACKSONVILLE,UF Health,UF HEALTH,IRF,JACKSONVILLE,FL,inferred_idn_relationship,Facility name contains 'UF HEALTH',CMS Inpatient Rehabilitation Facility - General Information,https://data.cms.gov/provider-data/dataset/7t8x-u3ir,2026-02-25,2026-04-19,Name match in CMS Inpatient Rehabilitation Facility - General Information: UF HEALTH REHABILITATION HOSPITAL - JACKSONVILLE associated with UF Health,0.8,False,html,Dataset: CMS Inpatient Rehabilitation Facility - General Information
ENCOMPASS HEALTH REHABILITATION HOSPITAL OF DAYTON,ENCOMPASS HEALTH REHABILITATION HOSPITAL OF DAYTON,Encompass Health,ENCOMPASS HEALTH,IRF,DAYTONA BEACH,FL,inferred_idn_relationship,Facility name contains 'ENCOMPASS HEALTH',CMS Inpatient Rehabilitation Facility - General Information,https://data.cms.gov/provider-data/dataset/7t8x-u3ir,2026-02-25,2026-04-19,Name match in CMS Inpatient Rehabilitation Facility - General Information: ENCOMPASS HEALTH REHABILITATION HOSPITAL OF DAYTON associated with Encompass Health,0.8,False,html,Dataset: CMS Inpatient Rehabilitation Facility - General Information
ADVENTHEALTH INPATIENT REHABILITATION,ADVENTHEALTH INPATIENT REHABILITATION,AdventHealth,ADVENTHEALTH,IRF,ORLANDO,FL,inferred_idn_relationship,Facility name contains 'ADVENTHEALTH',CMS Inpatient Rehabilitation Facility - General Information,https://data.cms.gov/provider-data/dataset/7t8x-u3ir,2026-02-25,2026-04-19,Name match in CMS Inpatient Rehabilitation Facility - General Information: ADVENTHEALTH INPATIENT REHABILITATION associated with AdventHealth,0.8,False,html,Dataset: CMS Inpatient Rehabilitation Facility - General Information
MOUNT SINAI MEDICAL CENTER,MOUNT SINAI MEDICAL CENTER,Mount Sinai Health System,MOUNT SINAI HEALTH SYSTEM,IRF,MIAMI BEACH,FL,inferred_idn_relationship,Facility name contains 'MOUNT SINAI',CMS Inpatient Rehabilitation Facility - General Information,https://data.cms.gov/provider-data/dataset/7t8x-u3ir,2026-02-25,2026-04-19,Name match in CMS Inpatient Rehabilitation Facility - General Information: MOUNT SINAI MEDICAL CENTER associated with Mount Sinai Health System,0.8,False,html,Dataset: CMS Inpatient Rehabilitation Facility - General Information
HCA FLORIDA OCALA HOSPITAL,HCA FLORIDA OCALA HOSPITAL,HCA Healthcare,HCA HEALTHCARE,IRF,OCALA,FL,health_system_owned,Facility name contains 'HCA ',CMS Inpatient Rehabilitation Facility - General Information,https://data.cms.gov/provider-data/dataset/7t8x-u3ir,2026-02-25,2026-04-19,Name match in CMS Inpatient Rehabilitation Facility - General Information: HCA FLORIDA OCALA HOSPITAL associated with HCA Healthcare,0.9,False,html,Dataset: CMS Inpatient Rehabilitation Facility - General Information
HCA FLORIDA WOODMONT HOSPITAL,HCA FLORIDA WOODMONT HOSPITAL,HCA Healthcare,HCA HEALTHCARE,IRF,TAMARAC,FL,health_system_owned,Facility name contains 'HCA ',CMS Inpatient Rehabilitation Facility - General Information,https://data.cms.gov/provider-data/dataset/7t8x-u3ir,2026-02-25,2026-04-19,Name match in CMS Inpatient Rehabilitation Facility - General Information: HCA FLORIDA WOODMONT HOSPITAL associated with HCA Healthcare,0.9,False,html,Dataset: CMS Inpatient Rehabilitation Facility - General Information
HCA FL ORANGE PARK HOSPITAL REHABILITATION CENTER,HCA FL ORANGE PARK HOSPITAL REHABILITATION CENTER,HCA Healthcare,HCA HEALTHCARE,IRF,ORANGE PARK,FL,health_system_owned,Facility name contains 'HCA ',CMS Inpatient Rehabilitation Facility - General Information,https://data.cms.gov/provider-data/dataset/7t8x-u3ir,2026-02-25,2026-04-19,Name match in CMS Inpatient Rehabilitation Facility - General Information: HCA FL ORANGE PARK HOSPITAL REHABILITATION CENTER associated with HCA Healthcare,0.9,False,html,Dataset: CMS Inpatient Rehabilitation Facility - General Information
KINDRED HOSPITAL-BAY AREA-TAMPA,KINDRED HOSPITAL-BAY AREA-TAMPA,Kindred Healthcare,KINDRED HEALTHCARE,IRF,TAMPA,FL,inferred_idn_relationship,Facility name contains 'KINDRED ',CMS Inpatient Rehabilitation Facility - General Information,https://data.cms.gov/provider-data/dataset/7t8x-u3ir,2026-02-25,2026-04-19,Name match in CMS Inpatient Rehabilitation Facility - General Information: KINDRED HOSPITAL-BAY AREA-TAMPA associated with Kindred Healthcare,0.8,False,html,Dataset: CMS Inpatient Rehabilitation Facility - General Information
KINDRED HOSPITAL-SOUTH FLORIDA-FT LAUDERDALE,KINDRED HOSPITAL-SOUTH FLORIDA-FT LAUDERDALE,Kindred Healthcare,KINDRED HEALTHCARE,IRF,FORT LAUDERDALE,FL,inferred_idn_relationship,Facility name contains 'KINDRED ',CMS Inpatient Rehabilitation Facility - General Information,https://data.cms.gov/provider-data/dataset/7t8x-u3ir,2026-02-25,2026-04-19,Name match in CMS Inpatient Rehabilitation Facility - General Information: KINDRED HOSPITAL-SOUTH FLORIDA-FT LAUDERDALE associated with Kindred Healthcare,0.8,False,html,Dataset: CMS Inpatient Rehabilitation Facility - General Information
KINDRED HOSPITAL-NORTH FLORIDA,KINDRED HOSPITAL-NORTH FLORIDA,Kindred Healthcare,KINDRED HEALTHCARE,IRF,GREEN COVE SPRINGS,FL,inferred_idn_relationship,Facility name contains 'KINDRED ',CMS Inpatient Rehabilitation Facility - General Information,https://data.cms.gov/provider-data/dataset/7t8x-u3ir,2026-02-25,2026-04-19,Name match in CMS Inpatient Rehabilitation Facility - General Information: KINDRED HOSPITAL-NORTH FLORIDA associated with Kindred Healthcare,0.8,False,html,Dataset: CMS Inpatient Rehabilitation Facility - General Information
KINDRED HOSPITAL THE PALM BEACHES,KINDRED HOSPITAL THE PALM BEACHES,Kindred Healthcare,KINDRED HEALTHCARE,IRF,RIVIERA BEACH,FL,inferred_idn_relationship,Facility name contains 'KINDRED ',CMS Inpatient Rehabilitation Facility - General Information,https://data.cms.gov/provider-data/dataset/7t8x-u3ir,2026-02-25,2026-04-19,Name match in CMS Inpatient Rehabilitation Facility - General Information: KINDRED HOSPITAL THE PALM BEACHES associated with Kindred Healthcare,0.8,False,html,Dataset: CMS Inpatient Rehabilitation Facility - General Information
KINDRED HOSPITAL MELBOURNE,KINDRED HOSPITAL MELBOURNE,Kindred Healthcare,KINDRED HEALTHCARE,IRF,MELBOURNE,FL,inferred_idn_relationship,Facility name contains 'KINDRED ',CMS Inpatient Rehabilitation Facility - General Information,https://data.cms.gov/provider-data/dataset/7t8x-u3ir,2026-02-25,2026-04-19,Name match in CMS Inpatient Rehabilitation Facility - General Information: KINDRED HOSPITAL MELBOURNE associated with Kindred Healthcare,0.8,False,html,Dataset: CMS Inpatient Rehabilitation Facility - General Information
WELLSTAR ROOSEVELT REHAB CARE AT WARM SPRINGS,WELLSTAR ROOSEVELT REHAB CARE AT WARM SPRINGS,Wellstar Health System,WELLSTAR HEALTH SYSTEM,IRF,WARM SPRINGS,GA,inferred_idn_relationship,Facility name contains 'WELLSTAR',CMS Inpatient Rehabilitation Facility - General Information,https://data.cms.gov/provider-data/dataset/7t8x-u3ir,2026-02-25,2026-04-19,Name match in CMS Inpatient Rehabilitation Facility - General Information: WELLSTAR ROOSEVELT REHAB CARE AT WARM SPRINGS associated with Wellstar Health System,0.8,False,html,Dataset: CMS Inpatient Rehabilitation Facility - General Information
ATRIUM HEALTH NAVICENT REHABILITATION HOSPITAL,ATRIUM HEALTH NAVICENT REHABILITATION HOSPITAL,Atrium Health,ATRIUM HEALTH,IRF,MACON,GA,inferred_idn_relationship,Facility name contains 'ATRIUM HEALTH',CMS Inpatient Rehabilitation Facility - General Information,https://data.cms.gov/provider-data/dataset/7t8x-u3ir,2026-02-25,2026-04-19,Name match in CMS Inpatient Rehabilitation Facility - General Information: ATRIUM HEALTH NAVICENT REHABILITATION HOSPITAL associated with Atrium Health,0.8,False,html,Dataset: CMS Inpatient Rehabilitation Facility - General Information
ENCOMPASS HEALTH REHAB HOSPITAL OF SAVANNAH,ENCOMPASS HEALTH REHAB HOSPITAL OF SAVANNAH,Encompass Health,ENCOMPASS HEALTH,IRF,SAVANNAH,GA,inferred_idn_relationship,Facility name contains 'ENCOMPASS HEALTH',CMS Inpatient Rehabilitation Facility - General Information,https://data.cms.gov/provider-data/dataset/7t8x-u3ir,2026-02-25,2026-04-19,Name match in CMS Inpatient Rehabilitation Facility - General Information: ENCOMPASS HEALTH REHAB HOSPITAL OF SAVANNAH associated with Encompass Health,0.8,False,html,Dataset: CMS Inpatient Rehabilitation Facility - General Information
ENCOMPASS HEALTH REHABILITATION HOSPITAL CUMMING,ENCOMPASS HEALTH REHABILITATION HOSPITAL CUMMING,Encompass Health,ENCOMPASS HEALTH,IRF,CUMMING,GA,inferred_idn_relationship,Facility name contains 'ENCOMPASS HEALTH',CMS Inpatient Rehabilitation Facility - General Information,https://data.cms.gov/provider-data/dataset/7t8x-u3ir,2026-02-25,2026-04-19,Name match in CMS Inpatient Rehabilitation Facility - General Information: ENCOMPASS HEALTH REHABILITATION HOSPITAL CUMMING associated with Encompass Health,0.8,False,html,Dataset: CMS Inpatient Rehabilitation Facility - General Information
WELLSTAR KENNESTONE INPATIENT REHAB,WELLSTAR KENNESTONE INPATIENT REHAB,Wellstar Health System,WELLSTAR HEALTH SYSTEM,IRF,MARIETTA,GA,inferred_idn_relationship,Facility name contains 'WELLSTAR',CMS Inpatient Rehabilitation Facility - General Information,https://data.cms.gov/provider-data/dataset/7t8x-u3ir,2026-02-25,2026-04-19,Name match in CMS Inpatient Rehabilitation Facility - General Information: WELLSTAR KENNESTONE INPATIENT REHAB associated with Wellstar Health System,0.8,False,html,Dataset: CMS Inpatient Rehabilitation Facility - General Information
WELLSTAR COBB HOSPITAL,WELLSTAR COBB HOSPITAL,Wellstar Health System,WELLSTAR HEALTH SYSTEM,IRF,AUSTELL,GA,inferred_idn_relationship,Facility name contains 'WELLSTAR',CMS Inpatient Rehabilitation Facility - General Information,https://data.cms.gov/provider-data/dataset/7t8x-u3ir,2026-02-25,2026-04-19,Name match in CMS Inpatient Rehabilitation Facility - General Information: WELLSTAR COBB HOSPITAL associated with Wellstar Health System,0.8,False,html,Dataset: CMS Inpatient Rehabilitation Facility - General Information
WELLSTAR N FULTON HOSPITAL,WELLSTAR N FULTON HOSPITAL,Wellstar Health System,WELLSTAR HEALTH SYSTEM,IRF,ROSWELL,GA,inferred_idn_relationship,Facility name contains 'WELLSTAR',CMS Inpatient Rehabilitation Facility - General Information,https://data.cms.gov/provider-data/dataset/7t8x-u3ir,2026-02-25,2026-04-19,Name match in CMS Inpatient Rehabilitation Facility - General Information: WELLSTAR N FULTON HOSPITAL associated with Wellstar Health System,0.8,False,html,Dataset: CMS Inpatient Rehabilitation Facility - General Information
ST. LUKE'S MAGIC VALLEY REGIONAL MEDICAL CENTER,ST. LUKE'S MAGIC VALLEY REGIONAL MEDICAL CENTER,St. Luke's Health System,ST. LUKE'S HEALTH SYSTEM,IRF,TWIN FALLS,ID,inferred_idn_relationship,Facility name contains 'ST. LUKE'S',CMS Inpatient Rehabilitation Facility - General Information,https://data.cms.gov/provider-data/dataset/7t8x-u3ir,2026-02-25,2026-04-19,Name match in CMS Inpatient Rehabilitation Facility - General Information: ST. LUKE'S MAGIC VALLEY REGIONAL MEDICAL CENTER associated with St. Luke's Health System,0.8,False,html,Dataset: CMS Inpatient Rehabilitation Facility - General Information
ST. LUKE'S REHABILITATION HOSPITAL,ST. LUKE'S REHABILITATION HOSPITAL,St. Luke's Health System,ST. LUKE'S HEALTH SYSTEM,IRF,BOISE,ID,inferred_idn_relationship,Facility name contains 'ST. LUKE'S',CMS Inpatient Rehabilitation Facility - General Information,https://data.cms.gov/provider-data/dataset/7t8x-u3ir,2026-02-25,2026-04-19,Name match in CMS Inpatient Rehabilitation Facility - General Information: ST. LUKE'S REHABILITATION HOSPITAL associated with St. Luke's Health System,0.8,False,html,Dataset: CMS Inpatient Rehabilitation Facility - General Information
VAN MATRE ENCOMPASS HEALTH REHABILITATION INSTITUT,VAN MATRE ENCOMPASS HEALTH REHABILITATION INSTITUT,Encompass Health,ENCOMPASS HEALTH,IRF,ROCKFORD,IL,inferred_idn_relationship,Facility name contains 'ENCOMPASS HEALTH',CMS Inpatient Rehabilitation Facility - General Information,https://data.cms.gov/provider-data/dataset/7t8x-u3ir,2026-02-25,2026-04-19,Name match in CMS Inpatient Rehabilitation Facility - General Information: VAN MATRE ENCOMPASS HEALTH REHABILITATION INSTITUT associated with Encompass Health,0.8,False,html,Dataset: CMS Inpatient Rehabilitation Facility - General Information
ENCOMPASS HEALTH REHAB INSTITUTE OF LIBERTYVILLE,ENCOMPASS HEALTH REHAB INSTITUTE OF LIBERTYVILLE,Encompass Health,ENCOMPASS HEALTH,IRF,LIBERTYVILLE,IL,inferred_idn_relationship,Facility name contains 'ENCOMPASS HEALTH',CMS Inpatient Rehabilitation Facility - General Information,https://data.cms.gov/provider-data/dataset/7t8x-u3ir,2026-02-25,2026-04-19,Name match in CMS Inpatient Rehabilitation Facility - General Information: ENCOMPASS HEALTH REHAB INSTITUTE OF LIBERTYVILLE associated with Encompass Health,0.8,False,html,Dataset: CMS Inpatient Rehabilitation Facility - General Information
MERCY HOSPITAL REHABILITATION UNIT,MERCY HOSPITAL REHABILITATION UNIT,Mercy,MERCY,IRF,CHICAGO,IL,inferred_idn_relationship,Facility name contains 'MERCY ',CMS Inpatient Rehabilitation Facility - General Information,https://data.cms.gov/provider-data/dataset/7t8x-u3ir,2026-02-25,2026-04-19,Name match in CMS Inpatient Rehabilitation Facility - General Information: MERCY HOSPITAL REHABILITATION UNIT associated with Mercy,0.8,False,html,Dataset: CMS Inpatient Rehabilitation Facility - General Information
ENCOMPASS HEALTH DEACONESS REHABILITATION HOSPITAL,ENCOMPASS HEALTH DEACONESS REHABILITATION HOSPITAL,Encompass Health,ENCOMPASS HEALTH,IRF,NEWBURGH,IN,inferred_idn_relationship,Facility name contains 'ENCOMPASS HEALTH',CMS Inpatient Rehabilitation Facility - General Information,https://data.cms.gov/provider-data/dataset/7t8x-u3ir,2026-02-25,2026-04-19,Name match in CMS Inpatient Rehabilitation Facility - General Information: ENCOMPASS HEALTH DEACONESS REHABILITATION HOSPITAL associated with Encompass Health,0.8,False,html,Dataset: CMS Inpatient Rehabilitation Facility - General Information
SELECT MEDICAL REHABILITATION HOSPITAL AT LUTHERAN,SELECT MEDICAL REHABILITATION HOSPITAL AT LUTHERAN,Select Medical,SELECT MEDICAL,IRF,FORT WAYNE,IN,inferred_idn_relationship,Facility name contains 'SELECT MEDICAL',CMS Inpatient Rehabilitation Facility - General Information,https://data.cms.gov/provider-data/dataset/7t8x-u3ir,2026-02-25,2026-04-19,Name match in CMS Inpatient Rehabilitation Facility - General Information: SELECT MEDICAL REHABILITATION HOSPITAL AT LUTHERAN associated with Select Medical,0.8,False,html,Dataset: CMS Inpatient Rehabilitation Facility - General Information
METHODIST NORTHLAKE,METHODIST NORTHLAKE,Methodist Health System,METHODIST HEALTH SYSTEM,IRF,GARY,IN,inferred_idn_relationship,Facility name contains 'METHODIST ',CMS Inpatient Rehabilitation Facility - General Information,https://data.cms.gov/provider-data/dataset/7t8x-u3ir,2026-02-25,2026-04-19,Name match in CMS Inpatient Rehabilitation Facility - General Information: METHODIST NORTHLAKE associated with Methodist Health System,0.8,False,html,Dataset: CMS Inpatient Rehabilitation Facility - General Information
IU HEALTH BALL MEMORIAL HOSP,IU HEALTH BALL MEMORIAL HOSP,Indiana University Health,INDIANA UNIVERSITY HEALTH,IRF,MUNCIE,IN,inferred_idn_relationship,Facility name contains 'IU HEALTH',CMS Inpatient Rehabilitation Facility - General Information,https://data.cms.gov/provider-data/dataset/7t8x-u3ir,2026-02-25,2026-04-19,Name match in CMS Inpatient Rehabilitation Facility - General Information: IU HEALTH BALL MEMORIAL HOSP associated with Indiana University Health,0.8,False,html,Dataset: CMS Inpatient Rehabilitation Facility - General Information
"MERCY REHABILITATION HOSPITAL, LLC","MERCY REHABILITATION HOSPITAL, LLC",Mercy,MERCY,IRF,CLIVE,IA,inferred_idn_relationship,Facility name contains 'MERCY ',CMS Inpatient Rehabilitation Facility - General Information,https://data.cms.gov/provider-data/dataset/7t8x-u3ir,2026-02-25,2026-04-19,"Name match in CMS Inpatient Rehabilitation Facility - General Information: MERCY REHABILITATION HOSPITAL, LLC associated with Mercy",0.8,False,html,Dataset: CMS Inpatient Rehabilitation Facility - General Information
MERCY MEDICAL CENTER - SIOUX CITY,MERCY MEDICAL CENTER - SIOUX CITY,Mercy,MERCY,IRF,SIOUX CITY,IA,inferred_idn_relationship,Facility name contains 'MERCY ',CMS Inpatient Rehabilitation Facility - General Information,https://data.cms.gov/provider-data/dataset/7t8x-u3ir,2026-02-25,2026-04-19,Name match in CMS Inpatient Rehabilitation Facility - General Information: MERCY MEDICAL CENTER - SIOUX CITY associated with Mercy,0.8,False,html,Dataset: CMS Inpatient Rehabilitation Facility - General Information
"ASCENSION VIA CHRISTI REHABILITATION HOSPITAL, INC","ASCENSION VIA CHRISTI REHABILITATION HOSPITAL, INC",Ascension,ASCENSION,IRF,WICHITA,KS,inferred_idn_relationship,Facility name contains 'ASCENSION',CMS Inpatient Rehabilitation Facility - General Information,https://data.cms.gov/provider-data/dataset/7t8x-u3ir,2026-02-25,2026-04-19,"Name match in CMS Inpatient Rehabilitation Facility - General Information: ASCENSION VIA CHRISTI REHABILITATION HOSPITAL, INC associated with Ascension",0.8,False,html,Dataset: CMS Inpatient Rehabilitation Facility - General Information
MERCY HOSPITAL - PITTSBURG,MERCY HOSPITAL - PITTSBURG,Mercy,MERCY,IRF,PITTSBURG,KS,inferred_idn_relationship,Facility name contains 'MERCY ',CMS Inpatient Rehabilitation Facility - General Information,https://data.cms.gov/provider-data/dataset/7t8x-u3ir,2026-02-25,2026-04-19,Name match in CMS Inpatient Rehabilitation Facility - General Information: MERCY HOSPITAL - PITTSBURG associated with Mercy,0.8,False,html,Dataset: CMS Inpatient Rehabilitation Facility - General Information
ENCOMPASS HEALTH REHABILITATION HOSPITAL OF NORTHE,ENCOMPASS HEALTH REHABILITATION HOSPITAL OF NORTHE,Encompass Health,ENCOMPASS HEALTH,IRF,EDGEWOOD,KY,inferred_idn_relationship,Facility name contains 'ENCOMPASS HEALTH',CMS Inpatient Rehabilitation Facility - General Information,https://data.cms.gov/provider-data/dataset/7t8x-u3ir,2026-02-25,2026-04-19,Name match in CMS Inpatient Rehabilitation Facility - General Information: ENCOMPASS HEALTH REHABILITATION HOSPITAL OF NORTHE associated with Encompass Health,0.8,False,html,Dataset: CMS Inpatient Rehabilitation Facility - General Information
ENCOMPASS HEALTH REHABILITATION HOSPITAL OF LAKEVI,ENCOMPASS HEALTH REHABILITATION HOSPITAL OF LAKEVI,Encompass Health,ENCOMPASS HEALTH,IRF,ELIZABETHTOWN,KY,inferred_idn_relationship,Facility name contains 'ENCOMPASS HEALTH',CMS Inpatient Rehabilitation Facility - General Information,https://data.cms.gov/provider-data/dataset/7t8x-u3ir,2026-02-25,2026-04-19,Name match in CMS Inpatient Rehabilitation Facility - General Information: ENCOMPASS HEALTH REHABILITATION HOSPITAL OF LAKEVI associated with Encompass Health,0.8,False,html,Dataset: CMS Inpatient Rehabilitation Facility - General Information
BAPTIST HEALTH REHABILITATION HOSPITAL,BAPTIST HEALTH REHABILITATION HOSPITAL,Baptist Health,BAPTIST HEALTH,IRF,LOUISVILLE,KY,inferred_idn_relationship,Facility name contains 'BAPTIST HEALTH',CMS Inpatient Rehabilitation Facility - General Information,https://data.cms.gov/provider-data/dataset/7t8x-u3ir,2026-02-25,2026-04-19,Name match in CMS Inpatient Rehabilitation Facility - General Information: BAPTIST HEALTH REHABILITATION HOSPITAL associated with Baptist Health,0.8,False,html,Dataset: CMS Inpatient Rehabilitation Facility - General Information
BAPTIST HEALTH - CORBIN,BAPTIST HEALTH - CORBIN,Baptist Health,BAPTIST HEALTH,IRF,CORBIN,KY,inferred_idn_relationship,Facility name contains 'BAPTIST HEALTH',CMS Inpatient Rehabilitation Facility - General Information,https://data.cms.gov/provider-data/dataset/7t8x-u3ir,2026-02-25,2026-04-19,Name match in CMS Inpatient Rehabilitation Facility - General Information: BAPTIST HEALTH - CORBIN associated with Baptist Health,0.8,False,html,Dataset: CMS Inpatient Rehabilitation Facility - General Information
ENCOMPASS HEALTH REHABILITATION HOSPITAL OF ALEXAN,ENCOMPASS HEALTH REHABILITATION HOSPITAL OF ALEXAN,Encompass Health,ENCOMPASS HEALTH,IRF,ALEXANDRIA,LA,inferred_idn_relationship,Facility name contains 'ENCOMPASS HEALTH',CMS Inpatient Rehabilitation Facility - General Information,https://data.cms.gov/provider-data/dataset/7t8x-u3ir,2026-02-25,2026-04-19,Name match in CMS Inpatient Rehabilitation Facility - General Information: ENCOMPASS HEALTH REHABILITATION HOSPITAL OF ALEXAN associated with Encompass Health,0.8,False,html,Dataset: CMS Inpatient Rehabilitation Facility - General Information
OCHSNER REHABILITATION HOSPITAL,OCHSNER REHABILITATION HOSPITAL,Ochsner Health,OCHSNER HEALTH,IRF,JEFFERSON,LA,inferred_idn_relationship,Facility name contains 'OCHSNER',CMS Inpatient Rehabilitation Facility - General Information,https://data.cms.gov/provider-data/dataset/7t8x-u3ir,2026-02-25,2026-04-19,Name match in CMS Inpatient Rehabilitation Facility - General Information: OCHSNER REHABILITATION HOSPITAL associated with Ochsner Health,0.8,False,html,Dataset: CMS Inpatient Rehabilitation Facility - General Information
ENCOMPASS HEALTH REHAB HOSPITAL OF SALISBURY,ENCOMPASS HEALTH REHAB HOSPITAL OF SALISBURY,Encompass Health,ENCOMPASS HEALTH,IRF,SALISBURY,MD,inferred_idn_relationship,Facility name contains 'ENCOMPASS HEALTH',CMS Inpatient Rehabilitation Facility - General Information,https://data.cms.gov/provider-data/dataset/7t8x-u3ir,2026-02-25,2026-04-19,Name match in CMS Inpatient Rehabilitation Facility - General Information: ENCOMPASS HEALTH REHAB HOSPITAL OF SALISBURY associated with Encompass Health,0.8,False,html,Dataset: CMS Inpatient Rehabilitation Facility - General Information
ENCOMPASS HEALTH REHABILITATION HOSP OF NEW ENGLAN,ENCOMPASS HEALTH REHABILITATION HOSP OF NEW ENGLAN,Encompass Health,ENCOMPASS HEALTH,IRF,WOBURN,MA,inferred_idn_relationship,Facility name contains 'ENCOMPASS HEALTH',CMS Inpatient Rehabilitation Facility - General Information,https://data.cms.gov/provider-data/dataset/7t8x-u3ir,2026-02-25,2026-04-19,Name match in CMS Inpatient Rehabilitation Facility - General Information: ENCOMPASS HEALTH REHABILITATION HOSP OF NEW ENGLAN associated with Encompass Health,0.8,False,html,Dataset: CMS Inpatient Rehabilitation Facility - General Information
ENCOMPASS HEALTH BRAINTREE HOSPITAL OF BRAINTREE,ENCOMPASS HEALTH BRAINTREE HOSPITAL OF BRAINTREE,Encompass Health,ENCOMPASS HEALTH,IRF,BRAINTREE,MA,inferred_idn_relationship,Facility name contains 'ENCOMPASS HEALTH',CMS Inpatient Rehabilitation Facility - General Information,https://data.cms.gov/provider-data/dataset/7t8x-u3ir,2026-02-25,2026-04-19,Name match in CMS Inpatient Rehabilitation Facility - General Information: ENCOMPASS HEALTH BRAINTREE HOSPITAL OF BRAINTREE associated with Encompass Health,0.8,False,html,Dataset: CMS Inpatient Rehabilitation Facility - General Information
ENCOMPASS HEALTH REHAB HOSPITAL OF WESTERN MASS,ENCOMPASS HEALTH REHAB HOSPITAL OF WESTERN MASS,Encompass Health,ENCOMPASS HEALTH,IRF,LUDLOW,MA,inferred_idn_relationship,Facility name contains 'ENCOMPASS HEALTH',CMS Inpatient Rehabilitation Facility - General Information,https://data.cms.gov/provider-data/dataset/7t8x-u3ir,2026-02-25,2026-04-19,Name match in CMS Inpatient Rehabilitation Facility - General Information: ENCOMPASS HEALTH REHAB HOSPITAL OF WESTERN MASS associated with Encompass Health,0.8,False,html,Dataset: CMS Inpatient Rehabilitation Facility - General Information
ST MARY MERCY HOSPITAL,ST MARY MERCY HOSPITAL,Mercy,MERCY,IRF,LIVONIA,MI,inferred_idn_relationship,Facility name contains 'MERCY ',CMS Inpatient Rehabilitation Facility - General Information,https://data.cms.gov/provider-data/dataset/7t8x-u3ir,2026-02-25,2026-04-19,Name match in CMS Inpatient Rehabilitation Facility - General Information: ST MARY MERCY HOSPITAL associated with Mercy,0.8,False,html,Dataset: CMS Inpatient Rehabilitation Facility - General Information
ASCENSION PROVIDENCE HOSPITAL SOUTHFIELD CAMPUS,ASCENSION PROVIDENCE HOSPITAL SOUTHFIELD CAMPUS,Ascension,ASCENSION,IRF,SOUTHFIELD,MI,inferred_idn_relationship,Facility name contains 'ASCENSION',CMS Inpatient Rehabilitation Facility - General Information,https://data.cms.gov/provider-data/dataset/7t8x-u3ir,2026-02-25,2026-04-19,Name match in CMS Inpatient Rehabilitation Facility - General Information: ASCENSION PROVIDENCE HOSPITAL SOUTHFIELD CAMPUS associated with Ascension,0.8,False,html,Dataset: CMS Inpatient Rehabilitation Facility - General Information
ST JOSEPH MERCY - OAKLAND,ST JOSEPH MERCY - OAKLAND,Mercy,MERCY,IRF,PONTIAC,MI,inferred_idn_relationship,Facility name contains 'MERCY ',CMS Inpatient Rehabilitation Facility - General Information,https://data.cms.gov/provider-data/dataset/7t8x-u3ir,2026-02-25,2026-04-19,Name match in CMS Inpatient Rehabilitation Facility - General Information: ST JOSEPH MERCY - OAKLAND associated with Mercy,0.8,False,html,Dataset: CMS Inpatient Rehabilitation Facility - General Information
HENRY FORD WYANDOTTE HOSPITAL,HENRY FORD WYANDOTTE HOSPITAL,Henry Ford Health System,HENRY FORD HEALTH SYSTEM,IRF,WYANDOTTE,MI,inferred_idn_relationship,Facility name contains 'HENRY FORD',CMS Inpatient Rehabilitation Facility - General Information,https://data.cms.gov/provider-data/dataset/7t8x-u3ir,2026-02-25,2026-04-19,Name match in CMS Inpatient Rehabilitation Facility - General Information: HENRY FORD WYANDOTTE HOSPITAL associated with Henry Ford Health System,0.8,False,html,Dataset: CMS Inpatient Rehabilitation Facility - General Information
ST. JOSEPH MERCY HOSPITAL-ANN ARBOR,ST. JOSEPH MERCY HOSPITAL-ANN ARBOR,Mercy,MERCY,IRF,ANN ARBOR,MI,inferred_idn_relationship,Facility name contains 'MERCY ',CMS Inpatient Rehabilitation Facility - General Information,https://data.cms.gov/provider-data/dataset/7t8x-u3ir,2026-02-25,2026-04-19,Name match in CMS Inpatient Rehabilitation Facility - General Information: ST. JOSEPH MERCY HOSPITAL-ANN ARBOR associated with Mercy,0.8,False,html,Dataset: CMS Inpatient Rehabilitation Facility - General Information
ASCENSION ST JOHN HOSPITAL,ASCENSION ST JOHN HOSPITAL,Ascension,ASCENSION,IRF,DETROIT,MI,inferred_idn_relationship,Facility name contains 'ASCENSION',CMS Inpatient Rehabilitation Facility - General Information,https://data.cms.gov/provider-data/dataset/7t8x-u3ir,2026-02-25,2026-04-19,Name match in CMS Inpatient Rehabilitation Facility - General Information: ASCENSION ST JOHN HOSPITAL associated with Ascension,0.8,False,html,Dataset: CMS Inpatient Rehabilitation Facility - General Information
ASCENSION MACOMB-OAKLAND HOSPITAL WARREN CAMPUS,ASCENSION MACOMB-OAKLAND HOSPITAL WARREN CAMPUS,Ascension,ASCENSION,IRF,WARREN,MI,inferred_idn_relationship,Facility name contains 'ASCENSION',CMS Inpatient Rehabilitation Facility - General Information,https://data.cms.gov/provider-data/dataset/7t8x-u3ir,2026-02-25,2026-04-19,Name match in CMS Inpatient Rehabilitation Facility - General Information: ASCENSION MACOMB-OAKLAND HOSPITAL WARREN CAMPUS associated with Ascension,0.8,False,html,Dataset: CMS Inpatient Rehabilitation Facility - General Information
ASCENSION CRITTENTON HOSPITAL,ASCENSION CRITTENTON HOSPITAL,Ascension,ASCENSION,IRF,ROCHESTER,MI,inferred_idn_relationship,Facility name contains 'ASCENSION',CMS Inpatient Rehabilitation Facility - General Information,https://data.cms.gov/provider-data/dataset/7t8x-u3ir,2026-02-25,2026-04-19,Name match in CMS Inpatient Rehabilitation Facility - General Information: ASCENSION CRITTENTON HOSPITAL associated with Ascension,0.8,False,html,Dataset: CMS Inpatient Rehabilitation Facility - General Information
"ENCOMPASS HEALTH REHABILITATION HOSPITAL, PARTNER","ENCOMPASS HEALTH REHABILITATION HOSPITAL, PARTNER",Encompass Health,ENCOMPASS HEALTH,IRF,GULFPORT,MS,inferred_idn_relationship,Facility name contains 'ENCOMPASS HEALTH',CMS Inpatient Rehabilitation Facility - General Information,https://data.cms.gov/provider-data/dataset/7t8x-u3ir,2026-02-25,2026-04-19,"Name match in CMS Inpatient Rehabilitation Facility - General Information: ENCOMPASS HEALTH REHABILITATION HOSPITAL, PARTNER associated with Encompass Health",0.8,False,html,Dataset: CMS Inpatient Rehabilitation Facility - General Information
MISSISSIPPI METHODIST REHABILITATION CENTER,MISSISSIPPI METHODIST REHABILITATION CENTER,Methodist Health System,METHODIST HEALTH SYSTEM,IRF,JACKSON,MS,inferred_idn_relationship,Facility name contains 'METHODIST ',CMS Inpatient Rehabilitation Facility - General Information,https://data.cms.gov/provider-data/dataset/7t8x-u3ir,2026-02-25,2026-04-19,Name match in CMS Inpatient Rehabilitation Facility - General Information: MISSISSIPPI METHODIST REHABILITATION CENTER associated with Methodist Health System,0.8,False,html,Dataset: CMS Inpatient Rehabilitation Facility - General Information
MERCY REHABILITATION HOSPITAL ST LOUIS,MERCY REHABILITATION HOSPITAL ST LOUIS,Mercy,MERCY,IRF,CHESTERFIELD,MO,inferred_idn_relationship,Facility name contains 'MERCY ',CMS Inpatient Rehabilitation Facility - General Information,https://data.cms.gov/provider-data/dataset/7t8x-u3ir,2026-02-25,2026-04-19,Name match in CMS Inpatient Rehabilitation Facility - General Information: MERCY REHABILITATION HOSPITAL ST LOUIS associated with Mercy,0.8,False,html,Dataset: CMS Inpatient Rehabilitation Facility - General Information
MERCY REHABILITATION HOSPITAL SPRINGFIELD,MERCY REHABILITATION HOSPITAL SPRINGFIELD,Mercy,MERCY,IRF,SPRINGFIELD,MO,inferred_idn_relationship,Facility name contains 'MERCY ',CMS Inpatient Rehabilitation Facility - General Information,https://data.cms.gov/provider-data/dataset/7t8x-u3ir,2026-02-25,2026-04-19,Name match in CMS Inpatient Rehabilitation Facility - General Information: MERCY REHABILITATION HOSPITAL SPRINGFIELD associated with Mercy,0.8,False,html,Dataset: CMS Inpatient Rehabilitation Facility - General Information
MERCY REHABILITATION HOSPITAL SOUTH,MERCY REHABILITATION HOSPITAL SOUTH,Mercy,MERCY,IRF,SAINT LOUIS,MO,inferred_idn_relationship,Facility name contains 'MERCY ',CMS Inpatient Rehabilitation Facility - General Information,https://data.cms.gov/provider-data/dataset/7t8x-u3ir,2026-02-25,2026-04-19,Name match in CMS Inpatient Rehabilitation Facility - General Information: MERCY REHABILITATION HOSPITAL SOUTH associated with Mercy,0.8,False,html,Dataset: CMS Inpatient Rehabilitation Facility - General Information
METHODIST REHABILITATION HOSPITAL,METHODIST REHABILITATION HOSPITAL,Methodist Health System,METHODIST HEALTH SYSTEM,IRF,OMAHA,NE,inferred_idn_relationship,Facility name contains 'METHODIST ',CMS Inpatient Rehabilitation Facility - General Information,https://data.cms.gov/provider-data/dataset/7t8x-u3ir,2026-02-25,2026-04-19,Name match in CMS Inpatient Rehabilitation Facility - General Information: METHODIST REHABILITATION HOSPITAL associated with Methodist Health System,0.8,False,html,Dataset: CMS Inpatient Rehabilitation Facility - General Information
ENCOMPASS HEALTH REHABILITATION HOSPITAL OF LV,ENCOMPASS HEALTH REHABILITATION HOSPITAL OF LV,Encompass Health,ENCOMPASS HEALTH,IRF,LAS VEGAS,NV,inferred_idn_relationship,Facility name contains 'ENCOMPASS HEALTH',CMS Inpatient Rehabilitation Facility - General Information,https://data.cms.gov/provider-data/dataset/7t8x-u3ir,2026-02-25,2026-04-19,Name match in CMS Inpatient Rehabilitation Facility - General Information: ENCOMPASS HEALTH REHABILITATION HOSPITAL OF LV associated with Encompass Health,0.8,False,html,Dataset: CMS Inpatient Rehabilitation Facility - General Information
ENCOMPASS HEALTH REHABILITATION HOSPITAL OF HENDER,ENCOMPASS HEALTH REHABILITATION HOSPITAL OF HENDER,Encompass Health,ENCOMPASS HEALTH,IRF,HENDERSON,NV,inferred_idn_relationship,Facility name contains 'ENCOMPASS HEALTH',CMS Inpatient Rehabilitation Facility - General Information,https://data.cms.gov/provider-data/dataset/7t8x-u3ir,2026-02-25,2026-04-19,Name match in CMS Inpatient Rehabilitation Facility - General Information: ENCOMPASS HEALTH REHABILITATION HOSPITAL OF HENDER associated with Encompass Health,0.8,False,html,Dataset: CMS Inpatient Rehabilitation Facility - General Information
ENCOMPASS HEALTH REHAB HOSPITAL OF DESERT CANYON,ENCOMPASS HEALTH REHAB HOSPITAL OF DESERT CANYON,Encompass Health,ENCOMPASS HEALTH,IRF,LAS VEGAS,NV,inferred_idn_relationship,Facility name contains 'ENCOMPASS HEALTH',CMS Inpatient Rehabilitation Facility - General Information,https://data.cms.gov/provider-data/dataset/7t8x-u3ir,2026-02-25,2026-04-19,Name match in CMS Inpatient Rehabilitation Facility - General Information: ENCOMPASS HEALTH REHAB HOSPITAL OF DESERT CANYON associated with Encompass Health,0.8,False,html,Dataset: CMS Inpatient Rehabilitation Facility - General Information
KINDRED HOSPITAL LAS VEGAS- FLAMINGO CAMPUS,KINDRED HOSPITAL LAS VEGAS- FLAMINGO CAMPUS,Kindred Healthcare,KINDRED HEALTHCARE,IRF,LAS VEGAS,NV,inferred_idn_relationship,Facility name contains 'KINDRED ',CMS Inpatient Rehabilitation Facility - General Information,https://data.cms.gov/provider-data/dataset/7t8x-u3ir,2026-02-25,2026-04-19,Name match in CMS Inpatient Rehabilitation Facility - General Information: KINDRED HOSPITAL LAS VEGAS- FLAMINGO CAMPUS associated with Kindred Healthcare,0.8,False,html,Dataset: CMS Inpatient Rehabilitation Facility - General Information
ENCOMPASS HEALTH REHABILITATION HOSPITAL OF CONCOR,ENCOMPASS HEALTH REHABILITATION HOSPITAL OF CONCOR,Encompass Health,ENCOMPASS HEALTH,IRF,CONCORD,NH,inferred_idn_relationship,Facility name contains 'ENCOMPASS HEALTH',CMS Inpatient Rehabilitation Facility - General Information,https://data.cms.gov/provider-data/dataset/7t8x-u3ir,2026-02-25,2026-04-19,Name match in CMS Inpatient Rehabilitation Facility - General Information: ENCOMPASS HEALTH REHABILITATION HOSPITAL OF CONCOR associated with Encompass Health,0.8,False,html,Dataset: CMS Inpatient Rehabilitation Facility - General Information
ENCOMPASS HEALTH REHAB HOSPITAL OF TOMS RIVER,ENCOMPASS HEALTH REHAB HOSPITAL OF TOMS RIVER,Encompass Health,ENCOMPASS HEALTH,IRF,TOMS RIVER,NJ,inferred_idn_relationship,Facility name contains 'ENCOMPASS HEALTH',CMS Inpatient Rehabilitation Facility - General Information,https://data.cms.gov/provider-data/dataset/7t8x-u3ir,2026-02-25,2026-04-19,Name match in CMS Inpatient Rehabilitation Facility - General Information: ENCOMPASS HEALTH REHAB HOSPITAL OF TOMS RIVER associated with Encompass Health,0.8,False,html,Dataset: CMS Inpatient Rehabilitation Facility - General Information
ENCOMPASS HEALTH REHAB HOSPITAL OF TINTON FALLS,ENCOMPASS HEALTH REHAB HOSPITAL OF TINTON FALLS,Encompass Health,ENCOMPASS HEALTH,IRF,TINTON FALLS,NJ,inferred_idn_relationship,Facility name contains 'ENCOMPASS HEALTH',CMS Inpatient Rehabilitation Facility - General Information,https://data.cms.gov/provider-data/dataset/7t8x-u3ir,2026-02-25,2026-04-19,Name match in CMS Inpatient Rehabilitation Facility - General Information: ENCOMPASS HEALTH REHAB HOSPITAL OF TINTON FALLS associated with Encompass Health,0.8,False,html,Dataset: CMS Inpatient Rehabilitation Facility - General Information
ENCOMPASS HEALTH REHAB HOSPITAL OF VINELAND,ENCOMPASS HEALTH REHAB HOSPITAL OF VINELAND,Encompass Health,ENCOMPASS HEALTH,IRF,VINELAND,NJ,inferred_idn_relationship,Facility name contains 'ENCOMPASS HEALTH',CMS Inpatient Rehabilitation Facility - General Information,https://data.cms.gov/provider-data/dataset/7t8x-u3ir,2026-02-25,2026-04-19,Name match in CMS Inpatient Rehabilitation Facility - General Information: ENCOMPASS HEALTH REHAB HOSPITAL OF VINELAND associated with Encompass Health,0.8,False,html,Dataset: CMS Inpatient Rehabilitation Facility - General Information
PENN MEDICINE PRINCETON MEDICAL CENTER,PENN MEDICINE PRINCETON MEDICAL CENTER,Penn Medicine,PENN MEDICINE,IRF,PLAINSBORO,NJ,inferred_idn_relationship,Facility name contains 'PENN MEDICINE',CMS Inpatient Rehabilitation Facility - General Information,https://data.cms.gov/provider-data/dataset/7t8x-u3ir,2026-02-25,2026-04-19,Name match in CMS Inpatient Rehabilitation Facility - General Information: PENN MEDICINE PRINCETON MEDICAL CENTER associated with Penn Medicine,0.8,False,html,Dataset: CMS Inpatient Rehabilitation Facility - General Information
ENCOMPASS HEALTH REHABILITATION HOSPITAL OF ALBUQU,ENCOMPASS HEALTH REHABILITATION HOSPITAL OF ALBUQU,Encompass Health,ENCOMPASS HEALTH,IRF,ALBUQUERQUE,NM,inferred_idn_relationship,Facility name contains 'ENCOMPASS HEALTH',CMS Inpatient Rehabilitation Facility - General Information,https://data.cms.gov/provider-data/dataset/7t8x-u3ir,2026-02-25,2026-04-19,Name match in CMS Inpatient Rehabilitation Facility - General Information: ENCOMPASS HEALTH REHABILITATION HOSPITAL OF ALBUQU associated with Encompass Health,0.8,False,html,Dataset: CMS Inpatient Rehabilitation Facility - General Information
UPMC CHAUTAUQUA,UPMC CHAUTAUQUA,UPMC,UPMC,IRF,JAMESTOWN,NY,inferred_idn_relationship,Facility name contains 'UPMC',CMS Inpatient Rehabilitation Facility - General Information,https://data.cms.gov/provider-data/dataset/7t8x-u3ir,2026-02-25,2026-04-19,Name match in CMS Inpatient Rehabilitation Facility - General Information: UPMC CHAUTAUQUA associated with UPMC,0.8,False,html,Dataset: CMS Inpatient Rehabilitation Facility - General Information
BUFFALO MERCY REHABILITATION UNIT,BUFFALO MERCY REHABILITATION UNIT,Mercy,MERCY,IRF,BUFFALO,NY,inferred_idn_relationship,Facility name contains 'MERCY ',CMS Inpatient Rehabilitation Facility - General Information,https://data.cms.gov/provider-data/dataset/7t8x-u3ir,2026-02-25,2026-04-19,Name match in CMS Inpatient Rehabilitation Facility - General Information: BUFFALO MERCY REHABILITATION UNIT associated with Mercy,0.8,False,html,Dataset: CMS Inpatient Rehabilitation Facility - General Information
NOVANT HEALTH REHABILITATION HOSPITAL,NOVANT HEALTH REHABILITATION HOSPITAL,Novant Health,NOVANT HEALTH,IRF,WINSTON-SALEM,NC,inferred_idn_relationship,Facility name contains 'NOVANT HEALTH',CMS Inpatient Rehabilitation Facility - General Information,https://data.cms.gov/provider-data/dataset/7t8x-u3ir,2026-02-25,2026-04-19,Name match in CMS Inpatient Rehabilitation Facility - General Information: NOVANT HEALTH REHABILITATION HOSPITAL associated with Novant Health,0.8,False,html,Dataset: CMS Inpatient Rehabilitation Facility - General Information
SANFORD HEALTH SYSTEM,SANFORD HEALTH SYSTEM,Sanford Health,SANFORD HEALTH,IRF,FARGO,ND,inferred_idn_relationship,Facility name contains 'SANFORD HEALTH',CMS Inpatient Rehabilitation Facility - General Information,https://data.cms.gov/provider-data/dataset/7t8x-u3ir,2026-02-25,2026-04-19,Name match in CMS Inpatient Rehabilitation Facility - General Information: SANFORD HEALTH SYSTEM associated with Sanford Health,0.8,False,html,Dataset: CMS Inpatient Rehabilitation Facility - General Information
ENCOMPASS HEALTH REHABILITATION HOSPITAL OF CINCIN,ENCOMPASS HEALTH REHABILITATION HOSPITAL OF CINCIN,Encompass Health,ENCOMPASS HEALTH,IRF,CINCINNATI,OH,inferred_idn_relationship,Facility name contains 'ENCOMPASS HEALTH',CMS Inpatient Rehabilitation Facility - General Information,https://data.cms.gov/provider-data/dataset/7t8x-u3ir,2026-02-25,2026-04-19,Name match in CMS Inpatient Rehabilitation Facility - General Information: ENCOMPASS HEALTH REHABILITATION HOSPITAL OF CINCIN associated with Encompass Health,0.8,False,html,Dataset: CMS Inpatient Rehabilitation Facility - General Information
CLEVELAND CLINIC REHABILITATION HOSPITALS LLC,CLEVELAND CLINIC REHABILITATION HOSPITALS LLC,Cleveland Clinic,CLEVELAND CLINIC,IRF,AVON,OH,inferred_idn_relationship,Facility name contains 'CLEVELAND CLINIC',CMS Inpatient Rehabilitation Facility - General Information,https://data.cms.gov/provider-data/dataset/7t8x-u3ir,2026-02-25,2026-04-19,Name match in CMS Inpatient Rehabilitation Facility - General Information: CLEVELAND CLINIC REHABILITATION HOSPITALS LLC associated with Cleveland Clinic,0.8,False,html,Dataset: CMS Inpatient Rehabilitation Facility - General Information
ENCOMPASS HEALTH REHAB HOSPITAL OF TOLEDO,ENCOMPASS HEALTH REHAB HOSPITAL OF TOLEDO,Encompass Health,ENCOMPASS HEALTH,IRF,TOLEDO,OH,inferred_idn_relationship,Facility name contains 'ENCOMPASS HEALTH',CMS Inpatient Rehabilitation Facility - General Information,https://data.cms.gov/provider-data/dataset/7t8x-u3ir,2026-02-25,2026-04-19,Name match in CMS Inpatient Rehabilitation Facility - General Information: ENCOMPASS HEALTH REHAB HOSPITAL OF TOLEDO associated with Encompass Health,0.8,False,html,Dataset: CMS Inpatient Rehabilitation Facility - General Information
"MERCY HEALTH REHABILITATION HOSPITAL, LLC","MERCY HEALTH REHABILITATION HOSPITAL, LLC",Mercy,MERCY,IRF,YOUNGSTOWN,OH,inferred_idn_relationship,Facility name contains 'MERCY ',CMS Inpatient Rehabilitation Facility - General Information,https://data.cms.gov/provider-data/dataset/7t8x-u3ir,2026-02-25,2026-04-19,"Name match in CMS Inpatient Rehabilitation Facility - General Information: MERCY HEALTH REHABILITATION HOSPITAL, LLC associated with Mercy",0.8,False,html,Dataset: CMS Inpatient Rehabilitation Facility - General Information
MERCY HEALTH ANDERSON HOSPITAL - REHAB UNIT,MERCY HEALTH ANDERSON HOSPITAL - REHAB UNIT,Mercy,MERCY,IRF,CINCINNATI,OH,inferred_idn_relationship,Facility name contains 'MERCY ',CMS Inpatient Rehabilitation Facility - General Information,https://data.cms.gov/provider-data/dataset/7t8x-u3ir,2026-02-25,2026-04-19,Name match in CMS Inpatient Rehabilitation Facility - General Information: MERCY HEALTH ANDERSON HOSPITAL - REHAB UNIT associated with Mercy,0.8,False,html,Dataset: CMS Inpatient Rehabilitation Facility - General Information
JEWISH HOSPITAL-MERCY HEALTH,JEWISH HOSPITAL-MERCY HEALTH,Mercy,MERCY,IRF,CINCINNATI,OH,inferred_idn_relationship,Facility name contains 'MERCY ',CMS Inpatient Rehabilitation Facility - General Information,https://data.cms.gov/provider-data/dataset/7t8x-u3ir,2026-02-25,2026-04-19,Name match in CMS Inpatient Rehabilitation Facility - General Information: JEWISH HOSPITAL-MERCY HEALTH associated with Mercy,0.8,False,html,Dataset: CMS Inpatient Rehabilitation Facility - General Information
MERCY HOSPITAL FAIRFIELD,MERCY HOSPITAL FAIRFIELD,Mercy,MERCY,IRF,FAIRFIELD,OH,inferred_idn_relationship,Facility name contains 'MERCY ',CMS Inpatient Rehabilitation Facility - General Information,https://data.cms.gov/provider-data/dataset/7t8x-u3ir,2026-02-25,2026-04-19,Name match in CMS Inpatient Rehabilitation Facility - General Information: MERCY HOSPITAL FAIRFIELD associated with Mercy,0.8,False,html,Dataset: CMS Inpatient Rehabilitation Facility - General Information
AULTMAN WOODLAWN,AULTMAN WOODLAWN,Aultman Health Foundation,AULTMAN HEALTH FOUNDATION,IRF,CANTON,OH,inferred_idn_relationship,Facility name contains 'AULTMAN',CMS Inpatient Rehabilitation Facility - General Information,https://data.cms.gov/provider-data/dataset/7t8x-u3ir,2026-02-25,2026-04-19,Name match in CMS Inpatient Rehabilitation Facility - General Information: AULTMAN WOODLAWN associated with Aultman Health Foundation,0.8,False,html,Dataset: CMS Inpatient Rehabilitation Facility - General Information
MERCY ST CHARLES ACUTE INPATIENT REHABILITATION,MERCY ST CHARLES ACUTE INPATIENT REHABILITATION,Mercy,MERCY,IRF,OREGON,OH,inferred_idn_relationship,Facility name contains 'MERCY ',CMS Inpatient Rehabilitation Facility - General Information,https://data.cms.gov/provider-data/dataset/7t8x-u3ir,2026-02-25,2026-04-19,Name match in CMS Inpatient Rehabilitation Facility - General Information: MERCY ST CHARLES ACUTE INPATIENT REHABILITATION associated with Mercy,0.8,False,html,Dataset: CMS Inpatient Rehabilitation Facility - General Information
MERCY WEST HOSPITAL,MERCY WEST HOSPITAL,Mercy,MERCY,IRF,CINCINNATI,OH,inferred_idn_relationship,Facility name contains 'MERCY ',CMS Inpatient Rehabilitation Facility - General Information,https://data.cms.gov/provider-data/dataset/7t8x-u3ir,2026-02-25,2026-04-19,Name match in CMS Inpatient Rehabilitation Facility - General Information: MERCY WEST HOSPITAL associated with Mercy,0.8,False,html,Dataset: CMS Inpatient Rehabilitation Facility - General Information
MERCY REHABILITATION HOSPITAL OKLAHOMA CITY,MERCY REHABILITATION HOSPITAL OKLAHOMA CITY,Mercy,MERCY,IRF,OKLAHOMA CITY,OK,inferred_idn_relationship,Facility name contains 'MERCY ',CMS Inpatient Rehabilitation Facility - General Information,https://data.cms.gov/provider-data/dataset/7t8x-u3ir,2026-02-25,2026-04-19,Name match in CMS Inpatient Rehabilitation Facility - General Information: MERCY REHABILITATION HOSPITAL OKLAHOMA CITY associated with Mercy,0.8,False,html,Dataset: CMS Inpatient Rehabilitation Facility - General Information
ASCENSION ST JOHN REHABILITATION HOSPITAL OF OWASS,ASCENSION ST JOHN REHABILITATION HOSPITAL OF OWASS,Ascension,ASCENSION,IRF,OWASSO,OK,inferred_idn_relationship,Facility name contains 'ASCENSION',CMS Inpatient Rehabilitation Facility - General Information,https://data.cms.gov/provider-data/dataset/7t8x-u3ir,2026-02-25,2026-04-19,Name match in CMS Inpatient Rehabilitation Facility - General Information: ASCENSION ST JOHN REHABILITATION HOSPITAL OF OWASS associated with Ascension,0.8,False,html,Dataset: CMS Inpatient Rehabilitation Facility - General Information
HILLCREST KAISER REHABILITATION CENTER,HILLCREST KAISER REHABILITATION CENTER,Kaiser Permanente,KAISER PERMANENTE,IRF,TULSA,OK,inferred_idn_relationship,Facility name contains 'KAISER ',CMS Inpatient Rehabilitation Facility - General Information,https://data.cms.gov/provider-data/dataset/7t8x-u3ir,2026-02-25,2026-04-19,Name match in CMS Inpatient Rehabilitation Facility - General Information: HILLCREST KAISER REHABILITATION CENTER associated with Kaiser Permanente,0.8,False,html,Dataset: CMS Inpatient Rehabilitation Facility - General Information
MERCY HOSPITAL ARDMORE,MERCY HOSPITAL ARDMORE,Mercy,MERCY,IRF,ARDMORE,OK,inferred_idn_relationship,Facility name contains 'MERCY ',CMS Inpatient Rehabilitation Facility - General Information,https://data.cms.gov/provider-data/dataset/7t8x-u3ir,2026-02-25,2026-04-19,Name match in CMS Inpatient Rehabilitation Facility - General Information: MERCY HOSPITAL ARDMORE associated with Mercy,0.8,False,html,Dataset: CMS Inpatient Rehabilitation Facility - General Information
ENCOMPASS HEALTH REHABILITATION HOSPITAL OF READIN,ENCOMPASS HEALTH REHABILITATION HOSPITAL OF READIN,Encompass Health,ENCOMPASS HEALTH,IRF,READING,PA,inferred_idn_relationship,Facility name contains 'ENCOMPASS HEALTH',CMS Inpatient Rehabilitation Facility - General Information,https://data.cms.gov/provider-data/dataset/7t8x-u3ir,2026-02-25,2026-04-19,Name match in CMS Inpatient Rehabilitation Facility - General Information: ENCOMPASS HEALTH REHABILITATION HOSPITAL OF READIN associated with Encompass Health,0.8,False,html,Dataset: CMS Inpatient Rehabilitation Facility - General Information
ENCOMPASS HEALTH REHAB HOSPITAL OF HARMARVILLE,ENCOMPASS HEALTH REHAB HOSPITAL OF HARMARVILLE,Encompass Health,ENCOMPASS HEALTH,IRF,PITTSBURGH,PA,inferred_idn_relationship,Facility name contains 'ENCOMPASS HEALTH',CMS Inpatient Rehabilitation Facility - General Information,https://data.cms.gov/provider-data/dataset/7t8x-u3ir,2026-02-25,2026-04-19,Name match in CMS Inpatient Rehabilitation Facility - General Information: ENCOMPASS HEALTH REHAB HOSPITAL OF HARMARVILLE associated with Encompass Health,0.8,False,html,Dataset: CMS Inpatient Rehabilitation Facility - General Information
ENCOMPASS HEALTH REHABILITATION HOSPITAL OF MECHAN,ENCOMPASS HEALTH REHABILITATION HOSPITAL OF MECHAN,Encompass Health,ENCOMPASS HEALTH,IRF,MECHANICSBURG,PA,inferred_idn_relationship,Facility name contains 'ENCOMPASS HEALTH',CMS Inpatient Rehabilitation Facility - General Information,https://data.cms.gov/provider-data/dataset/7t8x-u3ir,2026-02-25,2026-04-19,Name match in CMS Inpatient Rehabilitation Facility - General Information: ENCOMPASS HEALTH REHABILITATION HOSPITAL OF MECHAN associated with Encompass Health,0.8,False,html,Dataset: CMS Inpatient Rehabilitation Facility - General Information
"ENCOMPASS HEALTH REHABILITATION HOSPITAL OF YORK,","ENCOMPASS HEALTH REHABILITATION HOSPITAL OF YORK,",Encompass Health,ENCOMPASS HEALTH,IRF,YORK,PA,inferred_idn_relationship,Facility name contains 'ENCOMPASS HEALTH',CMS Inpatient Rehabilitation Facility - General Information,https://data.cms.gov/provider-data/dataset/7t8x-u3ir,2026-02-25,2026-04-19,"Name match in CMS Inpatient Rehabilitation Facility - General Information: ENCOMPASS HEALTH REHABILITATION HOSPITAL OF YORK, associated with Encompass Health",0.8,False,html,Dataset: CMS Inpatient Rehabilitation Facility - General Information
ENCOMPASS HEALTH REHABILITATION HOSPITAL OF NITTAN,ENCOMPASS HEALTH REHABILITATION HOSPITAL OF NITTAN,Encompass Health,ENCOMPASS HEALTH,IRF,PLEASANT GAP,PA,inferred_idn_relationship,Facility name contains 'ENCOMPASS HEALTH',CMS Inpatient Rehabilitation Facility - General Information,https://data.cms.gov/provider-data/dataset/7t8x-u3ir,2026-02-25,2026-04-19,Name match in CMS Inpatient Rehabilitation Facility - General Information: ENCOMPASS HEALTH REHABILITATION HOSPITAL OF NITTAN associated with Encompass Health,0.8,False,html,Dataset: CMS Inpatient Rehabilitation Facility - General Information
ENCOMPASS HEALTH REHABILITATION HOSPITAL OF ALTOON,ENCOMPASS HEALTH REHABILITATION HOSPITAL OF ALTOON,Encompass Health,ENCOMPASS HEALTH,IRF,ALTOONA,PA,inferred_idn_relationship,Facility name contains 'ENCOMPASS HEALTH',CMS Inpatient Rehabilitation Facility - General Information,https://data.cms.gov/provider-data/dataset/7t8x-u3ir,2026-02-25,2026-04-19,Name match in CMS Inpatient Rehabilitation Facility - General Information: ENCOMPASS HEALTH REHABILITATION HOSPITAL OF ALTOON associated with Encompass Health,0.8,False,html,Dataset: CMS Inpatient Rehabilitation Facility - General Information
ENCOMPASS HEALTH REHABILITATION HOSP OF SEWICKLEY,ENCOMPASS HEALTH REHABILITATION HOSP OF SEWICKLEY,Encompass Health,ENCOMPASS HEALTH,IRF,SEWICKLEY,PA,inferred_idn_relationship,Facility name contains 'ENCOMPASS HEALTH',CMS Inpatient Rehabilitation Facility - General Information,https://data.cms.gov/provider-data/dataset/7t8x-u3ir,2026-02-25,2026-04-19,Name match in CMS Inpatient Rehabilitation Facility - General Information: ENCOMPASS HEALTH REHABILITATION HOSP OF SEWICKLEY associated with Encompass Health,0.8,False,html,Dataset: CMS Inpatient Rehabilitation Facility - General Information
"ENCOMPASS HEALTH REHABILITATION HOSPITAL OF ERIE,","ENCOMPASS HEALTH REHABILITATION HOSPITAL OF ERIE,",Encompass Health,ENCOMPASS HEALTH,IRF,ERIE,PA,inferred_idn_relationship,Facility name contains 'ENCOMPASS HEALTH',CMS Inpatient Rehabilitation Facility - General Information,https://data.cms.gov/provider-data/dataset/7t8x-u3ir,2026-02-25,2026-04-19,"Name match in CMS Inpatient Rehabilitation Facility - General Information: ENCOMPASS HEALTH REHABILITATION HOSPITAL OF ERIE, associated with Encompass Health",0.8,False,html,Dataset: CMS Inpatient Rehabilitation Facility - General Information
GEISINGER ENCOMPASS HEALTH REHABILITATION HOSPITAL,GEISINGER ENCOMPASS HEALTH REHABILITATION HOSPITAL,Geisinger,GEISINGER,IRF,DANVILLE,PA,inferred_idn_relationship,Facility name contains 'GEISINGER',CMS Inpatient Rehabilitation Facility - General Information,https://data.cms.gov/provider-data/dataset/7t8x-u3ir,2026-02-25,2026-04-19,Name match in CMS Inpatient Rehabilitation Facility - General Information: GEISINGER ENCOMPASS HEALTH REHABILITATION HOSPITAL associated with Geisinger,0.8,False,html,Dataset: CMS Inpatient Rehabilitation Facility - General Information
UPMC SUSQUEHANNA WILLIAMSPORT,UPMC SUSQUEHANNA WILLIAMSPORT,UPMC,UPMC,IRF,WILLIAMSPORT,PA,inferred_idn_relationship,Facility name contains 'UPMC',CMS Inpatient Rehabilitation Facility - General Information,https://data.cms.gov/provider-data/dataset/7t8x-u3ir,2026-02-25,2026-04-19,Name match in CMS Inpatient Rehabilitation Facility - General Information: UPMC SUSQUEHANNA WILLIAMSPORT associated with UPMC,0.8,False,html,Dataset: CMS Inpatient Rehabilitation Facility - General Information
UPMC PINNACLE CARLISLE,UPMC PINNACLE CARLISLE,UPMC,UPMC,IRF,CARLISLE,PA,inferred_idn_relationship,Facility name contains 'UPMC',CMS Inpatient Rehabilitation Facility - General Information,https://data.cms.gov/provider-data/dataset/7t8x-u3ir,2026-02-25,2026-04-19,Name match in CMS Inpatient Rehabilitation Facility - General Information: UPMC PINNACLE CARLISLE associated with UPMC,0.8,False,html,Dataset: CMS Inpatient Rehabilitation Facility - General Information
HOSPITAL OF THE UNIVERSITY OF PENNSYLVANIA,HOSPITAL OF THE UNIVERSITY OF PENNSYLVANIA,Penn Medicine,PENN MEDICINE,IRF,PHILADELPHIA,PA,inferred_idn_relationship,Facility name contains 'UNIVERSITY OF PENNSYLVANIA',CMS Inpatient Rehabilitation Facility - General Information,https://data.cms.gov/provider-data/dataset/7t8x-u3ir,2026-02-25,2026-04-19,Name match in CMS Inpatient Rehabilitation Facility - General Information: HOSPITAL OF THE UNIVERSITY OF PENNSYLVANIA associated with Penn Medicine,0.8,False,html,Dataset: CMS Inpatient Rehabilitation Facility - General Information
MERCY FITZGERALD HOSPITAL,MERCY FITZGERALD HOSPITAL,Mercy,MERCY,IRF,DARBY,PA,inferred_idn_relationship,Facility name contains 'MERCY ',CMS Inpatient Rehabilitation Facility - General Information,https://data.cms.gov/provider-data/dataset/7t8x-u3ir,2026-02-25,2026-04-19,Name match in CMS Inpatient Rehabilitation Facility - General Information: MERCY FITZGERALD HOSPITAL associated with Mercy,0.8,False,html,Dataset: CMS Inpatient Rehabilitation Facility - General Information
UPMC MONTEFIORE,UPMC MONTEFIORE,UPMC,UPMC,IRF,PITTSBURGH,PA,inferred_idn_relationship,Facility name contains 'UPMC',CMS Inpatient Rehabilitation Facility - General Information,https://data.cms.gov/provider-data/dataset/7t8x-u3ir,2026-02-25,2026-04-19,Name match in CMS Inpatient Rehabilitation Facility - General Information: UPMC MONTEFIORE associated with UPMC,0.8,False,html,Dataset: CMS Inpatient Rehabilitation Facility - General Information
KINDRED HOSPITAL PHILADELPHIA,KINDRED HOSPITAL PHILADELPHIA,Kindred Healthcare,KINDRED HEALTHCARE,IRF,LAWNCREST,PA,inferred_idn_relationship,Facility name contains 'KINDRED ',CMS Inpatient Rehabilitation Facility - General Information,https://data.cms.gov/provider-data/dataset/7t8x-u3ir,2026-02-25,2026-04-19,Name match in CMS Inpatient Rehabilitation Facility - General Information: KINDRED HOSPITAL PHILADELPHIA associated with Kindred Healthcare,0.8,False,html,Dataset: CMS Inpatient Rehabilitation Facility - General Information
ENCOMPASS HEALTH REHABILITATION HOSPITAL OF SAN JU,ENCOMPASS HEALTH REHABILITATION HOSPITAL OF SAN JU,Encompass Health,ENCOMPASS HEALTH,IRF,SAN JUAN,PR,inferred_idn_relationship,Facility name contains 'ENCOMPASS HEALTH',CMS Inpatient Rehabilitation Facility - General Information,https://data.cms.gov/provider-data/dataset/7t8x-u3ir,2026-02-25,2026-04-19,Name match in CMS Inpatient Rehabilitation Facility - General Information: ENCOMPASS HEALTH REHABILITATION HOSPITAL OF SAN JU associated with Encompass Health,0.8,False,html,Dataset: CMS Inpatient Rehabilitation Facility - General Information
ENCOMPASS HEALTH REHABILITATION HOSPITAL MANATI,ENCOMPASS HEALTH REHABILITATION HOSPITAL MANATI,Encompass Health,ENCOMPASS HEALTH,IRF,ALTS DE MANATI,PR,inferred_idn_relationship,Facility name contains 'ENCOMPASS HEALTH',CMS Inpatient Rehabilitation Facility - General Information,https://data.cms.gov/provider-data/dataset/7t8x-u3ir,2026-02-25,2026-04-19,Name match in CMS Inpatient Rehabilitation Facility - General Information: ENCOMPASS HEALTH REHABILITATION HOSPITAL MANATI associated with Encompass Health,0.8,False,html,Dataset: CMS Inpatient Rehabilitation Facility - General Information
ENCOMPASS HEALTH REHAB HOSPITAL OF JOHNSTON,ENCOMPASS HEALTH REHAB HOSPITAL OF JOHNSTON,Encompass Health,ENCOMPASS HEALTH,IRF,JOHNSTON,RI,inferred_idn_relationship,Facility name contains 'ENCOMPASS HEALTH',CMS Inpatient Rehabilitation Facility - General Information,https://data.cms.gov/provider-data/dataset/7t8x-u3ir,2026-02-25,2026-04-19,Name match in CMS Inpatient Rehabilitation Facility - General Information: ENCOMPASS HEALTH REHAB HOSPITAL OF JOHNSTON associated with Encompass Health,0.8,False,html,Dataset: CMS Inpatient Rehabilitation Facility - General Information
ENCOMPASS HEALTH REHABILITATION HOSPITAL OF COLA,ENCOMPASS HEALTH REHABILITATION HOSPITAL OF COLA,Encompass Health,ENCOMPASS HEALTH,IRF,COLUMBIA,SC,inferred_idn_relationship,Facility name contains 'ENCOMPASS HEALTH',CMS Inpatient Rehabilitation Facility - General Information,https://data.cms.gov/provider-data/dataset/7t8x-u3ir,2026-02-25,2026-04-19,Name match in CMS Inpatient Rehabilitation Facility - General Information: ENCOMPASS HEALTH REHABILITATION HOSPITAL OF COLA associated with Encompass Health,0.8,False,html,Dataset: CMS Inpatient Rehabilitation Facility - General Information
ENCOMPASS HEALTH REHABILITATION HOSPITAL OF FLORE,ENCOMPASS HEALTH REHABILITATION HOSPITAL OF FLORE,Encompass Health,ENCOMPASS HEALTH,IRF,FLORENCE,SC,inferred_idn_relationship,Facility name contains 'ENCOMPASS HEALTH',CMS Inpatient Rehabilitation Facility - General Information,https://data.cms.gov/provider-data/dataset/7t8x-u3ir,2026-02-25,2026-04-19,Name match in CMS Inpatient Rehabilitation Facility - General Information: ENCOMPASS HEALTH REHABILITATION HOSPITAL OF FLORE associated with Encompass Health,0.8,False,html,Dataset: CMS Inpatient Rehabilitation Facility - General Information
ENCOMPASS HEALTH REHABILITATION HOSPITAL OF ROCK H,ENCOMPASS HEALTH REHABILITATION HOSPITAL OF ROCK H,Encompass Health,ENCOMPASS HEALTH,IRF,ROCK HILL,SC,inferred_idn_relationship,Facility name contains 'ENCOMPASS HEALTH',CMS Inpatient Rehabilitation Facility - General Information,https://data.cms.gov/provider-data/dataset/7t8x-u3ir,2026-02-25,2026-04-19,Name match in CMS Inpatient Rehabilitation Facility - General Information: ENCOMPASS HEALTH REHABILITATION HOSPITAL OF ROCK H associated with Encompass Health,0.8,False,html,Dataset: CMS Inpatient Rehabilitation Facility - General Information
ENCOMPASS HEALTH REHAB HOSPITAL OF BLUFFTON,ENCOMPASS HEALTH REHAB HOSPITAL OF BLUFFTON,Encompass Health,ENCOMPASS HEALTH,IRF,BLUFFTON,SC,inferred_idn_relationship,Facility name contains 'ENCOMPASS HEALTH',CMS Inpatient Rehabilitation Facility - General Information,https://data.cms.gov/provider-data/dataset/7t8x-u3ir,2026-02-25,2026-04-19,Name match in CMS Inpatient Rehabilitation Facility - General Information: ENCOMPASS HEALTH REHAB HOSPITAL OF BLUFFTON associated with Encompass Health,0.8,False,html,Dataset: CMS Inpatient Rehabilitation Facility - General Information
ENCOMPASS HEALTH REHABILITATION HOSPITAL GREENVILL,ENCOMPASS HEALTH REHABILITATION HOSPITAL GREENVILL,Encompass Health,ENCOMPASS HEALTH,IRF,GREENVILLE,SC,inferred_idn_relationship,Facility name contains 'ENCOMPASS HEALTH',CMS Inpatient Rehabilitation Facility - General Information,https://data.cms.gov/provider-data/dataset/7t8x-u3ir,2026-02-25,2026-04-19,Name match in CMS Inpatient Rehabilitation Facility - General Information: ENCOMPASS HEALTH REHABILITATION HOSPITAL GREENVILL associated with Encompass Health,0.8,False,html,Dataset: CMS Inpatient Rehabilitation Facility - General Information
ENCOMPASS HEALTH REHABILITATION HOSPITAL FORT MILL,ENCOMPASS HEALTH REHABILITATION HOSPITAL FORT MILL,Encompass Health,ENCOMPASS HEALTH,IRF,FORT MILL,SC,inferred_idn_relationship,Facility name contains 'ENCOMPASS HEALTH',CMS Inpatient Rehabilitation Facility - General Information,https://data.cms.gov/provider-data/dataset/7t8x-u3ir,2026-02-25,2026-04-19,Name match in CMS Inpatient Rehabilitation Facility - General Information: ENCOMPASS HEALTH REHABILITATION HOSPITAL FORT MILL associated with Encompass Health,0.8,False,html,Dataset: CMS Inpatient Rehabilitation Facility - General Information
PRISMA HEALTH TUOMEY,PRISMA HEALTH TUOMEY,Prisma Health,PRISMA HEALTH,IRF,SUMTER,SC,inferred_idn_relationship,Facility name contains 'PRISMA HEALTH',CMS Inpatient Rehabilitation Facility - General Information,https://data.cms.gov/provider-data/dataset/7t8x-u3ir,2026-02-25,2026-04-19,Name match in CMS Inpatient Rehabilitation Facility - General Information: PRISMA HEALTH TUOMEY associated with Prisma Health,0.8,False,html,Dataset: CMS Inpatient Rehabilitation Facility - General Information
PRISMA HEALTH ROGER C. PEACE REHABILITATION HOSPIT,PRISMA HEALTH ROGER C. PEACE REHABILITATION HOSPIT,Prisma Health,PRISMA HEALTH,IRF,GREENVILLE,SC,inferred_idn_relationship,Facility name contains 'PRISMA HEALTH',CMS Inpatient Rehabilitation Facility - General Information,https://data.cms.gov/provider-data/dataset/7t8x-u3ir,2026-02-25,2026-04-19,Name match in CMS Inpatient Rehabilitation Facility - General Information: PRISMA HEALTH ROGER C. PEACE REHABILITATION HOSPIT associated with Prisma Health,0.8,False,html,Dataset: CMS Inpatient Rehabilitation Facility - General Information
ENCOMPASS HEALTH REHAB HOSPITAL OF SIOUX FALLS,ENCOMPASS HEALTH REHAB HOSPITAL OF SIOUX FALLS,Encompass Health,ENCOMPASS HEALTH,IRF,SIOUX FALLS,SD,inferred_idn_relationship,Facility name contains 'ENCOMPASS HEALTH',CMS Inpatient Rehabilitation Facility - General Information,https://data.cms.gov/provider-data/dataset/7t8x-u3ir,2026-02-25,2026-04-19,Name match in CMS Inpatient Rehabilitation Facility - General Information: ENCOMPASS HEALTH REHAB HOSPITAL OF SIOUX FALLS associated with Encompass Health,0.8,False,html,Dataset: CMS Inpatient Rehabilitation Facility - General Information
VANDERBILT STALLWORTH REHAB HOSPITAL,VANDERBILT STALLWORTH REHAB HOSPITAL,Vanderbilt University Medical Center,VANDERBILT UNIVERSITY MEDICAL CENTER,IRF,NASHVILLE,TN,inferred_idn_relationship,Facility name contains 'VANDERBILT',CMS Inpatient Rehabilitation Facility - General Information,https://data.cms.gov/provider-data/dataset/7t8x-u3ir,2026-02-25,2026-04-19,Name match in CMS Inpatient Rehabilitation Facility - General Information: VANDERBILT STALLWORTH REHAB HOSPITAL associated with Vanderbilt University Medical Center,0.8,False,html,Dataset: CMS Inpatient Rehabilitation Facility - General Information
ENCOMPASS HEALTH REHABILITIATION HOSPITAL OF MEMPH,ENCOMPASS HEALTH REHABILITIATION HOSPITAL OF MEMPH,Encompass Health,ENCOMPASS HEALTH,IRF,MEMPHIS,TN,inferred_idn_relationship,Facility name contains 'ENCOMPASS HEALTH',CMS Inpatient Rehabilitation Facility - General Information,https://data.cms.gov/provider-data/dataset/7t8x-u3ir,2026-02-25,2026-04-19,Name match in CMS Inpatient Rehabilitation Facility - General Information: ENCOMPASS HEALTH REHABILITIATION HOSPITAL OF MEMPH associated with Encompass Health,0.8,False,html,Dataset: CMS Inpatient Rehabilitation Facility - General Information
ENCOMPASS HEALTH METHODIST REHABILITATION HOSPITAL,ENCOMPASS HEALTH METHODIST REHABILITATION HOSPITAL,Methodist Health System,METHODIST HEALTH SYSTEM,IRF,MEMPHIS,TN,inferred_idn_relationship,Facility name contains 'METHODIST ',CMS Inpatient Rehabilitation Facility - General Information,https://data.cms.gov/provider-data/dataset/7t8x-u3ir,2026-02-25,2026-04-19,Name match in CMS Inpatient Rehabilitation Facility - General Information: ENCOMPASS HEALTH METHODIST REHABILITATION HOSPITAL associated with Methodist Health System,0.8,False,html,Dataset: CMS Inpatient Rehabilitation Facility - General Information
ENCOMPASS HEALTH REHABILITATION HOSPITAL OF CHATTA,ENCOMPASS HEALTH REHABILITATION HOSPITAL OF CHATTA,Encompass Health,ENCOMPASS HEALTH,IRF,CHATTANOOGA,TN,inferred_idn_relationship,Facility name contains 'ENCOMPASS HEALTH',CMS Inpatient Rehabilitation Facility - General Information,https://data.cms.gov/provider-data/dataset/7t8x-u3ir,2026-02-25,2026-04-19,Name match in CMS Inpatient Rehabilitation Facility - General Information: ENCOMPASS HEALTH REHABILITATION HOSPITAL OF CHATTA associated with Encompass Health,0.8,False,html,Dataset: CMS Inpatient Rehabilitation Facility - General Information
ENCOMPASS HEALTH REHABILITATION HOSPITAL OF FRANKL,ENCOMPASS HEALTH REHABILITATION HOSPITAL OF FRANKL,Encompass Health,ENCOMPASS HEALTH,IRF,FRANKLIN,TN,inferred_idn_relationship,Facility name contains 'ENCOMPASS HEALTH',CMS Inpatient Rehabilitation Facility - General Information,https://data.cms.gov/provider-data/dataset/7t8x-u3ir,2026-02-25,2026-04-19,Name match in CMS Inpatient Rehabilitation Facility - General Information: ENCOMPASS HEALTH REHABILITATION HOSPITAL OF FRANKL associated with Encompass Health,0.8,False,html,Dataset: CMS Inpatient Rehabilitation Facility - General Information
ASCENSION SAINT THOMAS REHABILITATION HOSPITAL,ASCENSION SAINT THOMAS REHABILITATION HOSPITAL,Ascension,ASCENSION,IRF,NASHVILLE,TN,inferred_idn_relationship,Facility name contains 'ASCENSION',CMS Inpatient Rehabilitation Facility - General Information,https://data.cms.gov/provider-data/dataset/7t8x-u3ir,2026-02-25,2026-04-19,Name match in CMS Inpatient Rehabilitation Facility - General Information: ASCENSION SAINT THOMAS REHABILITATION HOSPITAL associated with Ascension,0.8,False,html,Dataset: CMS Inpatient Rehabilitation Facility - General Information
TIRR MEMORIAL HERMANN,TIRR MEMORIAL HERMANN,Memorial Hermann Health System,MEMORIAL HERMANN HEALTH SYSTEM,IRF,HOUSTON,TX,inferred_idn_relationship,Facility name contains 'MEMORIAL HERMANN',CMS Inpatient Rehabilitation Facility - General Information,https://data.cms.gov/provider-data/dataset/7t8x-u3ir,2026-02-25,2026-04-19,Name match in CMS Inpatient Rehabilitation Facility - General Information: TIRR MEMORIAL HERMANN associated with Memorial Hermann Health System,0.8,False,html,Dataset: CMS Inpatient Rehabilitation Facility - General Information
ENCOMPASS HEALTH REHABILITATION HOSPITAL OF SAN AN,ENCOMPASS HEALTH REHABILITATION HOSPITAL OF SAN AN,Encompass Health,ENCOMPASS HEALTH,IRF,SAN ANTONIO,TX,inferred_idn_relationship,Facility name contains 'ENCOMPASS HEALTH',CMS Inpatient Rehabilitation Facility - General Information,https://data.cms.gov/provider-data/dataset/7t8x-u3ir,2026-02-25,2026-04-19,Name match in CMS Inpatient Rehabilitation Facility - General Information: ENCOMPASS HEALTH REHABILITATION HOSPITAL OF SAN AN associated with Encompass Health,0.8,False,html,Dataset: CMS Inpatient Rehabilitation Facility - General Information
BAYLOR SCOTT & WHITE INSTITUTE FOR REHABILITATION,BAYLOR SCOTT & WHITE INSTITUTE FOR REHABILITATION,Baylor Scott & White Health,BAYLOR SCOTT & WHITE HEALTH,IRF,DALLAS,TX,inferred_idn_relationship,Facility name contains 'BAYLOR SCOTT & WHITE',CMS Inpatient Rehabilitation Facility - General Information,https://data.cms.gov/provider-data/dataset/7t8x-u3ir,2026-02-25,2026-04-19,Name match in CMS Inpatient Rehabilitation Facility - General Information: BAYLOR SCOTT & WHITE INSTITUTE FOR REHABILITATION associated with Baylor Scott & White Health,0.8,False,html,Dataset: CMS Inpatient Rehabilitation Facility - General Information
ENCOMPASS HEALTH REHABILITATION HOSPITAL OF ARLING,ENCOMPASS HEALTH REHABILITATION HOSPITAL OF ARLING,Encompass Health,ENCOMPASS HEALTH,IRF,ARLINGTON,TX,inferred_idn_relationship,Facility name contains 'ENCOMPASS HEALTH',CMS Inpatient Rehabilitation Facility - General Information,https://data.cms.gov/provider-data/dataset/7t8x-u3ir,2026-02-25,2026-04-19,Name match in CMS Inpatient Rehabilitation Facility - General Information: ENCOMPASS HEALTH REHABILITATION HOSPITAL OF ARLING associated with Encompass Health,0.8,False,html,Dataset: CMS Inpatient Rehabilitation Facility - General Information
ENCOMPASS HEALTH REHABILITATION HOSPITAL OF CITY,ENCOMPASS HEALTH REHABILITATION HOSPITAL OF CITY,Encompass Health,ENCOMPASS HEALTH,IRF,FORT WORTH,TX,inferred_idn_relationship,Facility name contains 'ENCOMPASS HEALTH',CMS Inpatient Rehabilitation Facility - General Information,https://data.cms.gov/provider-data/dataset/7t8x-u3ir,2026-02-25,2026-04-19,Name match in CMS Inpatient Rehabilitation Facility - General Information: ENCOMPASS HEALTH REHABILITATION HOSPITAL OF CITY associated with Encompass Health,0.8,False,html,Dataset: CMS Inpatient Rehabilitation Facility - General Information
ENCOMPASS HEALTH REHABILITATION HOSPITAL OF PLANO,ENCOMPASS HEALTH REHABILITATION HOSPITAL OF PLANO,Encompass Health,ENCOMPASS HEALTH,IRF,PLANO,TX,inferred_idn_relationship,Facility name contains 'ENCOMPASS HEALTH',CMS Inpatient Rehabilitation Facility - General Information,https://data.cms.gov/provider-data/dataset/7t8x-u3ir,2026-02-25,2026-04-19,Name match in CMS Inpatient Rehabilitation Facility - General Information: ENCOMPASS HEALTH REHABILITATION HOSPITAL OF PLANO associated with Encompass Health,0.8,False,html,Dataset: CMS Inpatient Rehabilitation Facility - General Information
ENCOMPASS HEALTH REHABILITATION HOSPITAL OF TEXARK,ENCOMPASS HEALTH REHABILITATION HOSPITAL OF TEXARK,Encompass Health,ENCOMPASS HEALTH,IRF,TEXARKANA,TX,inferred_idn_relationship,Facility name contains 'ENCOMPASS HEALTH',CMS Inpatient Rehabilitation Facility - General Information,https://data.cms.gov/provider-data/dataset/7t8x-u3ir,2026-02-25,2026-04-19,Name match in CMS Inpatient Rehabilitation Facility - General Information: ENCOMPASS HEALTH REHABILITATION HOSPITAL OF TEXARK associated with Encompass Health,0.8,False,html,Dataset: CMS Inpatient Rehabilitation Facility - General Information
ENCOMPASS HEALTH REHABILITATION HOSP OF THE WOODLA,ENCOMPASS HEALTH REHABILITATION HOSP OF THE WOODLA,Encompass Health,ENCOMPASS HEALTH,IRF,CONROE,TX,inferred_idn_relationship,Facility name contains 'ENCOMPASS HEALTH',CMS Inpatient Rehabilitation Facility - General Information,https://data.cms.gov/provider-data/dataset/7t8x-u3ir,2026-02-25,2026-04-19,Name match in CMS Inpatient Rehabilitation Facility - General Information: ENCOMPASS HEALTH REHABILITATION HOSP OF THE WOODLA associated with Encompass Health,0.8,False,html,Dataset: CMS Inpatient Rehabilitation Facility - General Information
UT HEALTH EAST TEXAS REHABILITATION HOSPITAL,UT HEALTH EAST TEXAS REHABILITATION HOSPITAL,UT Health,UT HEALTH,IRF,TYLER,TX,inferred_idn_relationship,Facility name contains 'UT HEALTH',CMS Inpatient Rehabilitation Facility - General Information,https://data.cms.gov/provider-data/dataset/7t8x-u3ir,2026-02-25,2026-04-19,Name match in CMS Inpatient Rehabilitation Facility - General Information: UT HEALTH EAST TEXAS REHABILITATION HOSPITAL associated with UT Health,0.8,False,html,Dataset: CMS Inpatient Rehabilitation Facility - General Information
PROVIDENCE MEMORIAL HOSPITAL,PROVIDENCE MEMORIAL HOSPITAL,Providence,PROVIDENCE,IRF,EL PASO,TX,inferred_idn_relationship,Facility name contains 'PROVIDENCE ',CMS Inpatient Rehabilitation Facility - General Information,https://data.cms.gov/provider-data/dataset/7t8x-u3ir,2026-02-25,2026-04-19,Name match in CMS Inpatient Rehabilitation Facility - General Information: PROVIDENCE MEMORIAL HOSPITAL associated with Providence,0.8,False,html,Dataset: CMS Inpatient Rehabilitation Facility - General Information
VALLEY BAPTIST HEALTH SYSTEM REHAB UNIT,VALLEY BAPTIST HEALTH SYSTEM REHAB UNIT,Baptist Health,BAPTIST HEALTH,IRF,HARLINGEN,TX,inferred_idn_relationship,Facility name contains 'BAPTIST HEALTH',CMS Inpatient Rehabilitation Facility - General Information,https://data.cms.gov/provider-data/dataset/7t8x-u3ir,2026-02-25,2026-04-19,Name match in CMS Inpatient Rehabilitation Facility - General Information: VALLEY BAPTIST HEALTH SYSTEM REHAB UNIT associated with Baptist Health,0.8,False,html,Dataset: CMS Inpatient Rehabilitation Facility - General Information
BAPTIST HEALTH SYSTEM,BAPTIST HEALTH SYSTEM,Baptist Health,BAPTIST HEALTH,IRF,SAN ANTONIO,TX,inferred_idn_relationship,Facility name contains 'BAPTIST HEALTH',CMS Inpatient Rehabilitation Facility - General Information,https://data.cms.gov/provider-data/dataset/7t8x-u3ir,2026-02-25,2026-04-19,Name match in CMS Inpatient Rehabilitation Facility - General Information: BAPTIST HEALTH SYSTEM associated with Baptist Health,0.8,False,html,Dataset: CMS Inpatient Rehabilitation Facility - General Information
MEMORIAL HERMANN TEXAS MEDICAL CENTER REHAB UNIT,MEMORIAL HERMANN TEXAS MEDICAL CENTER REHAB UNIT,Memorial Hermann Health System,MEMORIAL HERMANN HEALTH SYSTEM,IRF,HOUSTON,TX,inferred_idn_relationship,Facility name contains 'MEMORIAL HERMANN',CMS Inpatient Rehabilitation Facility - General Information,https://data.cms.gov/provider-data/dataset/7t8x-u3ir,2026-02-25,2026-04-19,Name match in CMS Inpatient Rehabilitation Facility - General Information: MEMORIAL HERMANN TEXAS MEDICAL CENTER REHAB UNIT associated with Memorial Hermann Health System,0.8,False,html,Dataset: CMS Inpatient Rehabilitation Facility - General Information
MEMORIAL HERMANN HOSPITAL,MEMORIAL HERMANN HOSPITAL,Memorial Hermann Health System,MEMORIAL HERMANN HEALTH SYSTEM,IRF,HOUSTON,TX,inferred_idn_relationship,Facility name contains 'MEMORIAL HERMANN',CMS Inpatient Rehabilitation Facility - General Information,https://data.cms.gov/provider-data/dataset/7t8x-u3ir,2026-02-25,2026-04-19,Name match in CMS Inpatient Rehabilitation Facility - General Information: MEMORIAL HERMANN HOSPITAL associated with Memorial Hermann Health System,0.8,False,html,Dataset: CMS Inpatient Rehabilitation Facility - General Information
CHCA CONROE LP,CHCA CONROE LP,HCA Healthcare,HCA HEALTHCARE,IRF,CONROE,TX,health_system_owned,Facility name contains 'HCA ',CMS Inpatient Rehabilitation Facility - General Information,https://data.cms.gov/provider-data/dataset/7t8x-u3ir,2026-02-25,2026-04-19,Name match in CMS Inpatient Rehabilitation Facility - General Information: CHCA CONROE LP associated with HCA Healthcare,0.9,False,html,Dataset: CMS Inpatient Rehabilitation Facility - General Information
MEMORIAL HERMANN BAPTIST BEAUMONT,MEMORIAL HERMANN BAPTIST BEAUMONT,Memorial Hermann Health System,MEMORIAL HERMANN HEALTH SYSTEM,IRF,BEAUMONT,TX,inferred_idn_relationship,Facility name contains 'MEMORIAL HERMANN',CMS Inpatient Rehabilitation Facility - General Information,https://data.cms.gov/provider-data/dataset/7t8x-u3ir,2026-02-25,2026-04-19,Name match in CMS Inpatient Rehabilitation Facility - General Information: MEMORIAL HERMANN BAPTIST BEAUMONT associated with Memorial Hermann Health System,0.8,False,html,Dataset: CMS Inpatient Rehabilitation Facility - General Information
METHODIST HOSPITAL NORTHEAST,METHODIST HOSPITAL NORTHEAST,Methodist Health System,METHODIST HEALTH SYSTEM,IRF,LIVE OAK,TX,inferred_idn_relationship,Facility name contains 'METHODIST ',CMS Inpatient Rehabilitation Facility - General Information,https://data.cms.gov/provider-data/dataset/7t8x-u3ir,2026-02-25,2026-04-19,Name match in CMS Inpatient Rehabilitation Facility - General Information: METHODIST HOSPITAL NORTHEAST associated with Methodist Health System,0.8,False,html,Dataset: CMS Inpatient Rehabilitation Facility - General Information
KINDRED HOSPITAL HOUSTON MEDICAL CENTER,KINDRED HOSPITAL HOUSTON MEDICAL CENTER,Kindred Healthcare,KINDRED HEALTHCARE,IRF,HOUSTON,TX,inferred_idn_relationship,Facility name contains 'KINDRED ',CMS Inpatient Rehabilitation Facility - General Information,https://data.cms.gov/provider-data/dataset/7t8x-u3ir,2026-02-25,2026-04-19,Name match in CMS Inpatient Rehabilitation Facility - General Information: KINDRED HOSPITAL HOUSTON MEDICAL CENTER associated with Kindred Healthcare,0.8,False,html,Dataset: CMS Inpatient Rehabilitation Facility - General Information
KINDRED HOSPITAL HOUSTON NW,KINDRED HOSPITAL HOUSTON NW,Kindred Healthcare,KINDRED HEALTHCARE,IRF,HOUSTON,TX,inferred_idn_relationship,Facility name contains 'KINDRED ',CMS Inpatient Rehabilitation Facility - General Information,https://data.cms.gov/provider-data/dataset/7t8x-u3ir,2026-02-25,2026-04-19,Name match in CMS Inpatient Rehabilitation Facility - General Information: KINDRED HOSPITAL HOUSTON NW associated with Kindred Healthcare,0.8,False,html,Dataset: CMS Inpatient Rehabilitation Facility - General Information
KINDRED HOSPITAL SUGAR LAND,KINDRED HOSPITAL SUGAR LAND,Kindred Healthcare,KINDRED HEALTHCARE,IRF,SUGAR LAND,TX,inferred_idn_relationship,Facility name contains 'KINDRED ',CMS Inpatient Rehabilitation Facility - General Information,https://data.cms.gov/provider-data/dataset/7t8x-u3ir,2026-02-25,2026-04-19,Name match in CMS Inpatient Rehabilitation Facility - General Information: KINDRED HOSPITAL SUGAR LAND associated with Kindred Healthcare,0.8,False,html,Dataset: CMS Inpatient Rehabilitation Facility - General Information
KINDRED HOSPITAL DALLAS CENTRAL,KINDRED HOSPITAL DALLAS CENTRAL,Kindred Healthcare,KINDRED HEALTHCARE,IRF,DALLAS,TX,inferred_idn_relationship,Facility name contains 'KINDRED ',CMS Inpatient Rehabilitation Facility - General Information,https://data.cms.gov/provider-data/dataset/7t8x-u3ir,2026-02-25,2026-04-19,Name match in CMS Inpatient Rehabilitation Facility - General Information: KINDRED HOSPITAL DALLAS CENTRAL associated with Kindred Healthcare,0.8,False,html,Dataset: CMS Inpatient Rehabilitation Facility - General Information
ENCOMPASS HEALTH REHABILITATION HOSPITAL OF UTAH,ENCOMPASS HEALTH REHABILITATION HOSPITAL OF UTAH,Encompass Health,ENCOMPASS HEALTH,IRF,SANDY,UT,inferred_idn_relationship,Facility name contains 'ENCOMPASS HEALTH',CMS Inpatient Rehabilitation Facility - General Information,https://data.cms.gov/provider-data/dataset/7t8x-u3ir,2026-02-25,2026-04-19,Name match in CMS Inpatient Rehabilitation Facility - General Information: ENCOMPASS HEALTH REHABILITATION HOSPITAL OF UTAH associated with Encompass Health,0.8,False,html,Dataset: CMS Inpatient Rehabilitation Facility - General Information
ENCOMPASS HEALTH REHAB HOSPITAL OF RICHMOND,ENCOMPASS HEALTH REHAB HOSPITAL OF RICHMOND,Encompass Health,ENCOMPASS HEALTH,IRF,RICHMOND,VA,inferred_idn_relationship,Facility name contains 'ENCOMPASS HEALTH',CMS Inpatient Rehabilitation Facility - General Information,https://data.cms.gov/provider-data/dataset/7t8x-u3ir,2026-02-25,2026-04-19,Name match in CMS Inpatient Rehabilitation Facility - General Information: ENCOMPASS HEALTH REHAB HOSPITAL OF RICHMOND associated with Encompass Health,0.8,False,html,Dataset: CMS Inpatient Rehabilitation Facility - General Information
UVA ENCOMPASS HEALTH REHABILITATION HOSPITAL,UVA ENCOMPASS HEALTH REHABILITATION HOSPITAL,Encompass Health,ENCOMPASS HEALTH,IRF,CHARLOTTESVILLE,VA,inferred_idn_relationship,Facility name contains 'ENCOMPASS HEALTH',CMS Inpatient Rehabilitation Facility - General Information,https://data.cms.gov/provider-data/dataset/7t8x-u3ir,2026-02-25,2026-04-19,Name match in CMS Inpatient Rehabilitation Facility - General Information: UVA ENCOMPASS HEALTH REHABILITATION HOSPITAL associated with Encompass Health,0.8,False,html,Dataset: CMS Inpatient Rehabilitation Facility - General Information
ENCOMPASS HEALTH REHAB HOSPITAL OF PETERSBURG,ENCOMPASS HEALTH REHAB HOSPITAL OF PETERSBURG,Encompass Health,ENCOMPASS HEALTH,IRF,PETERSBURG,VA,inferred_idn_relationship,Facility name contains 'ENCOMPASS HEALTH',CMS Inpatient Rehabilitation Facility - General Information,https://data.cms.gov/provider-data/dataset/7t8x-u3ir,2026-02-25,2026-04-19,Name match in CMS Inpatient Rehabilitation Facility - General Information: ENCOMPASS HEALTH REHAB HOSPITAL OF PETERSBURG associated with Encompass Health,0.8,False,html,Dataset: CMS Inpatient Rehabilitation Facility - General Information
ENCOMPASS HEALTH REHAB HOSPITAL OF FREDERICKSBURG,ENCOMPASS HEALTH REHAB HOSPITAL OF FREDERICKSBURG,Encompass Health,ENCOMPASS HEALTH,IRF,FREDERICKSBURG,VA,inferred_idn_relationship,Facility name contains 'ENCOMPASS HEALTH',CMS Inpatient Rehabilitation Facility - General Information,https://data.cms.gov/provider-data/dataset/7t8x-u3ir,2026-02-25,2026-04-19,Name match in CMS Inpatient Rehabilitation Facility - General Information: ENCOMPASS HEALTH REHAB HOSPITAL OF FREDERICKSBURG associated with Encompass Health,0.8,False,html,Dataset: CMS Inpatient Rehabilitation Facility - General Information
ENCOMPASS HEALTH REHAB HOSPITAL OF NORTHERN VA,ENCOMPASS HEALTH REHAB HOSPITAL OF NORTHERN VA,Encompass Health,ENCOMPASS HEALTH,IRF,ALDIE,VA,inferred_idn_relationship,Facility name contains 'ENCOMPASS HEALTH',CMS Inpatient Rehabilitation Facility - General Information,https://data.cms.gov/provider-data/dataset/7t8x-u3ir,2026-02-25,2026-04-19,Name match in CMS Inpatient Rehabilitation Facility - General Information: ENCOMPASS HEALTH REHAB HOSPITAL OF NORTHERN VA associated with Encompass Health,0.8,False,html,Dataset: CMS Inpatient Rehabilitation Facility - General Information
SENTARA NORFOLK GENERAL HOSP,SENTARA NORFOLK GENERAL HOSP,Sentara Healthcare,SENTARA HEALTHCARE,IRF,NORFOLK,VA,inferred_idn_relationship,Facility name contains 'SENTARA',CMS Inpatient Rehabilitation Facility - General Information,https://data.cms.gov/provider-data/dataset/7t8x-u3ir,2026-02-25,2026-04-19,Name match in CMS Inpatient Rehabilitation Facility - General Information: SENTARA NORFOLK GENERAL HOSP associated with Sentara Healthcare,0.8,False,html,Dataset: CMS Inpatient Rehabilitation Facility - General Information
SENTARA VIRGINIA BEACH GENERAL,SENTARA VIRGINIA BEACH GENERAL,Sentara Healthcare,SENTARA HEALTHCARE,IRF,VIRGINIA BEACH,VA,inferred_idn_relationship,Facility name contains 'SENTARA',CMS Inpatient Rehabilitation Facility - General Information,https://data.cms.gov/provider-data/dataset/7t8x-u3ir,2026-02-25,2026-04-19,Name match in CMS Inpatient Rehabilitation Facility - General Information: SENTARA VIRGINIA BEACH GENERAL associated with Sentara Healthcare,0.8,False,html,Dataset: CMS Inpatient Rehabilitation Facility - General Information
SENTARA WILLIAMSBURG REGIONAL,SENTARA WILLIAMSBURG REGIONAL,Sentara Healthcare,SENTARA HEALTHCARE,IRF,WILLIAMSBURG,VA,inferred_idn_relationship,Facility name contains 'SENTARA',CMS Inpatient Rehabilitation Facility - General Information,https://data.cms.gov/provider-data/dataset/7t8x-u3ir,2026-02-25,2026-04-19,Name match in CMS Inpatient Rehabilitation Facility - General Information: SENTARA WILLIAMSBURG REGIONAL associated with Sentara Healthcare,0.8,False,html,Dataset: CMS Inpatient Rehabilitation Facility - General Information
PROVIDENCE ST LUKE'S REHABILITATION MEDICAL CENTER,PROVIDENCE ST LUKE'S REHABILITATION MEDICAL CENTER,Providence,PROVIDENCE,IRF,SPOKANE,WA,inferred_idn_relationship,Facility name contains 'PROVIDENCE ',CMS Inpatient Rehabilitation Facility - General Information,https://data.cms.gov/provider-data/dataset/7t8x-u3ir,2026-02-25,2026-04-19,Name match in CMS Inpatient Rehabilitation Facility - General Information: PROVIDENCE ST LUKE'S REHABILITATION MEDICAL CENTER associated with Providence,0.8,False,html,Dataset: CMS Inpatient Rehabilitation Facility - General Information
PROVIDENCE SWEDISH REHABILITATION HOSPITAL,PROVIDENCE SWEDISH REHABILITATION HOSPITAL,Providence,PROVIDENCE,IRF,LYNNWOOD,WA,inferred_idn_relationship,Facility name contains 'PROVIDENCE ',CMS Inpatient Rehabilitation Facility - General Information,https://data.cms.gov/provider-data/dataset/7t8x-u3ir,2026-02-25,2026-04-19,Name match in CMS Inpatient Rehabilitation Facility - General Information: PROVIDENCE SWEDISH REHABILITATION HOSPITAL associated with Providence,0.8,False,html,Dataset: CMS Inpatient Rehabilitation Facility - General Information
UNIVERSITY OF WASHINGTON MED CTR,UNIVERSITY OF WASHINGTON MED CTR,UW Medicine,UW MEDICINE,IRF,SEATTLE,WA,inferred_idn_relationship,Facility name contains 'UNIVERSITY OF WASHINGTON',CMS Inpatient Rehabilitation Facility - General Information,https://data.cms.gov/provider-data/dataset/7t8x-u3ir,2026-02-25,2026-04-19,Name match in CMS Inpatient Rehabilitation Facility - General Information: UNIVERSITY OF WASHINGTON MED CTR associated with UW Medicine,0.8,False,html,Dataset: CMS Inpatient Rehabilitation Facility - General Information
ENCOMPASS HEALTH REHAB HOSPITAL OF PRINCETON,ENCOMPASS HEALTH REHAB HOSPITAL OF PRINCETON,Encompass Health,ENCOMPASS HEALTH,IRF,PRINCETON,WV,inferred_idn_relationship,Facility name contains 'ENCOMPASS HEALTH',CMS Inpatient Rehabilitation Facility - General Information,https://data.cms.gov/provider-data/dataset/7t8x-u3ir,2026-02-25,2026-04-19,Name match in CMS Inpatient Rehabilitation Facility - General Information: ENCOMPASS HEALTH REHAB HOSPITAL OF PRINCETON associated with Encompass Health,0.8,False,html,Dataset: CMS Inpatient Rehabilitation Facility - General Information
ENCOMPASS HEALTH REHAB HOSPITAL OF PARKERSBURG,ENCOMPASS HEALTH REHAB HOSPITAL OF PARKERSBURG,Encompass Health,ENCOMPASS HEALTH,IRF,PARKERSBURG,WV,inferred_idn_relationship,Facility name contains 'ENCOMPASS HEALTH',CMS Inpatient Rehabilitation Facility - General Information,https://data.cms.gov/provider-data/dataset/7t8x-u3ir,2026-02-25,2026-04-19,Name match in CMS Inpatient Rehabilitation Facility - General Information: ENCOMPASS HEALTH REHAB HOSPITAL OF PARKERSBURG associated with Encompass Health,0.8,False,html,Dataset: CMS Inpatient Rehabilitation Facility - General Information
ENCOMPASS HEALTH REHAB HOSPITAL OF HUNTINGTON,ENCOMPASS HEALTH REHAB HOSPITAL OF HUNTINGTON,Encompass Health,ENCOMPASS HEALTH,IRF,HUNTINGTON,WV,inferred_idn_relationship,Facility name contains 'ENCOMPASS HEALTH',CMS Inpatient Rehabilitation Facility - General Information,https://data.cms.gov/provider-data/dataset/7t8x-u3ir,2026-02-25,2026-04-19,Name match in CMS Inpatient Rehabilitation Facility - General Information: ENCOMPASS HEALTH REHAB HOSPITAL OF HUNTINGTON associated with Encompass Health,0.8,False,html,Dataset: CMS Inpatient Rehabilitation Facility - General Information
ENCOMPASS HEALTH REHAB HOSPITAL OF MORGANTOWN,ENCOMPASS HEALTH REHAB HOSPITAL OF MORGANTOWN,Encompass Health,ENCOMPASS HEALTH,IRF,MORGANTOWN,WV,inferred_idn_relationship,Facility name contains 'ENCOMPASS HEALTH',CMS Inpatient Rehabilitation Facility - General Information,https://data.cms.gov/provider-data/dataset/7t8x-u3ir,2026-02-25,2026-04-19,Name match in CMS Inpatient Rehabilitation Facility - General Information: ENCOMPASS HEALTH REHAB HOSPITAL OF MORGANTOWN associated with Encompass Health,0.8,False,html,Dataset: CMS Inpatient Rehabilitation Facility - General Information
ASCENSION SACRED HEART REHABILITATION HOSPITAL,ASCENSION SACRED HEART REHABILITATION HOSPITAL,Ascension,ASCENSION,IRF,MEQUON,WI,inferred_idn_relationship,Facility name contains 'ASCENSION',CMS Inpatient Rehabilitation Facility - General Information,https://data.cms.gov/provider-data/dataset/7t8x-u3ir,2026-02-25,2026-04-19,Name match in CMS Inpatient Rehabilitation Facility - General Information: ASCENSION SACRED HEART REHABILITATION HOSPITAL associated with Ascension,0.8,False,html,Dataset: CMS Inpatient Rehabilitation Facility - General Information
ENCOMPASS HEALTH REHABILITATION HSPTL OF FITCHBURG,ENCOMPASS HEALTH REHABILITATION HSPTL OF FITCHBURG,Encompass Health,ENCOMPASS HEALTH,IRF,FITCHBURG,WI,inferred_idn_relationship,Facility name contains 'ENCOMPASS HEALTH',CMS Inpatient Rehabilitation Facility - General Information,https://data.cms.gov/provider-data/dataset/7t8x-u3ir,2026-02-25,2026-04-19,Name match in CMS Inpatient Rehabilitation Facility - General Information: ENCOMPASS HEALTH REHABILITATION HSPTL OF FITCHBURG associated with Encompass Health,0.8,False,html,Dataset: CMS Inpatient Rehabilitation Facility - General Information
ASCENSION- MERCY HOSPITAL,ASCENSION- MERCY HOSPITAL,Ascension,ASCENSION,IRF,OSHKOSH,WI,inferred_idn_relationship,Facility name contains 'ASCENSION',CMS Inpatient Rehabilitation Facility - General Information,https://data.cms.gov/provider-data/dataset/7t8x-u3ir,2026-02-25,2026-04-19,Name match in CMS Inpatient Rehabilitation Facility - General Information: ASCENSION- MERCY HOSPITAL associated with Ascension,0.8,False,html,Dataset: CMS Inpatient Rehabilitation Facility - General Information
FROEDTERT BLUEMOUND REHABILITATION HOSPITAL,FROEDTERT BLUEMOUND REHABILITATION HOSPITAL,Froedtert Health,FROEDTERT HEALTH,IRF,WAUWATOSA,WI,inferred_idn_relationship,Facility name contains 'FROEDTERT',CMS Inpatient Rehabilitation Facility - General Information,https://data.cms.gov/provider-data/dataset/7t8x-u3ir,2026-02-25,2026-04-19,Name match in CMS Inpatient Rehabilitation Facility - General Information: FROEDTERT BLUEMOUND REHABILITATION HOSPITAL associated with Froedtert Health,0.8,False,html,Dataset: CMS Inpatient Rehabilitation Facility - General Information
ENCOMPASS HEALTH REHABILITAITON HOSPITAL OF RICHAR,ENCOMPASS HEALTH REHABILITAITON HOSPITAL OF RICHAR,Encompass Health,ENCOMPASS HEALTH,IRF,RICHARDSON,TX,inferred_idn_relationship,Facility name contains 'ENCOMPASS HEALTH',CMS Inpatient Rehabilitation Facility - General Information,https://data.cms.gov/provider-data/dataset/7t8x-u3ir,2026-02-25,2026-04-19,Name match in CMS Inpatient Rehabilitation Facility - General Information: ENCOMPASS HEALTH REHABILITAITON HOSPITAL OF RICHAR associated with Encompass Health,0.8,False,html,Dataset: CMS Inpatient Rehabilitation Facility - General Information
ENCOMPASS HEALTH REHABILITATION HOSPITAL OF ROUND,ENCOMPASS HEALTH REHABILITATION HOSPITAL OF ROUND,Encompass Health,ENCOMPASS HEALTH,IRF,ROUND ROCK,TX,inferred_idn_relationship,Facility name contains 'ENCOMPASS HEALTH',CMS Inpatient Rehabilitation Facility - General Information,https://data.cms.gov/provider-data/dataset/7t8x-u3ir,2026-02-25,2026-04-19,Name match in CMS Inpatient Rehabilitation Facility - General Information: ENCOMPASS HEALTH REHABILITATION HOSPITAL OF ROUND associated with Encompass Health,0.8,False,html,Dataset: CMS Inpatient Rehabilitation Facility - General Information
ENCOMPASS HEALTH REHABILITATION HOSPITAL VISION PA,ENCOMPASS HEALTH REHABILITATION HOSPITAL VISION PA,Encompass Health,ENCOMPASS HEALTH,IRF,SHENANDOAH,TX,inferred_idn_relationship,Facility name contains 'ENCOMPASS HEALTH',CMS Inpatient Rehabilitation Facility - General Information,https://data.cms.gov/provider-data/dataset/7t8x-u3ir,2026-02-25,2026-04-19,Name match in CMS Inpatient Rehabilitation Facility - General Information: ENCOMPASS HEALTH REHABILITATION HOSPITAL VISION PA associated with Encompass Health,0.8,False,html,Dataset: CMS Inpatient Rehabilitation Facility - General Information
MEMORIAL HERMANN REHABILITATION HOSPITAL KATY,MEMORIAL HERMANN REHABILITATION HOSPITAL KATY,Memorial Hermann Health System,MEMORIAL HERMANN HEALTH SYSTEM,IRF,KATY,TX,inferred_idn_relationship,Facility name contains 'MEMORIAL HERMANN',CMS Inpatient Rehabilitation Facility - General Information,https://data.cms.gov/provider-data/dataset/7t8x-u3ir,2026-02-25,2026-04-19,Name match in CMS Inpatient Rehabilitation Facility - General Information: MEMORIAL HERMANN REHABILITATION HOSPITAL KATY associated with Memorial Hermann Health System,0.8,False,html,Dataset: CMS Inpatient Rehabilitation Facility - General Information
ENCOMPASS HEALTH REHABILITATION HOSPITAL OF SUGAR,ENCOMPASS HEALTH REHABILITATION HOSPITAL OF SUGAR,Encompass Health,ENCOMPASS HEALTH,IRF,SUGAR LAND,TX,inferred_idn_relationship,Facility name contains 'ENCOMPASS HEALTH',CMS Inpatient Rehabilitation Facility - General Information,https://data.cms.gov/provider-data/dataset/7t8x-u3ir,2026-02-25,2026-04-19,Name match in CMS Inpatient Rehabilitation Facility - General Information: ENCOMPASS HEALTH REHABILITATION HOSPITAL OF SUGAR associated with Encompass Health,0.8,False,html,Dataset: CMS Inpatient Rehabilitation Facility - General Information
ENCOMPASS HEALTH REHABILITATION HOSPITAL OF DALLAS,ENCOMPASS HEALTH REHABILITATION HOSPITAL OF DALLAS,Encompass Health,ENCOMPASS HEALTH,IRF,DALLAS,TX,inferred_idn_relationship,Facility name contains 'ENCOMPASS HEALTH',CMS Inpatient Rehabilitation Facility - General Information,https://data.cms.gov/provider-data/dataset/7t8x-u3ir,2026-02-25,2026-04-19,Name match in CMS Inpatient Rehabilitation Facility - General Information: ENCOMPASS HEALTH REHABILITATION HOSPITAL OF DALLAS associated with Encompass Health,0.8,False,html,Dataset: CMS Inpatient Rehabilitation Facility - General Information
ENCOMPASS HEALTH REHABILITATION HOSPITAL OF THE MI,ENCOMPASS HEALTH REHABILITATION HOSPITAL OF THE MI,Encompass Health,ENCOMPASS HEALTH,IRF,BEDFORD,TX,inferred_idn_relationship,Facility name contains 'ENCOMPASS HEALTH',CMS Inpatient Rehabilitation Facility - General Information,https://data.cms.gov/provider-data/dataset/7t8x-u3ir,2026-02-25,2026-04-19,Name match in CMS Inpatient Rehabilitation Facility - General Information: ENCOMPASS HEALTH REHABILITATION HOSPITAL OF THE MI associated with Encompass Health,0.8,False,html,Dataset: CMS Inpatient Rehabilitation Facility - General Information
ENCOMPASS HEALTH REHABILITATION HOSPITAL THE VINTA,ENCOMPASS HEALTH REHABILITATION HOSPITAL THE VINTA,Encompass Health,ENCOMPASS HEALTH,IRF,HOUSTON,TX,inferred_idn_relationship,Facility name contains 'ENCOMPASS HEALTH',CMS Inpatient Rehabilitation Facility - General Information,https://data.cms.gov/provider-data/dataset/7t8x-u3ir,2026-02-25,2026-04-19,Name match in CMS Inpatient Rehabilitation Facility - General Information: ENCOMPASS HEALTH REHABILITATION HOSPITAL THE VINTA associated with Encompass Health,0.8,False,html,Dataset: CMS Inpatient Rehabilitation Facility - General Information
ENCOMPASS HEALTH REHABILITATION HOSPITAL OF AUSTIN,ENCOMPASS HEALTH REHABILITATION HOSPITAL OF AUSTIN,Encompass Health,ENCOMPASS HEALTH,IRF,AUSTIN,TX,inferred_idn_relationship,Facility name contains 'ENCOMPASS HEALTH',CMS Inpatient Rehabilitation Facility - General Information,https://data.cms.gov/provider-data/dataset/7t8x-u3ir,2026-02-25,2026-04-19,Name match in CMS Inpatient Rehabilitation Facility - General Information: ENCOMPASS HEALTH REHABILITATION HOSPITAL OF AUSTIN associated with Encompass Health,0.8,False,html,Dataset: CMS Inpatient Rehabilitation Facility - General Information
ENCOMPASS HEALTH REHABILITATION HOSPITAL OF PEARLA,ENCOMPASS HEALTH REHABILITATION HOSPITAL OF PEARLA,Encompass Health,ENCOMPASS HEALTH,IRF,PEARLAND,TX,inferred_idn_relationship,Facility name contains 'ENCOMPASS HEALTH',CMS Inpatient Rehabilitation Facility - General Information,https://data.cms.gov/provider-data/dataset/7t8x-u3ir,2026-02-25,2026-04-19,Name match in CMS Inpatient Rehabilitation Facility - General Information: ENCOMPASS HEALTH REHABILITATION HOSPITAL OF PEARLA associated with Encompass Health,0.8,False,html,Dataset: CMS Inpatient Rehabilitation Facility - General Information
ENCOMPASS HEALTH REHABILITATION HOSPITAL OF KATY,ENCOMPASS HEALTH REHABILITATION HOSPITAL OF KATY,Encompass Health,ENCOMPASS HEALTH,IRF,KATY,TX,inferred_idn_relationship,Facility name contains 'ENCOMPASS HEALTH',CMS Inpatient Rehabilitation Facility - General Information,https://data.cms.gov/provider-data/dataset/7t8x-u3ir,2026-02-25,2026-04-19,Name match in CMS Inpatient Rehabilitation Facility - General Information: ENCOMPASS HEALTH REHABILITATION HOSPITAL OF KATY associated with Encompass Health,0.8,False,html,Dataset: CMS Inpatient Rehabilitation Facility - General Information
ENCOMPASS HEALTH REHABILITATION HOSPITAL OF WACO,ENCOMPASS HEALTH REHABILITATION HOSPITAL OF WACO,Encompass Health,ENCOMPASS HEALTH,IRF,ROBINSON,TX,inferred_idn_relationship,Facility name contains 'ENCOMPASS HEALTH',CMS Inpatient Rehabilitation Facility - General Information,https://data.cms.gov/provider-data/dataset/7t8x-u3ir,2026-02-25,2026-04-19,Name match in CMS Inpatient Rehabilitation Facility - General Information: ENCOMPASS HEALTH REHABILITATION HOSPITAL OF WACO associated with Encompass Health,0.8,False,html,Dataset: CMS Inpatient Rehabilitation Facility - General Information
ENCOMPASS HEALTH REHABILITATION HOSPITAL OF PROSPE,ENCOMPASS HEALTH REHABILITATION HOSPITAL OF PROSPE,Encompass Health,ENCOMPASS HEALTH,IRF,PROSPER,TX,inferred_idn_relationship,Facility name contains 'ENCOMPASS HEALTH',CMS Inpatient Rehabilitation Facility - General Information,https://data.cms.gov/provider-data/dataset/7t8x-u3ir,2026-02-25,2026-04-19,Name match in CMS Inpatient Rehabilitation Facility - General Information: ENCOMPASS HEALTH REHABILITATION HOSPITAL OF PROSPE associated with Encompass Health,0.8,False,html,Dataset: CMS Inpatient Rehabilitation Facility - General Information
METHODIST STONE OAK HOSPITAL,METHODIST STONE OAK HOSPITAL,Methodist Health System,METHODIST HEALTH SYSTEM,IRF,SAN ANTONIO,TX,inferred_idn_relationship,Facility name contains 'METHODIST ',CMS Inpatient Rehabilitation Facility - General Information,https://data.cms.gov/provider-data/dataset/7t8x-u3ir,2026-02-25,2026-04-19,Name match in CMS Inpatient Rehabilitation Facility - General Information: METHODIST STONE OAK HOSPITAL associated with Methodist Health System,0.8,False,html,Dataset: CMS Inpatient Rehabilitation Facility - General Information
ENCOMPASS HEALTH REHABILITATION HOSPITAL OF SHREVE,ENCOMPASS HEALTH REHABILITATION HOSPITAL OF SHREVE,Encompass Health,ENCOMPASS HEALTH,IRF,SHREVEPORT,LA,inferred_idn_relationship,Facility name contains 'ENCOMPASS HEALTH',CMS Inpatient Rehabilitation Facility - General Information,https://data.cms.gov/provider-data/dataset/7t8x-u3ir,2026-02-25,2026-04-19,Name match in CMS Inpatient Rehabilitation Facility - General Information: ENCOMPASS HEALTH REHABILITATION HOSPITAL OF SHREVE associated with Encompass Health,0.8,False,html,Dataset: CMS Inpatient Rehabilitation Facility - General Information
ENCOMPASS HEALTH REHABILITATION OF HOUSTON AT THE,ENCOMPASS HEALTH REHABILITATION OF HOUSTON AT THE,Encompass Health,ENCOMPASS HEALTH,IRF,HOUSTON,TX,inferred_idn_relationship,Facility name contains 'ENCOMPASS HEALTH',CMS Inpatient Rehabilitation Facility - General Information,https://data.cms.gov/provider-data/dataset/7t8x-u3ir,2026-02-25,2026-04-19,Name match in CMS Inpatient Rehabilitation Facility - General Information: ENCOMPASS HEALTH REHABILITATION OF HOUSTON AT THE associated with Encompass Health,0.8,False,html,Dataset: CMS Inpatient Rehabilitation Facility - General Information
BAPTIST HEALTH EXTENDED CARE HOSPITAL-LR INC,BAPTIST HEALTH EXTENDED CARE HOSPITAL-LR INC,Baptist Health,BAPTIST HEALTH,LTCH,LITTLE ROCK,AR,inferred_idn_relationship,Facility name contains 'BAPTIST HEALTH',CMS Long-Term Care Hospital - General Information,https://data.cms.gov/provider-data/dataset/azum-44iv,2026-02-25,2026-04-19,Name match in CMS Long-Term Care Hospital - General Information: BAPTIST HEALTH EXTENDED CARE HOSPITAL-LR INC associated with Baptist Health,0.8,False,html,Dataset: CMS Long-Term Care Hospital - General Information
KINDRED HOSPITAL - LOS ANGELES,KINDRED HOSPITAL - LOS ANGELES,Kindred Healthcare,KINDRED HEALTHCARE,LTCH,LOS ANGELES,CA,inferred_idn_relationship,Facility name contains 'KINDRED ',CMS Long-Term Care Hospital - General Information,https://data.cms.gov/provider-data/dataset/azum-44iv,2026-02-25,2026-04-19,Name match in CMS Long-Term Care Hospital - General Information: KINDRED HOSPITAL - LOS ANGELES associated with Kindred Healthcare,0.8,False,html,Dataset: CMS Long-Term Care Hospital - General Information
KINDRED HOSPITAL - SAN FRANCISCO BAY AREA,KINDRED HOSPITAL - SAN FRANCISCO BAY AREA,Kindred Healthcare,KINDRED HEALTHCARE,LTCH,SAN LEANDRO,CA,inferred_idn_relationship,Facility name contains 'KINDRED ',CMS Long-Term Care Hospital - General Information,https://data.cms.gov/provider-data/dataset/azum-44iv,2026-02-25,2026-04-19,Name match in CMS Long-Term Care Hospital - General Information: KINDRED HOSPITAL - SAN FRANCISCO BAY AREA associated with Kindred Healthcare,0.8,False,html,Dataset: CMS Long-Term Care Hospital - General Information
KINDRED HOSPITAL WESTMINSTER,KINDRED HOSPITAL WESTMINSTER,Kindred Healthcare,KINDRED HEALTHCARE,LTCH,WESTMINSTER,CA,inferred_idn_relationship,Facility name contains 'KINDRED ',CMS Long-Term Care Hospital - General Information,https://data.cms.gov/provider-data/dataset/azum-44iv,2026-02-25,2026-04-19,Name match in CMS Long-Term Care Hospital - General Information: KINDRED HOSPITAL WESTMINSTER associated with Kindred Healthcare,0.8,False,html,Dataset: CMS Long-Term Care Hospital - General Information
KINDRED HOSPITAL - SAN DIEGO,KINDRED HOSPITAL - SAN DIEGO,Kindred Healthcare,KINDRED HEALTHCARE,LTCH,SAN DIEGO,CA,inferred_idn_relationship,Facility name contains 'KINDRED ',CMS Long-Term Care Hospital - General Information,https://data.cms.gov/provider-data/dataset/azum-44iv,2026-02-25,2026-04-19,Name match in CMS Long-Term Care Hospital - General Information: KINDRED HOSPITAL - SAN DIEGO associated with Kindred Healthcare,0.8,False,html,Dataset: CMS Long-Term Care Hospital - General Information
KINDRED HOSPITAL ONTARIO,KINDRED HOSPITAL ONTARIO,Kindred Healthcare,KINDRED HEALTHCARE,LTCH,ONTARIO,CA,inferred_idn_relationship,Facility name contains 'KINDRED ',CMS Long-Term Care Hospital - General Information,https://data.cms.gov/provider-data/dataset/azum-44iv,2026-02-25,2026-04-19,Name match in CMS Long-Term Care Hospital - General Information: KINDRED HOSPITAL ONTARIO associated with Kindred Healthcare,0.8,False,html,Dataset: CMS Long-Term Care Hospital - General Information
KINDRED HOSPITAL -- LA MIRADA,KINDRED HOSPITAL -- LA MIRADA,Kindred Healthcare,KINDRED HEALTHCARE,LTCH,LA MIRADA,CA,inferred_idn_relationship,Facility name contains 'KINDRED ',CMS Long-Term Care Hospital - General Information,https://data.cms.gov/provider-data/dataset/azum-44iv,2026-02-25,2026-04-19,Name match in CMS Long-Term Care Hospital - General Information: KINDRED HOSPITAL -- LA MIRADA associated with Kindred Healthcare,0.8,False,html,Dataset: CMS Long-Term Care Hospital - General Information
KINDRED HOSPITAL BREA,KINDRED HOSPITAL BREA,Kindred Healthcare,KINDRED HEALTHCARE,LTCH,BREA,CA,inferred_idn_relationship,Facility name contains 'KINDRED ',CMS Long-Term Care Hospital - General Information,https://data.cms.gov/provider-data/dataset/azum-44iv,2026-02-25,2026-04-19,Name match in CMS Long-Term Care Hospital - General Information: KINDRED HOSPITAL BREA associated with Kindred Healthcare,0.8,False,html,Dataset: CMS Long-Term Care Hospital - General Information
KINDRED HOSPITAL BALDWIN PARK,KINDRED HOSPITAL BALDWIN PARK,Kindred Healthcare,KINDRED HEALTHCARE,LTCH,BALDWIN PARK,CA,inferred_idn_relationship,Facility name contains 'KINDRED ',CMS Long-Term Care Hospital - General Information,https://data.cms.gov/provider-data/dataset/azum-44iv,2026-02-25,2026-04-19,Name match in CMS Long-Term Care Hospital - General Information: KINDRED HOSPITAL BALDWIN PARK associated with Kindred Healthcare,0.8,False,html,Dataset: CMS Long-Term Care Hospital - General Information
KINDRED HOSPITAL RANCHO,KINDRED HOSPITAL RANCHO,Kindred Healthcare,KINDRED HEALTHCARE,LTCH,RANCHO CUCAMONGA,CA,inferred_idn_relationship,Facility name contains 'KINDRED ',CMS Long-Term Care Hospital - General Information,https://data.cms.gov/provider-data/dataset/azum-44iv,2026-02-25,2026-04-19,Name match in CMS Long-Term Care Hospital - General Information: KINDRED HOSPITAL RANCHO associated with Kindred Healthcare,0.8,False,html,Dataset: CMS Long-Term Care Hospital - General Information
KINDRED HOSPITAL SOUTH BAY,KINDRED HOSPITAL SOUTH BAY,Kindred Healthcare,KINDRED HEALTHCARE,LTCH,GARDENA,CA,inferred_idn_relationship,Facility name contains 'KINDRED ',CMS Long-Term Care Hospital - General Information,https://data.cms.gov/provider-data/dataset/azum-44iv,2026-02-25,2026-04-19,Name match in CMS Long-Term Care Hospital - General Information: KINDRED HOSPITAL SOUTH BAY associated with Kindred Healthcare,0.8,False,html,Dataset: CMS Long-Term Care Hospital - General Information
KINDRED HOSPITAL RIVERSIDE,KINDRED HOSPITAL RIVERSIDE,Kindred Healthcare,KINDRED HEALTHCARE,LTCH,PERRIS,CA,inferred_idn_relationship,Facility name contains 'KINDRED ',CMS Long-Term Care Hospital - General Information,https://data.cms.gov/provider-data/dataset/azum-44iv,2026-02-25,2026-04-19,Name match in CMS Long-Term Care Hospital - General Information: KINDRED HOSPITAL RIVERSIDE associated with Kindred Healthcare,0.8,False,html,Dataset: CMS Long-Term Care Hospital - General Information
KINDRED HOSPITAL AURORA,KINDRED HOSPITAL AURORA,Kindred Healthcare,KINDRED HEALTHCARE,LTCH,AURORA,CO,inferred_idn_relationship,Facility name contains 'KINDRED ',CMS Long-Term Care Hospital - General Information,https://data.cms.gov/provider-data/dataset/azum-44iv,2026-02-25,2026-04-19,Name match in CMS Long-Term Care Hospital - General Information: KINDRED HOSPITAL AURORA associated with Kindred Healthcare,0.8,False,html,Dataset: CMS Long-Term Care Hospital - General Information
KINDRED HOSPITAL-CENTRAL TAMPA,KINDRED HOSPITAL-CENTRAL TAMPA,Kindred Healthcare,KINDRED HEALTHCARE,LTCH,TAMPA,FL,inferred_idn_relationship,Facility name contains 'KINDRED ',CMS Long-Term Care Hospital - General Information,https://data.cms.gov/provider-data/dataset/azum-44iv,2026-02-25,2026-04-19,Name match in CMS Long-Term Care Hospital - General Information: KINDRED HOSPITAL-CENTRAL TAMPA associated with Kindred Healthcare,0.8,False,html,Dataset: CMS Long-Term Care Hospital - General Information
KINDRED HOSPITAL OCALA,KINDRED HOSPITAL OCALA,Kindred Healthcare,KINDRED HEALTHCARE,LTCH,OCALA,FL,inferred_idn_relationship,Facility name contains 'KINDRED ',CMS Long-Term Care Hospital - General Information,https://data.cms.gov/provider-data/dataset/azum-44iv,2026-02-25,2026-04-19,Name match in CMS Long-Term Care Hospital - General Information: KINDRED HOSPITAL OCALA associated with Kindred Healthcare,0.8,False,html,Dataset: CMS Long-Term Care Hospital - General Information
ADVENTHEALTH CONNERTON,ADVENTHEALTH CONNERTON,AdventHealth,ADVENTHEALTH,LTCH,LAND O LAKES,FL,inferred_idn_relationship,Facility name contains 'ADVENTHEALTH',CMS Long-Term Care Hospital - General Information,https://data.cms.gov/provider-data/dataset/azum-44iv,2026-02-25,2026-04-19,Name match in CMS Long-Term Care Hospital - General Information: ADVENTHEALTH CONNERTON associated with AdventHealth,0.8,False,html,Dataset: CMS Long-Term Care Hospital - General Information
WELLSTAR ROOSEVELT LONG TERM ACUTE CARE AT WARM SP,WELLSTAR ROOSEVELT LONG TERM ACUTE CARE AT WARM SP,Wellstar Health System,WELLSTAR HEALTH SYSTEM,LTCH,WARM SPRINGS,GA,inferred_idn_relationship,Facility name contains 'WELLSTAR',CMS Long-Term Care Hospital - General Information,https://data.cms.gov/provider-data/dataset/azum-44iv,2026-02-25,2026-04-19,Name match in CMS Long-Term Care Hospital - General Information: WELLSTAR ROOSEVELT LONG TERM ACUTE CARE AT WARM SP associated with Wellstar Health System,0.8,False,html,Dataset: CMS Long-Term Care Hospital - General Information
WELLSTAR WINDY HILL HOSPITAL,WELLSTAR WINDY HILL HOSPITAL,Wellstar Health System,WELLSTAR HEALTH SYSTEM,LTCH,MARIETTA,GA,inferred_idn_relationship,Facility name contains 'WELLSTAR',CMS Long-Term Care Hospital - General Information,https://data.cms.gov/provider-data/dataset/azum-44iv,2026-02-25,2026-04-19,Name match in CMS Long-Term Care Hospital - General Information: WELLSTAR WINDY HILL HOSPITAL associated with Wellstar Health System,0.8,False,html,Dataset: CMS Long-Term Care Hospital - General Information
KINDRED HOSPITAL - CHICAGO,KINDRED HOSPITAL - CHICAGO,Kindred Healthcare,KINDRED HEALTHCARE,LTCH,NORTHLAKE,IL,inferred_idn_relationship,Facility name contains 'KINDRED ',CMS Long-Term Care Hospital - General Information,https://data.cms.gov/provider-data/dataset/azum-44iv,2026-02-25,2026-04-19,Name match in CMS Long-Term Care Hospital - General Information: KINDRED HOSPITAL - CHICAGO associated with Kindred Healthcare,0.8,False,html,Dataset: CMS Long-Term Care Hospital - General Information
OSF HEALTHCARE DIVINE MERCY CONTINUING CARE HOSP,OSF HEALTHCARE DIVINE MERCY CONTINUING CARE HOSP,Mercy,MERCY,LTCH,PEORIA,IL,inferred_idn_relationship,Facility name contains 'MERCY ',CMS Long-Term Care Hospital - General Information,https://data.cms.gov/provider-data/dataset/azum-44iv,2026-02-25,2026-04-19,Name match in CMS Long-Term Care Hospital - General Information: OSF HEALTHCARE DIVINE MERCY CONTINUING CARE HOSP associated with Mercy,0.8,False,html,Dataset: CMS Long-Term Care Hospital - General Information
KINDRED HOSPITAL INDIANAPOLIS,KINDRED HOSPITAL INDIANAPOLIS,Kindred Healthcare,KINDRED HEALTHCARE,LTCH,INDIANAPOLIS,IN,inferred_idn_relationship,Facility name contains 'KINDRED ',CMS Long-Term Care Hospital - General Information,https://data.cms.gov/provider-data/dataset/azum-44iv,2026-02-25,2026-04-19,Name match in CMS Long-Term Care Hospital - General Information: KINDRED HOSPITAL INDIANAPOLIS associated with Kindred Healthcare,0.8,False,html,Dataset: CMS Long-Term Care Hospital - General Information
KINDRED HOSPITAL INDIANAPOLIS NORTH,KINDRED HOSPITAL INDIANAPOLIS NORTH,Kindred Healthcare,KINDRED HEALTHCARE,LTCH,INDIANAPOLIS,IN,inferred_idn_relationship,Facility name contains 'KINDRED ',CMS Long-Term Care Hospital - General Information,https://data.cms.gov/provider-data/dataset/azum-44iv,2026-02-25,2026-04-19,Name match in CMS Long-Term Care Hospital - General Information: KINDRED HOSPITAL INDIANAPOLIS NORTH associated with Kindred Healthcare,0.8,False,html,Dataset: CMS Long-Term Care Hospital - General Information
ASCENSION ST VINCENT SETON SPECIALTY HOSPITAL,ASCENSION ST VINCENT SETON SPECIALTY HOSPITAL,Ascension,ASCENSION,LTCH,INDIANAPOLIS,IN,inferred_idn_relationship,Facility name contains 'ASCENSION',CMS Long-Term Care Hospital - General Information,https://data.cms.gov/provider-data/dataset/azum-44iv,2026-02-25,2026-04-19,Name match in CMS Long-Term Care Hospital - General Information: ASCENSION ST VINCENT SETON SPECIALTY HOSPITAL associated with Ascension,0.8,False,html,Dataset: CMS Long-Term Care Hospital - General Information
KINDRED HOSPITAL LOUISVILLE,KINDRED HOSPITAL LOUISVILLE,Kindred Healthcare,KINDRED HEALTHCARE,LTCH,LOUISVILLE,KY,inferred_idn_relationship,Facility name contains 'KINDRED ',CMS Long-Term Care Hospital - General Information,https://data.cms.gov/provider-data/dataset/azum-44iv,2026-02-25,2026-04-19,Name match in CMS Long-Term Care Hospital - General Information: KINDRED HOSPITAL LOUISVILLE associated with Kindred Healthcare,0.8,False,html,Dataset: CMS Long-Term Care Hospital - General Information
CONTINUECARE HOSPITAL AT BAPTIST HEALTH CORBIN,CONTINUECARE HOSPITAL AT BAPTIST HEALTH CORBIN,Baptist Health,BAPTIST HEALTH,LTCH,CORBIN,KY,inferred_idn_relationship,Facility name contains 'BAPTIST HEALTH',CMS Long-Term Care Hospital - General Information,https://data.cms.gov/provider-data/dataset/azum-44iv,2026-02-25,2026-04-19,Name match in CMS Long-Term Care Hospital - General Information: CONTINUECARE HOSPITAL AT BAPTIST HEALTH CORBIN associated with Baptist Health,0.8,False,html,Dataset: CMS Long-Term Care Hospital - General Information
CONTINUECARE HOSPITAL AT BAPTIST HEALTH PADUCAH,CONTINUECARE HOSPITAL AT BAPTIST HEALTH PADUCAH,Baptist Health,BAPTIST HEALTH,LTCH,PADUCAH,KY,inferred_idn_relationship,Facility name contains 'BAPTIST HEALTH',CMS Long-Term Care Hospital - General Information,https://data.cms.gov/provider-data/dataset/azum-44iv,2026-02-25,2026-04-19,Name match in CMS Long-Term Care Hospital - General Information: CONTINUECARE HOSPITAL AT BAPTIST HEALTH PADUCAH associated with Baptist Health,0.8,False,html,Dataset: CMS Long-Term Care Hospital - General Information
OCHSNER EXTENDED CARE HOSPITAL,OCHSNER EXTENDED CARE HOSPITAL,Ochsner Health,OCHSNER HEALTH,LTCH,JEFFERSON,LA,inferred_idn_relationship,Facility name contains 'OCHSNER',CMS Long-Term Care Hospital - General Information,https://data.cms.gov/provider-data/dataset/azum-44iv,2026-02-25,2026-04-19,Name match in CMS Long-Term Care Hospital - General Information: OCHSNER EXTENDED CARE HOSPITAL associated with Ochsner Health,0.8,False,html,Dataset: CMS Long-Term Care Hospital - General Information
ASCENSION BORGESS PIPP HOSPITAL,ASCENSION BORGESS PIPP HOSPITAL,Ascension,ASCENSION,LTCH,PLAINWELL,MI,inferred_idn_relationship,Facility name contains 'ASCENSION',CMS Long-Term Care Hospital - General Information,https://data.cms.gov/provider-data/dataset/azum-44iv,2026-02-25,2026-04-19,Name match in CMS Long-Term Care Hospital - General Information: ASCENSION BORGESS PIPP HOSPITAL associated with Ascension,0.8,False,html,Dataset: CMS Long-Term Care Hospital - General Information
UNIVERSITY OF MICHIGAN HEALTH-SPARROW SPECIALTY HO,UNIVERSITY OF MICHIGAN HEALTH-SPARROW SPECIALTY HO,Michigan Medicine,MICHIGAN MEDICINE,LTCH,LANSING,MI,inferred_idn_relationship,Facility name contains 'UNIVERSITY OF MICHIGAN',CMS Long-Term Care Hospital - General Information,https://data.cms.gov/provider-data/dataset/azum-44iv,2026-02-25,2026-04-19,Name match in CMS Long-Term Care Hospital - General Information: UNIVERSITY OF MICHIGAN HEALTH-SPARROW SPECIALTY HO associated with Michigan Medicine,0.8,False,html,Dataset: CMS Long-Term Care Hospital - General Information
OCHSNER SPECIALTY HOSPITAL,OCHSNER SPECIALTY HOSPITAL,Ochsner Health,OCHSNER HEALTH,LTCH,MERIDIAN,MS,inferred_idn_relationship,Facility name contains 'OCHSNER',CMS Long-Term Care Hospital - General Information,https://data.cms.gov/provider-data/dataset/azum-44iv,2026-02-25,2026-04-19,Name match in CMS Long-Term Care Hospital - General Information: OCHSNER SPECIALTY HOSPITAL associated with Ochsner Health,0.8,False,html,Dataset: CMS Long-Term Care Hospital - General Information
KINDRED HOSPITAL ST LOUIS SOUTH,KINDRED HOSPITAL ST LOUIS SOUTH,Kindred Healthcare,KINDRED HEALTHCARE,LTCH,SAINT LOUIS,MO,inferred_idn_relationship,Facility name contains 'KINDRED ',CMS Long-Term Care Hospital - General Information,https://data.cms.gov/provider-data/dataset/azum-44iv,2026-02-25,2026-04-19,Name match in CMS Long-Term Care Hospital - General Information: KINDRED HOSPITAL ST LOUIS SOUTH associated with Kindred Healthcare,0.8,False,html,Dataset: CMS Long-Term Care Hospital - General Information
KINDRED HOSPITAL NORTHLAND,KINDRED HOSPITAL NORTHLAND,Kindred Healthcare,KINDRED HEALTHCARE,LTCH,KANSAS CITY,MO,inferred_idn_relationship,Facility name contains 'KINDRED ',CMS Long-Term Care Hospital - General Information,https://data.cms.gov/provider-data/dataset/azum-44iv,2026-02-25,2026-04-19,Name match in CMS Long-Term Care Hospital - General Information: KINDRED HOSPITAL NORTHLAND associated with Kindred Healthcare,0.8,False,html,Dataset: CMS Long-Term Care Hospital - General Information
KINDRED HOSPITAL - LAS VEGAS (SAHARA CAMPUS),KINDRED HOSPITAL - LAS VEGAS (SAHARA CAMPUS),Kindred Healthcare,KINDRED HEALTHCARE,LTCH,LAS VEGAS,NV,inferred_idn_relationship,Facility name contains 'KINDRED ',CMS Long-Term Care Hospital - General Information,https://data.cms.gov/provider-data/dataset/azum-44iv,2026-02-25,2026-04-19,Name match in CMS Long-Term Care Hospital - General Information: KINDRED HOSPITAL - LAS VEGAS (SAHARA CAMPUS) associated with Kindred Healthcare,0.8,False,html,Dataset: CMS Long-Term Care Hospital - General Information
KINDRED HOSPITAL NEW JERSEY - MORRIS COUNTY,KINDRED HOSPITAL NEW JERSEY - MORRIS COUNTY,Kindred Healthcare,KINDRED HEALTHCARE,LTCH,DOVER,NJ,inferred_idn_relationship,Facility name contains 'KINDRED ',CMS Long-Term Care Hospital - General Information,https://data.cms.gov/provider-data/dataset/azum-44iv,2026-02-25,2026-04-19,Name match in CMS Long-Term Care Hospital - General Information: KINDRED HOSPITAL NEW JERSEY - MORRIS COUNTY associated with Kindred Healthcare,0.8,False,html,Dataset: CMS Long-Term Care Hospital - General Information
HACKENSACK MERIDIAN LTACH,HACKENSACK MERIDIAN LTACH,Hackensack Meridian Health,HACKENSACK MERIDIAN HEALTH,LTCH,PERTH AMBOY,NJ,inferred_idn_relationship,Facility name contains 'HACKENSACK MERIDIAN',CMS Long-Term Care Hospital - General Information,https://data.cms.gov/provider-data/dataset/azum-44iv,2026-02-25,2026-04-19,Name match in CMS Long-Term Care Hospital - General Information: HACKENSACK MERIDIAN LTACH associated with Hackensack Meridian Health,0.8,False,html,Dataset: CMS Long-Term Care Hospital - General Information
KINDRED HOSPITAL ALBUQUERQUE,KINDRED HOSPITAL ALBUQUERQUE,Kindred Healthcare,KINDRED HEALTHCARE,LTCH,ALBUQUERQUE,NM,inferred_idn_relationship,Facility name contains 'KINDRED ',CMS Long-Term Care Hospital - General Information,https://data.cms.gov/provider-data/dataset/azum-44iv,2026-02-25,2026-04-19,Name match in CMS Long-Term Care Hospital - General Information: KINDRED HOSPITAL ALBUQUERQUE associated with Kindred Healthcare,0.8,False,html,Dataset: CMS Long-Term Care Hospital - General Information
KINDRED HOSPITAL GREENSBORO,KINDRED HOSPITAL GREENSBORO,Kindred Healthcare,KINDRED HEALTHCARE,LTCH,GREENSBORO,NC,inferred_idn_relationship,Facility name contains 'KINDRED ',CMS Long-Term Care Hospital - General Information,https://data.cms.gov/provider-data/dataset/azum-44iv,2026-02-25,2026-04-19,Name match in CMS Long-Term Care Hospital - General Information: KINDRED HOSPITAL GREENSBORO associated with Kindred Healthcare,0.8,False,html,Dataset: CMS Long-Term Care Hospital - General Information
KINDRED HOSPITAL LIMA,KINDRED HOSPITAL LIMA,Kindred Healthcare,KINDRED HEALTHCARE,LTCH,LIMA,OH,inferred_idn_relationship,Facility name contains 'KINDRED ',CMS Long-Term Care Hospital - General Information,https://data.cms.gov/provider-data/dataset/azum-44iv,2026-02-25,2026-04-19,Name match in CMS Long-Term Care Hospital - General Information: KINDRED HOSPITAL LIMA associated with Kindred Healthcare,0.8,False,html,Dataset: CMS Long-Term Care Hospital - General Information
KINDRED HOSPITALS-DAYTON,KINDRED HOSPITALS-DAYTON,Kindred Healthcare,KINDRED HEALTHCARE,LTCH,DAYTON,OH,inferred_idn_relationship,Facility name contains 'KINDRED ',CMS Long-Term Care Hospital - General Information,https://data.cms.gov/provider-data/dataset/azum-44iv,2026-02-25,2026-04-19,Name match in CMS Long-Term Care Hospital - General Information: KINDRED HOSPITALS-DAYTON associated with Kindred Healthcare,0.8,False,html,Dataset: CMS Long-Term Care Hospital - General Information
SELECT SPECIALTY HOSPITAL - PITTSBURGH/UPMC,SELECT SPECIALTY HOSPITAL - PITTSBURGH/UPMC,UPMC,UPMC,LTCH,PITTSBURGH,PA,inferred_idn_relationship,Facility name contains 'UPMC',CMS Long-Term Care Hospital - General Information,https://data.cms.gov/provider-data/dataset/azum-44iv,2026-02-25,2026-04-19,Name match in CMS Long-Term Care Hospital - General Information: SELECT SPECIALTY HOSPITAL - PITTSBURGH/UPMC associated with UPMC,0.8,False,html,Dataset: CMS Long-Term Care Hospital - General Information
PRISMA HEALTH LTACH-BAPTIST,PRISMA HEALTH LTACH-BAPTIST,Prisma Health,PRISMA HEALTH,LTCH,COLUMBIA,SC,inferred_idn_relationship,Facility name contains 'PRISMA HEALTH',CMS Long-Term Care Hospital - General Information,https://data.cms.gov/provider-data/dataset/azum-44iv,2026-02-25,2026-04-19,Name match in CMS Long-Term Care Hospital - General Information: PRISMA HEALTH LTACH-BAPTIST associated with Prisma Health,0.8,False,html,Dataset: CMS Long-Term Care Hospital - General Information
PRISMA HEALTH NORTH GREENVILLE LTACH,PRISMA HEALTH NORTH GREENVILLE LTACH,Prisma Health,PRISMA HEALTH,LTCH,TRAVELERS REST,SC,inferred_idn_relationship,Facility name contains 'PRISMA HEALTH',CMS Long-Term Care Hospital - General Information,https://data.cms.gov/provider-data/dataset/azum-44iv,2026-02-25,2026-04-19,Name match in CMS Long-Term Care Hospital - General Information: PRISMA HEALTH NORTH GREENVILLE LTACH associated with Prisma Health,0.8,False,html,Dataset: CMS Long-Term Care Hospital - General Information
KINDRED HOSPITAL - CHATTANOOGA,KINDRED HOSPITAL - CHATTANOOGA,Kindred Healthcare,KINDRED HEALTHCARE,LTCH,CHATTANOOGA,TN,inferred_idn_relationship,Facility name contains 'KINDRED ',CMS Long-Term Care Hospital - General Information,https://data.cms.gov/provider-data/dataset/azum-44iv,2026-02-25,2026-04-19,Name match in CMS Long-Term Care Hospital - General Information: KINDRED HOSPITAL - CHATTANOOGA associated with Kindred Healthcare,0.8,False,html,Dataset: CMS Long-Term Care Hospital - General Information
KINDRED HOSPITAL SAN ANTONIO,KINDRED HOSPITAL SAN ANTONIO,Kindred Healthcare,KINDRED HEALTHCARE,LTCH,SAN ANTONIO,TX,inferred_idn_relationship,Facility name contains 'KINDRED ',CMS Long-Term Care Hospital - General Information,https://data.cms.gov/provider-data/dataset/azum-44iv,2026-02-25,2026-04-19,Name match in CMS Long-Term Care Hospital - General Information: KINDRED HOSPITAL SAN ANTONIO associated with Kindred Healthcare,0.8,False,html,Dataset: CMS Long-Term Care Hospital - General Information
KINDRED HOSPITAL-TARRANT COUNTY,KINDRED HOSPITAL-TARRANT COUNTY,Kindred Healthcare,KINDRED HEALTHCARE,LTCH,ARLINGTON,TX,inferred_idn_relationship,Facility name contains 'KINDRED ',CMS Long-Term Care Hospital - General Information,https://data.cms.gov/provider-data/dataset/azum-44iv,2026-02-25,2026-04-19,Name match in CMS Long-Term Care Hospital - General Information: KINDRED HOSPITAL-TARRANT COUNTY associated with Kindred Healthcare,0.8,False,html,Dataset: CMS Long-Term Care Hospital - General Information
KINDRED HOSPITAL- SAN ANTONIO CENTRAL,KINDRED HOSPITAL- SAN ANTONIO CENTRAL,Kindred Healthcare,KINDRED HEALTHCARE,LTCH,SAN ANTONIO,TX,inferred_idn_relationship,Facility name contains 'KINDRED ',CMS Long-Term Care Hospital - General Information,https://data.cms.gov/provider-data/dataset/azum-44iv,2026-02-25,2026-04-19,Name match in CMS Long-Term Care Hospital - General Information: KINDRED HOSPITAL- SAN ANTONIO CENTRAL associated with Kindred Healthcare,0.8,False,html,Dataset: CMS Long-Term Care Hospital - General Information
KINDRED HOSPITAL CLEAR LAKE,KINDRED HOSPITAL CLEAR LAKE,Kindred Healthcare,KINDRED HEALTHCARE,LTCH,WEBSTER,TX,inferred_idn_relationship,Facility name contains 'KINDRED ',CMS Long-Term Care Hospital - General Information,https://data.cms.gov/provider-data/dataset/azum-44iv,2026-02-25,2026-04-19,Name match in CMS Long-Term Care Hospital - General Information: KINDRED HOSPITAL CLEAR LAKE associated with Kindred Healthcare,0.8,False,html,Dataset: CMS Long-Term Care Hospital - General Information
KINDRED HOSPTIAL EL PASO,KINDRED HOSPTIAL EL PASO,Kindred Healthcare,KINDRED HEALTHCARE,LTCH,EL PASO,TX,inferred_idn_relationship,Facility name contains 'KINDRED ',CMS Long-Term Care Hospital - General Information,https://data.cms.gov/provider-data/dataset/azum-44iv,2026-02-25,2026-04-19,Name match in CMS Long-Term Care Hospital - General Information: KINDRED HOSPTIAL EL PASO associated with Kindred Healthcare,0.8,False,html,Dataset: CMS Long-Term Care Hospital - General Information
BAYLOR SCOTT & WHITE CONTINUING CARE HOSPITAL,BAYLOR SCOTT & WHITE CONTINUING CARE HOSPITAL,Baylor Scott & White Health,BAYLOR SCOTT & WHITE HEALTH,LTCH,TEMPLE,TX,inferred_idn_relationship,Facility name contains 'BAYLOR SCOTT & WHITE',CMS Long-Term Care Hospital - General Information,https://data.cms.gov/provider-data/dataset/azum-44iv,2026-02-25,2026-04-19,Name match in CMS Long-Term Care Hospital - General Information: BAYLOR SCOTT & WHITE CONTINUING CARE HOSPITAL associated with Baylor Scott & White Health,0.8,False,html,Dataset: CMS Long-Term Care Hospital - General Information
HOUSTON METHODIST CONTINUING CARE HOSPITAL,HOUSTON METHODIST CONTINUING CARE HOSPITAL,Methodist Health System,METHODIST HEALTH SYSTEM,LTCH,KATY,TX,inferred_idn_relationship,Facility name contains 'METHODIST ',CMS Long-Term Care Hospital - General Information,https://data.cms.gov/provider-data/dataset/azum-44iv,2026-02-25,2026-04-19,Name match in CMS Long-Term Care Hospital - General Information: HOUSTON METHODIST CONTINUING CARE HOSPITAL associated with Methodist Health System,0.8,False,html,Dataset: CMS Long-Term Care Hospital - General Information
KINDRED HOSPITAL-SEATTLE,KINDRED HOSPITAL-SEATTLE,Kindred Healthcare,KINDRED HEALTHCARE,LTCH,SEATTLE,WA,inferred_idn_relationship,Facility name contains 'KINDRED ',CMS Long-Term Care Hospital - General Information,https://data.cms.gov/provider-data/dataset/azum-44iv,2026-02-25,2026-04-19,Name match in CMS Long-Term Care Hospital - General Information: KINDRED HOSPITAL-SEATTLE associated with Kindred Healthcare,0.8,False,html,Dataset: CMS Long-Term Care Hospital - General Information
